ISO-10303-21;
HEADER;
/* Generated by software containing ST-Developer
 * from STEP Tools, Inc. (www.steptools.com) 
 */

FILE_DESCRIPTION(
/* description */ (''),
/* implementation_level */ '2;1');

FILE_NAME(
/* name */ 
'C:/Users/Walletburner/Desktop/Campsite For Bill/Half-Plate with Split
 Spacebar.step',
/* time_stamp */ '2021-06-21T16:23:47-05:00',
/* author */ (''),
/* organization */ (''),
/* preprocessor_version */ 'ST-DEVELOPER v18.1',
/* originating_system */ 'Autodesk Translation Framework v10.9.0.1377',

/* authorisation */ '');

FILE_SCHEMA (('AUTOMOTIVE_DESIGN { 1 0 10303 214 3 1 1 }'));
ENDSEC;

DATA;
#10=MECHANICAL_DESIGN_GEOMETRIC_PRESENTATION_REPRESENTATION('',(#13),#7055);
#11=SHAPE_REPRESENTATION_RELATIONSHIP('SRR','None',#7062,#12);
#12=ADVANCED_BREP_SHAPE_REPRESENTATION('',(#14),#7054);
#13=STYLED_ITEM('',(#7072),#14);
#14=MANIFOLD_SOLID_BREP('Body1',#4195);
#15=FACE_BOUND('',#603,.T.);
#16=FACE_BOUND('',#604,.T.);
#17=FACE_BOUND('',#605,.T.);
#18=FACE_BOUND('',#606,.T.);
#19=FACE_BOUND('',#607,.T.);
#20=FACE_BOUND('',#608,.T.);
#21=FACE_BOUND('',#609,.T.);
#22=FACE_BOUND('',#610,.T.);
#23=FACE_BOUND('',#611,.T.);
#24=FACE_BOUND('',#612,.T.);
#25=FACE_BOUND('',#613,.T.);
#26=FACE_BOUND('',#614,.T.);
#27=FACE_BOUND('',#615,.T.);
#28=FACE_BOUND('',#616,.T.);
#29=FACE_BOUND('',#617,.T.);
#30=FACE_BOUND('',#618,.T.);
#31=FACE_BOUND('',#619,.T.);
#32=FACE_BOUND('',#620,.T.);
#33=FACE_BOUND('',#621,.T.);
#34=FACE_BOUND('',#622,.T.);
#35=FACE_BOUND('',#624,.T.);
#36=FACE_BOUND('',#625,.T.);
#37=FACE_BOUND('',#626,.T.);
#38=FACE_BOUND('',#627,.T.);
#39=FACE_BOUND('',#628,.T.);
#40=FACE_BOUND('',#629,.T.);
#41=FACE_BOUND('',#630,.T.);
#42=FACE_BOUND('',#631,.T.);
#43=FACE_BOUND('',#632,.T.);
#44=FACE_BOUND('',#633,.T.);
#45=FACE_BOUND('',#634,.T.);
#46=FACE_BOUND('',#635,.T.);
#47=FACE_BOUND('',#636,.T.);
#48=FACE_BOUND('',#637,.T.);
#49=FACE_BOUND('',#638,.T.);
#50=FACE_BOUND('',#639,.T.);
#51=FACE_BOUND('',#640,.T.);
#52=FACE_BOUND('',#641,.T.);
#53=FACE_BOUND('',#642,.T.);
#54=FACE_BOUND('',#643,.T.);
#55=CIRCLE('',#4213,1.99999999999995);
#56=CIRCLE('',#4214,1.99999999999995);
#57=CIRCLE('',#4217,1.99999999999997);
#58=CIRCLE('',#4218,1.99999999999997);
#59=CIRCLE('',#4223,1.99999999999999);
#60=CIRCLE('',#4224,1.99999999999999);
#61=CIRCLE('',#4227,0.499999999999972);
#62=CIRCLE('',#4228,0.499999999999972);
#63=CIRCLE('',#4231,0.499999999999989);
#64=CIRCLE('',#4232,0.499999999999989);
#65=CIRCLE('',#4235,1.99999999999999);
#66=CIRCLE('',#4236,1.99999999999999);
#67=CIRCLE('',#4241,1.99999999999996);
#68=CIRCLE('',#4242,1.99999999999996);
#69=CIRCLE('',#4245,1.99999999999996);
#70=CIRCLE('',#4246,1.99999999999996);
#71=CIRCLE('',#4251,1.99999999999999);
#72=CIRCLE('',#4252,1.99999999999999);
#73=CIRCLE('',#4255,0.499999999999985);
#74=CIRCLE('',#4256,0.499999999999985);
#75=CIRCLE('',#4259,0.500000000000025);
#76=CIRCLE('',#4260,0.500000000000025);
#77=CIRCLE('',#4263,2.);
#78=CIRCLE('',#4264,2.);
#79=CIRCLE('',#4266,0.499999999999998);
#80=CIRCLE('',#4267,0.499999999999998);
#81=CIRCLE('',#4270,0.500000000000007);
#82=CIRCLE('',#4271,0.500000000000007);
#83=CIRCLE('',#4273,0.499999999999998);
#84=CIRCLE('',#4274,0.499999999999998);
#85=CIRCLE('',#4277,0.500000000000007);
#86=CIRCLE('',#4278,0.500000000000007);
#87=CIRCLE('',#4280,0.499999999999998);
#88=CIRCLE('',#4281,0.499999999999998);
#89=CIRCLE('',#4284,0.500000000000007);
#90=CIRCLE('',#4285,0.500000000000007);
#91=CIRCLE('',#4287,0.499999999999998);
#92=CIRCLE('',#4288,0.499999999999998);
#93=CIRCLE('',#4291,0.499999999999989);
#94=CIRCLE('',#4292,0.499999999999989);
#95=CIRCLE('',#4303,0.500000000000025);
#96=CIRCLE('',#4304,0.500000000000007);
#97=CIRCLE('',#4305,0.500000000000025);
#98=CIRCLE('',#4306,0.500000000000007);
#99=CIRCLE('',#4307,0.499999999999989);
#100=CIRCLE('',#4308,0.500000000000025);
#101=CIRCLE('',#4309,0.500000000000007);
#102=CIRCLE('',#4310,0.500000000000025);
#103=CIRCLE('',#4311,0.499999999999998);
#104=CIRCLE('',#4312,0.500000000000007);
#105=CIRCLE('',#4313,0.499999999999998);
#106=CIRCLE('',#4314,0.500000000000007);
#107=CIRCLE('',#4315,0.499999999999998);
#108=CIRCLE('',#4316,0.499999999999998);
#109=CIRCLE('',#4317,0.499999999999998);
#110=CIRCLE('',#4318,0.499999999999998);
#111=CIRCLE('',#4319,0.499999999999998);
#112=CIRCLE('',#4320,0.500000000000007);
#113=CIRCLE('',#4321,0.499999999999998);
#114=CIRCLE('',#4322,0.500000000000007);
#115=CIRCLE('',#4323,0.499999999999998);
#116=CIRCLE('',#4324,0.499999999999998);
#117=CIRCLE('',#4325,0.499999999999998);
#118=CIRCLE('',#4326,0.499999999999998);
#119=CIRCLE('',#4327,0.499999999999998);
#120=CIRCLE('',#4328,0.499999999999972);
#121=CIRCLE('',#4329,0.499999999999998);
#122=CIRCLE('',#4330,0.500000000000007);
#123=CIRCLE('',#4331,0.499999999999998);
#124=CIRCLE('',#4332,0.500000000000007);
#125=CIRCLE('',#4333,0.499999999999998);
#126=CIRCLE('',#4334,0.500000000000007);
#127=CIRCLE('',#4335,0.499999999999998);
#128=CIRCLE('',#4336,0.5);
#129=CIRCLE('',#4337,0.499999999999998);
#130=CIRCLE('',#4338,0.499999999999998);
#131=CIRCLE('',#4339,0.499999999999998);
#132=CIRCLE('',#4340,0.500000000000007);
#133=CIRCLE('',#4341,0.499999999999998);
#134=CIRCLE('',#4342,0.500000000000007);
#135=CIRCLE('',#4343,0.499999999999998);
#136=CIRCLE('',#4344,0.5);
#137=CIRCLE('',#4345,0.499999999999998);
#138=CIRCLE('',#4346,0.5);
#139=CIRCLE('',#4347,0.5);
#140=CIRCLE('',#4348,0.500000000000007);
#141=CIRCLE('',#4349,0.5);
#142=CIRCLE('',#4350,0.500000000000007);
#143=CIRCLE('',#4351,0.499999999999998);
#144=CIRCLE('',#4352,0.499999999999998);
#145=CIRCLE('',#4353,0.500000000000007);
#146=CIRCLE('',#4354,0.500000000000007);
#147=CIRCLE('',#4355,0.5);
#148=CIRCLE('',#4356,0.499999999999998);
#149=CIRCLE('',#4357,0.499999999999998);
#150=CIRCLE('',#4358,0.499999999999998);
#151=CIRCLE('',#4359,0.5);
#152=CIRCLE('',#4360,0.5);
#153=CIRCLE('',#4361,0.5);
#154=CIRCLE('',#4362,0.5);
#155=CIRCLE('',#4363,0.499999999999998);
#156=CIRCLE('',#4364,0.500000000000007);
#157=CIRCLE('',#4365,0.499999999999998);
#158=CIRCLE('',#4366,0.500000000000007);
#159=CIRCLE('',#4367,0.499999999999998);
#160=CIRCLE('',#4368,0.500000000000007);
#161=CIRCLE('',#4369,0.499999999999998);
#162=CIRCLE('',#4370,0.500000000000007);
#163=CIRCLE('',#4371,0.499999999999972);
#164=CIRCLE('',#4372,0.499999999999998);
#165=CIRCLE('',#4373,0.499999999999972);
#166=CIRCLE('',#4374,0.499999999999976);
#167=CIRCLE('',#4375,0.499999999999994);
#168=CIRCLE('',#4376,0.500000000000016);
#169=CIRCLE('',#4377,0.500000000000003);
#170=CIRCLE('',#4378,0.500000000000016);
#171=CIRCLE('',#4380,0.500000000000025);
#172=CIRCLE('',#4381,0.500000000000007);
#173=CIRCLE('',#4382,0.500000000000007);
#174=CIRCLE('',#4383,0.500000000000025);
#175=CIRCLE('',#4384,0.500000000000007);
#176=CIRCLE('',#4385,0.500000000000025);
#177=CIRCLE('',#4386,0.500000000000025);
#178=CIRCLE('',#4387,0.499999999999989);
#179=CIRCLE('',#4388,0.499999999999998);
#180=CIRCLE('',#4389,0.499999999999998);
#181=CIRCLE('',#4390,0.499999999999998);
#182=CIRCLE('',#4391,0.5);
#183=CIRCLE('',#4392,0.500000000000007);
#184=CIRCLE('',#4393,0.500000000000007);
#185=CIRCLE('',#4394,0.499999999999998);
#186=CIRCLE('',#4395,0.499999999999998);
#187=CIRCLE('',#4396,0.500000000000007);
#188=CIRCLE('',#4397,0.499999999999998);
#189=CIRCLE('',#4398,0.500000000000007);
#190=CIRCLE('',#4399,0.499999999999998);
#191=CIRCLE('',#4400,0.499999999999998);
#192=CIRCLE('',#4401,0.499999999999998);
#193=CIRCLE('',#4402,0.499999999999998);
#194=CIRCLE('',#4403,0.499999999999998);
#195=CIRCLE('',#4404,0.500000000000007);
#196=CIRCLE('',#4405,0.499999999999998);
#197=CIRCLE('',#4406,0.500000000000007);
#198=CIRCLE('',#4407,0.499999999999998);
#199=CIRCLE('',#4408,0.499999999999998);
#200=CIRCLE('',#4409,0.499999999999998);
#201=CIRCLE('',#4410,0.499999999999998);
#202=CIRCLE('',#4411,0.499999999999998);
#203=CIRCLE('',#4412,0.500000000000007);
#204=CIRCLE('',#4413,0.499999999999998);
#205=CIRCLE('',#4414,0.499999999999972);
#206=CIRCLE('',#4415,0.499999999999998);
#207=CIRCLE('',#4416,0.500000000000007);
#208=CIRCLE('',#4417,0.499999999999998);
#209=CIRCLE('',#4418,0.500000000000007);
#210=CIRCLE('',#4419,0.499999999999998);
#211=CIRCLE('',#4420,0.499999999999998);
#212=CIRCLE('',#4421,0.499999999999998);
#213=CIRCLE('',#4422,0.5);
#214=CIRCLE('',#4423,0.499999999999998);
#215=CIRCLE('',#4424,0.499999999999998);
#216=CIRCLE('',#4425,0.500000000000007);
#217=CIRCLE('',#4426,0.499999999999998);
#218=CIRCLE('',#4427,0.500000000000007);
#219=CIRCLE('',#4428,0.5);
#220=CIRCLE('',#4429,0.499999999999998);
#221=CIRCLE('',#4430,0.5);
#222=CIRCLE('',#4431,0.499999999999998);
#223=CIRCLE('',#4432,0.500000000000007);
#224=CIRCLE('',#4433,0.5);
#225=CIRCLE('',#4434,0.500000000000007);
#226=CIRCLE('',#4435,0.5);
#227=CIRCLE('',#4436,0.5);
#228=CIRCLE('',#4437,0.5);
#229=CIRCLE('',#4438,0.5);
#230=CIRCLE('',#4439,0.5);
#231=CIRCLE('',#4440,0.500000000000007);
#232=CIRCLE('',#4441,0.499999999999998);
#233=CIRCLE('',#4442,0.500000000000007);
#234=CIRCLE('',#4443,0.499999999999998);
#235=CIRCLE('',#4444,0.500000000000007);
#236=CIRCLE('',#4445,0.499999999999998);
#237=CIRCLE('',#4446,0.500000000000007);
#238=CIRCLE('',#4447,0.499999999999998);
#239=CIRCLE('',#4448,0.499999999999976);
#240=CIRCLE('',#4449,0.499999999999972);
#241=CIRCLE('',#4450,0.499999999999998);
#242=CIRCLE('',#4451,0.499999999999972);
#243=CIRCLE('',#4452,0.500000000000016);
#244=CIRCLE('',#4453,0.500000000000003);
#245=CIRCLE('',#4454,0.500000000000016);
#246=CIRCLE('',#4455,0.499999999999994);
#247=CYLINDRICAL_SURFACE('',#4212,1.99999999999995);
#248=CYLINDRICAL_SURFACE('',#4216,1.99999999999997);
#249=CYLINDRICAL_SURFACE('',#4222,1.99999999999999);
#250=CYLINDRICAL_SURFACE('',#4226,0.499999999999972);
#251=CYLINDRICAL_SURFACE('',#4230,0.499999999999989);
#252=CYLINDRICAL_SURFACE('',#4234,1.99999999999999);
#253=CYLINDRICAL_SURFACE('',#4240,1.99999999999996);
#254=CYLINDRICAL_SURFACE('',#4244,1.99999999999996);
#255=CYLINDRICAL_SURFACE('',#4250,1.99999999999999);
#256=CYLINDRICAL_SURFACE('',#4254,0.499999999999985);
#257=CYLINDRICAL_SURFACE('',#4258,0.500000000000025);
#258=CYLINDRICAL_SURFACE('',#4262,2.);
#259=CYLINDRICAL_SURFACE('',#4265,0.499999999999998);
#260=CYLINDRICAL_SURFACE('',#4269,0.500000000000007);
#261=CYLINDRICAL_SURFACE('',#4272,0.499999999999998);
#262=CYLINDRICAL_SURFACE('',#4276,0.500000000000007);
#263=CYLINDRICAL_SURFACE('',#4279,0.499999999999998);
#264=CYLINDRICAL_SURFACE('',#4283,0.500000000000007);
#265=CYLINDRICAL_SURFACE('',#4286,0.499999999999998);
#266=CYLINDRICAL_SURFACE('',#4290,0.499999999999989);
#267=CYLINDRICAL_SURFACE('',#4456,0.500000000000025);
#268=CYLINDRICAL_SURFACE('',#4457,0.500000000000007);
#269=CYLINDRICAL_SURFACE('',#4459,0.500000000000025);
#270=CYLINDRICAL_SURFACE('',#4461,0.500000000000007);
#271=CYLINDRICAL_SURFACE('',#4462,0.499999999999989);
#272=CYLINDRICAL_SURFACE('',#4464,0.500000000000025);
#273=CYLINDRICAL_SURFACE('',#4465,0.500000000000025);
#274=CYLINDRICAL_SURFACE('',#4467,0.500000000000007);
#275=CYLINDRICAL_SURFACE('',#4468,0.499999999999998);
#276=CYLINDRICAL_SURFACE('',#4470,0.500000000000007);
#277=CYLINDRICAL_SURFACE('',#4472,0.499999999999998);
#278=CYLINDRICAL_SURFACE('',#4474,0.500000000000007);
#279=CYLINDRICAL_SURFACE('',#4476,0.499999999999998);
#280=CYLINDRICAL_SURFACE('',#4478,0.499999999999998);
#281=CYLINDRICAL_SURFACE('',#4480,0.499999999999998);
#282=CYLINDRICAL_SURFACE('',#4482,0.499999999999998);
#283=CYLINDRICAL_SURFACE('',#4484,0.499999999999998);
#284=CYLINDRICAL_SURFACE('',#4486,0.500000000000007);
#285=CYLINDRICAL_SURFACE('',#4488,0.499999999999998);
#286=CYLINDRICAL_SURFACE('',#4490,0.500000000000007);
#287=CYLINDRICAL_SURFACE('',#4492,0.499999999999998);
#288=CYLINDRICAL_SURFACE('',#4494,0.499999999999998);
#289=CYLINDRICAL_SURFACE('',#4496,0.499999999999998);
#290=CYLINDRICAL_SURFACE('',#4498,0.499999999999998);
#291=CYLINDRICAL_SURFACE('',#4500,0.499999999999998);
#292=CYLINDRICAL_SURFACE('',#4502,0.499999999999972);
#293=CYLINDRICAL_SURFACE('',#4504,0.499999999999998);
#294=CYLINDRICAL_SURFACE('',#4506,0.500000000000007);
#295=CYLINDRICAL_SURFACE('',#4508,0.499999999999998);
#296=CYLINDRICAL_SURFACE('',#4510,0.500000000000007);
#297=CYLINDRICAL_SURFACE('',#4512,0.499999999999998);
#298=CYLINDRICAL_SURFACE('',#4514,0.500000000000007);
#299=CYLINDRICAL_SURFACE('',#4516,0.499999999999998);
#300=CYLINDRICAL_SURFACE('',#4518,0.5);
#301=CYLINDRICAL_SURFACE('',#4520,0.499999999999998);
#302=CYLINDRICAL_SURFACE('',#4522,0.499999999999998);
#303=CYLINDRICAL_SURFACE('',#4525,0.500000000000007);
#304=CYLINDRICAL_SURFACE('',#4527,0.499999999999998);
#305=CYLINDRICAL_SURFACE('',#4529,0.500000000000007);
#306=CYLINDRICAL_SURFACE('',#4531,0.499999999999998);
#307=CYLINDRICAL_SURFACE('',#4532,0.499999999999998);
#308=CYLINDRICAL_SURFACE('',#4534,0.5);
#309=CYLINDRICAL_SURFACE('',#4536,0.499999999999998);
#310=CYLINDRICAL_SURFACE('',#4538,0.5);
#311=CYLINDRICAL_SURFACE('',#4541,0.499999999999998);
#312=CYLINDRICAL_SURFACE('',#4543,0.5);
#313=CYLINDRICAL_SURFACE('',#4545,0.500000000000007);
#314=CYLINDRICAL_SURFACE('',#4547,0.5);
#315=CYLINDRICAL_SURFACE('',#4549,0.500000000000007);
#316=CYLINDRICAL_SURFACE('',#4552,0.500000000000007);
#317=CYLINDRICAL_SURFACE('',#4554,0.5);
#318=CYLINDRICAL_SURFACE('',#4556,0.5);
#319=CYLINDRICAL_SURFACE('',#4558,0.5);
#320=CYLINDRICAL_SURFACE('',#4560,0.5);
#321=CYLINDRICAL_SURFACE('',#4562,0.5);
#322=CYLINDRICAL_SURFACE('',#4564,0.499999999999998);
#323=CYLINDRICAL_SURFACE('',#4566,0.499999999999998);
#324=CYLINDRICAL_SURFACE('',#4568,0.500000000000007);
#325=CYLINDRICAL_SURFACE('',#4570,0.499999999999998);
#326=CYLINDRICAL_SURFACE('',#4572,0.500000000000007);
#327=CYLINDRICAL_SURFACE('',#4574,0.499999999999998);
#328=CYLINDRICAL_SURFACE('',#4576,0.500000000000007);
#329=CYLINDRICAL_SURFACE('',#4578,0.499999999999998);
#330=CYLINDRICAL_SURFACE('',#4580,0.500000000000007);
#331=CYLINDRICAL_SURFACE('',#4583,0.499999999999972);
#332=CYLINDRICAL_SURFACE('',#4585,0.499999999999998);
#333=CYLINDRICAL_SURFACE('',#4587,0.499999999999972);
#334=CYLINDRICAL_SURFACE('',#4589,0.499999999999976);
#335=CYLINDRICAL_SURFACE('',#4591,0.499999999999994);
#336=CYLINDRICAL_SURFACE('',#4593,0.500000000000016);
#337=CYLINDRICAL_SURFACE('',#4595,0.500000000000003);
#338=CYLINDRICAL_SURFACE('',#4597,0.500000000000016);
#339=CYLINDRICAL_SURFACE('',#4600,0.499999999999998);
#340=CYLINDRICAL_SURFACE('',#4601,0.499999999999998);
#341=CYLINDRICAL_SURFACE('',#4603,0.500000000000007);
#342=CYLINDRICAL_SURFACE('',#4605,0.499999999999998);
#343=FACE_OUTER_BOUND('',#549,.T.);
#344=FACE_OUTER_BOUND('',#550,.T.);
#345=FACE_OUTER_BOUND('',#551,.T.);
#346=FACE_OUTER_BOUND('',#552,.T.);
#347=FACE_OUTER_BOUND('',#553,.T.);
#348=FACE_OUTER_BOUND('',#554,.T.);
#349=FACE_OUTER_BOUND('',#555,.T.);
#350=FACE_OUTER_BOUND('',#556,.T.);
#351=FACE_OUTER_BOUND('',#557,.T.);
#352=FACE_OUTER_BOUND('',#558,.T.);
#353=FACE_OUTER_BOUND('',#559,.T.);
#354=FACE_OUTER_BOUND('',#560,.T.);
#355=FACE_OUTER_BOUND('',#561,.T.);
#356=FACE_OUTER_BOUND('',#562,.T.);
#357=FACE_OUTER_BOUND('',#563,.T.);
#358=FACE_OUTER_BOUND('',#564,.T.);
#359=FACE_OUTER_BOUND('',#565,.T.);
#360=FACE_OUTER_BOUND('',#566,.T.);
#361=FACE_OUTER_BOUND('',#567,.T.);
#362=FACE_OUTER_BOUND('',#568,.T.);
#363=FACE_OUTER_BOUND('',#569,.T.);
#364=FACE_OUTER_BOUND('',#570,.T.);
#365=FACE_OUTER_BOUND('',#571,.T.);
#366=FACE_OUTER_BOUND('',#572,.T.);
#367=FACE_OUTER_BOUND('',#573,.T.);
#368=FACE_OUTER_BOUND('',#574,.T.);
#369=FACE_OUTER_BOUND('',#575,.T.);
#370=FACE_OUTER_BOUND('',#576,.T.);
#371=FACE_OUTER_BOUND('',#577,.T.);
#372=FACE_OUTER_BOUND('',#578,.T.);
#373=FACE_OUTER_BOUND('',#579,.T.);
#374=FACE_OUTER_BOUND('',#580,.T.);
#375=FACE_OUTER_BOUND('',#581,.T.);
#376=FACE_OUTER_BOUND('',#582,.T.);
#377=FACE_OUTER_BOUND('',#583,.T.);
#378=FACE_OUTER_BOUND('',#584,.T.);
#379=FACE_OUTER_BOUND('',#585,.T.);
#380=FACE_OUTER_BOUND('',#586,.T.);
#381=FACE_OUTER_BOUND('',#587,.T.);
#382=FACE_OUTER_BOUND('',#588,.T.);
#383=FACE_OUTER_BOUND('',#589,.T.);
#384=FACE_OUTER_BOUND('',#590,.T.);
#385=FACE_OUTER_BOUND('',#591,.T.);
#386=FACE_OUTER_BOUND('',#592,.T.);
#387=FACE_OUTER_BOUND('',#593,.T.);
#388=FACE_OUTER_BOUND('',#594,.T.);
#389=FACE_OUTER_BOUND('',#595,.T.);
#390=FACE_OUTER_BOUND('',#596,.T.);
#391=FACE_OUTER_BOUND('',#597,.T.);
#392=FACE_OUTER_BOUND('',#598,.T.);
#393=FACE_OUTER_BOUND('',#599,.T.);
#394=FACE_OUTER_BOUND('',#600,.T.);
#395=FACE_OUTER_BOUND('',#601,.T.);
#396=FACE_OUTER_BOUND('',#602,.T.);
#397=FACE_OUTER_BOUND('',#623,.T.);
#398=FACE_OUTER_BOUND('',#644,.T.);
#399=FACE_OUTER_BOUND('',#645,.T.);
#400=FACE_OUTER_BOUND('',#646,.T.);
#401=FACE_OUTER_BOUND('',#647,.T.);
#402=FACE_OUTER_BOUND('',#648,.T.);
#403=FACE_OUTER_BOUND('',#649,.T.);
#404=FACE_OUTER_BOUND('',#650,.T.);
#405=FACE_OUTER_BOUND('',#651,.T.);
#406=FACE_OUTER_BOUND('',#652,.T.);
#407=FACE_OUTER_BOUND('',#653,.T.);
#408=FACE_OUTER_BOUND('',#654,.T.);
#409=FACE_OUTER_BOUND('',#655,.T.);
#410=FACE_OUTER_BOUND('',#656,.T.);
#411=FACE_OUTER_BOUND('',#657,.T.);
#412=FACE_OUTER_BOUND('',#658,.T.);
#413=FACE_OUTER_BOUND('',#659,.T.);
#414=FACE_OUTER_BOUND('',#660,.T.);
#415=FACE_OUTER_BOUND('',#661,.T.);
#416=FACE_OUTER_BOUND('',#662,.T.);
#417=FACE_OUTER_BOUND('',#663,.T.);
#418=FACE_OUTER_BOUND('',#664,.T.);
#419=FACE_OUTER_BOUND('',#665,.T.);
#420=FACE_OUTER_BOUND('',#666,.T.);
#421=FACE_OUTER_BOUND('',#667,.T.);
#422=FACE_OUTER_BOUND('',#668,.T.);
#423=FACE_OUTER_BOUND('',#669,.T.);
#424=FACE_OUTER_BOUND('',#670,.T.);
#425=FACE_OUTER_BOUND('',#671,.T.);
#426=FACE_OUTER_BOUND('',#672,.T.);
#427=FACE_OUTER_BOUND('',#673,.T.);
#428=FACE_OUTER_BOUND('',#674,.T.);
#429=FACE_OUTER_BOUND('',#675,.T.);
#430=FACE_OUTER_BOUND('',#676,.T.);
#431=FACE_OUTER_BOUND('',#677,.T.);
#432=FACE_OUTER_BOUND('',#678,.T.);
#433=FACE_OUTER_BOUND('',#679,.T.);
#434=FACE_OUTER_BOUND('',#680,.T.);
#435=FACE_OUTER_BOUND('',#681,.T.);
#436=FACE_OUTER_BOUND('',#682,.T.);
#437=FACE_OUTER_BOUND('',#683,.T.);
#438=FACE_OUTER_BOUND('',#684,.T.);
#439=FACE_OUTER_BOUND('',#685,.T.);
#440=FACE_OUTER_BOUND('',#686,.T.);
#441=FACE_OUTER_BOUND('',#687,.T.);
#442=FACE_OUTER_BOUND('',#688,.T.);
#443=FACE_OUTER_BOUND('',#689,.T.);
#444=FACE_OUTER_BOUND('',#690,.T.);
#445=FACE_OUTER_BOUND('',#691,.T.);
#446=FACE_OUTER_BOUND('',#692,.T.);
#447=FACE_OUTER_BOUND('',#693,.T.);
#448=FACE_OUTER_BOUND('',#694,.T.);
#449=FACE_OUTER_BOUND('',#695,.T.);
#450=FACE_OUTER_BOUND('',#696,.T.);
#451=FACE_OUTER_BOUND('',#697,.T.);
#452=FACE_OUTER_BOUND('',#698,.T.);
#453=FACE_OUTER_BOUND('',#699,.T.);
#454=FACE_OUTER_BOUND('',#700,.T.);
#455=FACE_OUTER_BOUND('',#701,.T.);
#456=FACE_OUTER_BOUND('',#702,.T.);
#457=FACE_OUTER_BOUND('',#703,.T.);
#458=FACE_OUTER_BOUND('',#704,.T.);
#459=FACE_OUTER_BOUND('',#705,.T.);
#460=FACE_OUTER_BOUND('',#706,.T.);
#461=FACE_OUTER_BOUND('',#707,.T.);
#462=FACE_OUTER_BOUND('',#708,.T.);
#463=FACE_OUTER_BOUND('',#709,.T.);
#464=FACE_OUTER_BOUND('',#710,.T.);
#465=FACE_OUTER_BOUND('',#711,.T.);
#466=FACE_OUTER_BOUND('',#712,.T.);
#467=FACE_OUTER_BOUND('',#713,.T.);
#468=FACE_OUTER_BOUND('',#714,.T.);
#469=FACE_OUTER_BOUND('',#715,.T.);
#470=FACE_OUTER_BOUND('',#716,.T.);
#471=FACE_OUTER_BOUND('',#717,.T.);
#472=FACE_OUTER_BOUND('',#718,.T.);
#473=FACE_OUTER_BOUND('',#719,.T.);
#474=FACE_OUTER_BOUND('',#720,.T.);
#475=FACE_OUTER_BOUND('',#721,.T.);
#476=FACE_OUTER_BOUND('',#722,.T.);
#477=FACE_OUTER_BOUND('',#723,.T.);
#478=FACE_OUTER_BOUND('',#724,.T.);
#479=FACE_OUTER_BOUND('',#725,.T.);
#480=FACE_OUTER_BOUND('',#726,.T.);
#481=FACE_OUTER_BOUND('',#727,.T.);
#482=FACE_OUTER_BOUND('',#728,.T.);
#483=FACE_OUTER_BOUND('',#729,.T.);
#484=FACE_OUTER_BOUND('',#730,.T.);
#485=FACE_OUTER_BOUND('',#731,.T.);
#486=FACE_OUTER_BOUND('',#732,.T.);
#487=FACE_OUTER_BOUND('',#733,.T.);
#488=FACE_OUTER_BOUND('',#734,.T.);
#489=FACE_OUTER_BOUND('',#735,.T.);
#490=FACE_OUTER_BOUND('',#736,.T.);
#491=FACE_OUTER_BOUND('',#737,.T.);
#492=FACE_OUTER_BOUND('',#738,.T.);
#493=FACE_OUTER_BOUND('',#739,.T.);
#494=FACE_OUTER_BOUND('',#740,.T.);
#495=FACE_OUTER_BOUND('',#741,.T.);
#496=FACE_OUTER_BOUND('',#742,.T.);
#497=FACE_OUTER_BOUND('',#743,.T.);
#498=FACE_OUTER_BOUND('',#744,.T.);
#499=FACE_OUTER_BOUND('',#745,.T.);
#500=FACE_OUTER_BOUND('',#746,.T.);
#501=FACE_OUTER_BOUND('',#747,.T.);
#502=FACE_OUTER_BOUND('',#748,.T.);
#503=FACE_OUTER_BOUND('',#749,.T.);
#504=FACE_OUTER_BOUND('',#750,.T.);
#505=FACE_OUTER_BOUND('',#751,.T.);
#506=FACE_OUTER_BOUND('',#752,.T.);
#507=FACE_OUTER_BOUND('',#753,.T.);
#508=FACE_OUTER_BOUND('',#754,.T.);
#509=FACE_OUTER_BOUND('',#755,.T.);
#510=FACE_OUTER_BOUND('',#756,.T.);
#511=FACE_OUTER_BOUND('',#757,.T.);
#512=FACE_OUTER_BOUND('',#758,.T.);
#513=FACE_OUTER_BOUND('',#759,.T.);
#514=FACE_OUTER_BOUND('',#760,.T.);
#515=FACE_OUTER_BOUND('',#761,.T.);
#516=FACE_OUTER_BOUND('',#762,.T.);
#517=FACE_OUTER_BOUND('',#763,.T.);
#518=FACE_OUTER_BOUND('',#764,.T.);
#519=FACE_OUTER_BOUND('',#765,.T.);
#520=FACE_OUTER_BOUND('',#766,.T.);
#521=FACE_OUTER_BOUND('',#767,.T.);
#522=FACE_OUTER_BOUND('',#768,.T.);
#523=FACE_OUTER_BOUND('',#769,.T.);
#524=FACE_OUTER_BOUND('',#770,.T.);
#525=FACE_OUTER_BOUND('',#771,.T.);
#526=FACE_OUTER_BOUND('',#772,.T.);
#527=FACE_OUTER_BOUND('',#773,.T.);
#528=FACE_OUTER_BOUND('',#774,.T.);
#529=FACE_OUTER_BOUND('',#775,.T.);
#530=FACE_OUTER_BOUND('',#776,.T.);
#531=FACE_OUTER_BOUND('',#777,.T.);
#532=FACE_OUTER_BOUND('',#778,.T.);
#533=FACE_OUTER_BOUND('',#779,.T.);
#534=FACE_OUTER_BOUND('',#780,.T.);
#535=FACE_OUTER_BOUND('',#781,.T.);
#536=FACE_OUTER_BOUND('',#782,.T.);
#537=FACE_OUTER_BOUND('',#783,.T.);
#538=FACE_OUTER_BOUND('',#784,.T.);
#539=FACE_OUTER_BOUND('',#785,.T.);
#540=FACE_OUTER_BOUND('',#786,.T.);
#541=FACE_OUTER_BOUND('',#787,.T.);
#542=FACE_OUTER_BOUND('',#788,.T.);
#543=FACE_OUTER_BOUND('',#789,.T.);
#544=FACE_OUTER_BOUND('',#790,.T.);
#545=FACE_OUTER_BOUND('',#791,.T.);
#546=FACE_OUTER_BOUND('',#792,.T.);
#547=FACE_OUTER_BOUND('',#793,.T.);
#548=FACE_OUTER_BOUND('',#794,.T.);
#549=EDGE_LOOP('',(#2655,#2656,#2657,#2658));
#550=EDGE_LOOP('',(#2659,#2660,#2661,#2662));
#551=EDGE_LOOP('',(#2663,#2664,#2665,#2666));
#552=EDGE_LOOP('',(#2667,#2668,#2669,#2670));
#553=EDGE_LOOP('',(#2671,#2672,#2673,#2674));
#554=EDGE_LOOP('',(#2675,#2676,#2677,#2678));
#555=EDGE_LOOP('',(#2679,#2680,#2681,#2682));
#556=EDGE_LOOP('',(#2683,#2684,#2685,#2686));
#557=EDGE_LOOP('',(#2687,#2688,#2689,#2690));
#558=EDGE_LOOP('',(#2691,#2692,#2693,#2694));
#559=EDGE_LOOP('',(#2695,#2696,#2697,#2698));
#560=EDGE_LOOP('',(#2699,#2700,#2701,#2702));
#561=EDGE_LOOP('',(#2703,#2704,#2705,#2706));
#562=EDGE_LOOP('',(#2707,#2708,#2709,#2710));
#563=EDGE_LOOP('',(#2711,#2712,#2713,#2714));
#564=EDGE_LOOP('',(#2715,#2716,#2717,#2718));
#565=EDGE_LOOP('',(#2719,#2720,#2721,#2722));
#566=EDGE_LOOP('',(#2723,#2724,#2725,#2726));
#567=EDGE_LOOP('',(#2727,#2728,#2729,#2730));
#568=EDGE_LOOP('',(#2731,#2732,#2733,#2734));
#569=EDGE_LOOP('',(#2735,#2736,#2737,#2738));
#570=EDGE_LOOP('',(#2739,#2740,#2741,#2742));
#571=EDGE_LOOP('',(#2743,#2744,#2745,#2746));
#572=EDGE_LOOP('',(#2747,#2748,#2749,#2750));
#573=EDGE_LOOP('',(#2751,#2752,#2753,#2754));
#574=EDGE_LOOP('',(#2755,#2756,#2757,#2758));
#575=EDGE_LOOP('',(#2759,#2760,#2761,#2762));
#576=EDGE_LOOP('',(#2763,#2764,#2765,#2766));
#577=EDGE_LOOP('',(#2767,#2768,#2769,#2770));
#578=EDGE_LOOP('',(#2771,#2772,#2773,#2774));
#579=EDGE_LOOP('',(#2775,#2776,#2777,#2778));
#580=EDGE_LOOP('',(#2779,#2780,#2781,#2782));
#581=EDGE_LOOP('',(#2783,#2784,#2785,#2786));
#582=EDGE_LOOP('',(#2787,#2788,#2789,#2790));
#583=EDGE_LOOP('',(#2791,#2792,#2793,#2794));
#584=EDGE_LOOP('',(#2795,#2796,#2797,#2798));
#585=EDGE_LOOP('',(#2799,#2800,#2801,#2802));
#586=EDGE_LOOP('',(#2803,#2804,#2805,#2806));
#587=EDGE_LOOP('',(#2807,#2808,#2809,#2810));
#588=EDGE_LOOP('',(#2811,#2812,#2813,#2814));
#589=EDGE_LOOP('',(#2815,#2816,#2817,#2818));
#590=EDGE_LOOP('',(#2819,#2820,#2821,#2822));
#591=EDGE_LOOP('',(#2823,#2824,#2825,#2826));
#592=EDGE_LOOP('',(#2827,#2828,#2829,#2830));
#593=EDGE_LOOP('',(#2831,#2832,#2833,#2834));
#594=EDGE_LOOP('',(#2835,#2836,#2837,#2838));
#595=EDGE_LOOP('',(#2839,#2840,#2841,#2842));
#596=EDGE_LOOP('',(#2843,#2844,#2845,#2846));
#597=EDGE_LOOP('',(#2847,#2848,#2849,#2850));
#598=EDGE_LOOP('',(#2851,#2852,#2853,#2854));
#599=EDGE_LOOP('',(#2855,#2856,#2857,#2858));
#600=EDGE_LOOP('',(#2859,#2860,#2861,#2862));
#601=EDGE_LOOP('',(#2863,#2864,#2865,#2866));
#602=EDGE_LOOP('',(#2867,#2868,#2869,#2870,#2871,#2872,#2873,#2874,#2875,
#2876,#2877,#2878,#2879,#2880,#2881,#2882,#2883,#2884,#2885,#2886,#2887,
#2888,#2889,#2890,#2891,#2892,#2893,#2894,#2895,#2896,#2897,#2898));
#603=EDGE_LOOP('',(#2899,#2900,#2901,#2902,#2903,#2904,#2905,#2906));
#604=EDGE_LOOP('',(#2907,#2908,#2909,#2910,#2911,#2912,#2913,#2914));
#605=EDGE_LOOP('',(#2915,#2916,#2917,#2918,#2919,#2920,#2921,#2922));
#606=EDGE_LOOP('',(#2923,#2924,#2925,#2926,#2927,#2928,#2929,#2930));
#607=EDGE_LOOP('',(#2931,#2932,#2933,#2934,#2935,#2936,#2937,#2938));
#608=EDGE_LOOP('',(#2939,#2940,#2941,#2942,#2943,#2944,#2945,#2946));
#609=EDGE_LOOP('',(#2947,#2948,#2949,#2950,#2951,#2952,#2953,#2954));
#610=EDGE_LOOP('',(#2955,#2956,#2957,#2958,#2959,#2960,#2961,#2962));
#611=EDGE_LOOP('',(#2963,#2964,#2965,#2966,#2967,#2968,#2969,#2970));
#612=EDGE_LOOP('',(#2971,#2972,#2973,#2974,#2975,#2976,#2977,#2978));
#613=EDGE_LOOP('',(#2979,#2980,#2981,#2982,#2983,#2984,#2985,#2986));
#614=EDGE_LOOP('',(#2987,#2988,#2989,#2990,#2991,#2992,#2993,#2994));
#615=EDGE_LOOP('',(#2995,#2996,#2997,#2998,#2999,#3000,#3001,#3002));
#616=EDGE_LOOP('',(#3003,#3004,#3005,#3006,#3007,#3008,#3009,#3010));
#617=EDGE_LOOP('',(#3011,#3012,#3013,#3014,#3015,#3016,#3017,#3018,#3019,
#3020,#3021,#3022,#3023,#3024,#3025,#3026,#3027,#3028,#3029,#3030));
#618=EDGE_LOOP('',(#3031,#3032,#3033,#3034,#3035,#3036,#3037,#3038));
#619=EDGE_LOOP('',(#3039,#3040,#3041,#3042,#3043,#3044,#3045,#3046));
#620=EDGE_LOOP('',(#3047,#3048,#3049,#3050,#3051,#3052,#3053,#3054));
#621=EDGE_LOOP('',(#3055,#3056,#3057,#3058,#3059,#3060,#3061,#3062));
#622=EDGE_LOOP('',(#3063,#3064,#3065,#3066,#3067,#3068,#3069,#3070));
#623=EDGE_LOOP('',(#3071,#3072,#3073,#3074,#3075,#3076,#3077,#3078,#3079,
#3080,#3081,#3082,#3083,#3084,#3085,#3086,#3087,#3088,#3089,#3090,#3091,
#3092,#3093,#3094,#3095,#3096,#3097,#3098,#3099,#3100,#3101,#3102));
#624=EDGE_LOOP('',(#3103,#3104,#3105,#3106,#3107,#3108,#3109,#3110));
#625=EDGE_LOOP('',(#3111,#3112,#3113,#3114,#3115,#3116,#3117,#3118));
#626=EDGE_LOOP('',(#3119,#3120,#3121,#3122,#3123,#3124,#3125,#3126));
#627=EDGE_LOOP('',(#3127,#3128,#3129,#3130,#3131,#3132,#3133,#3134));
#628=EDGE_LOOP('',(#3135,#3136,#3137,#3138,#3139,#3140,#3141,#3142,#3143,
#3144,#3145,#3146,#3147,#3148,#3149,#3150,#3151,#3152,#3153,#3154));
#629=EDGE_LOOP('',(#3155,#3156,#3157,#3158,#3159,#3160,#3161,#3162));
#630=EDGE_LOOP('',(#3163,#3164,#3165,#3166,#3167,#3168,#3169,#3170));
#631=EDGE_LOOP('',(#3171,#3172,#3173,#3174,#3175,#3176,#3177,#3178));
#632=EDGE_LOOP('',(#3179,#3180,#3181,#3182,#3183,#3184,#3185,#3186));
#633=EDGE_LOOP('',(#3187,#3188,#3189,#3190,#3191,#3192,#3193,#3194));
#634=EDGE_LOOP('',(#3195,#3196,#3197,#3198,#3199,#3200,#3201,#3202));
#635=EDGE_LOOP('',(#3203,#3204,#3205,#3206,#3207,#3208,#3209,#3210));
#636=EDGE_LOOP('',(#3211,#3212,#3213,#3214,#3215,#3216,#3217,#3218));
#637=EDGE_LOOP('',(#3219,#3220,#3221,#3222,#3223,#3224,#3225,#3226));
#638=EDGE_LOOP('',(#3227,#3228,#3229,#3230,#3231,#3232,#3233,#3234));
#639=EDGE_LOOP('',(#3235,#3236,#3237,#3238,#3239,#3240,#3241,#3242));
#640=EDGE_LOOP('',(#3243,#3244,#3245,#3246,#3247,#3248,#3249,#3250));
#641=EDGE_LOOP('',(#3251,#3252,#3253,#3254,#3255,#3256,#3257,#3258));
#642=EDGE_LOOP('',(#3259,#3260,#3261,#3262,#3263,#3264,#3265,#3266));
#643=EDGE_LOOP('',(#3267,#3268,#3269,#3270,#3271,#3272,#3273,#3274));
#644=EDGE_LOOP('',(#3275,#3276,#3277,#3278));
#645=EDGE_LOOP('',(#3279,#3280,#3281,#3282));
#646=EDGE_LOOP('',(#3283,#3284,#3285,#3286));
#647=EDGE_LOOP('',(#3287,#3288,#3289,#3290));
#648=EDGE_LOOP('',(#3291,#3292,#3293,#3294));
#649=EDGE_LOOP('',(#3295,#3296,#3297,#3298));
#650=EDGE_LOOP('',(#3299,#3300,#3301,#3302));
#651=EDGE_LOOP('',(#3303,#3304,#3305,#3306));
#652=EDGE_LOOP('',(#3307,#3308,#3309,#3310));
#653=EDGE_LOOP('',(#3311,#3312,#3313,#3314));
#654=EDGE_LOOP('',(#3315,#3316,#3317,#3318));
#655=EDGE_LOOP('',(#3319,#3320,#3321,#3322));
#656=EDGE_LOOP('',(#3323,#3324,#3325,#3326));
#657=EDGE_LOOP('',(#3327,#3328,#3329,#3330));
#658=EDGE_LOOP('',(#3331,#3332,#3333,#3334));
#659=EDGE_LOOP('',(#3335,#3336,#3337,#3338));
#660=EDGE_LOOP('',(#3339,#3340,#3341,#3342));
#661=EDGE_LOOP('',(#3343,#3344,#3345,#3346));
#662=EDGE_LOOP('',(#3347,#3348,#3349,#3350));
#663=EDGE_LOOP('',(#3351,#3352,#3353,#3354));
#664=EDGE_LOOP('',(#3355,#3356,#3357,#3358));
#665=EDGE_LOOP('',(#3359,#3360,#3361,#3362));
#666=EDGE_LOOP('',(#3363,#3364,#3365,#3366));
#667=EDGE_LOOP('',(#3367,#3368,#3369,#3370));
#668=EDGE_LOOP('',(#3371,#3372,#3373,#3374));
#669=EDGE_LOOP('',(#3375,#3376,#3377,#3378));
#670=EDGE_LOOP('',(#3379,#3380,#3381,#3382));
#671=EDGE_LOOP('',(#3383,#3384,#3385,#3386));
#672=EDGE_LOOP('',(#3387,#3388,#3389,#3390));
#673=EDGE_LOOP('',(#3391,#3392,#3393,#3394));
#674=EDGE_LOOP('',(#3395,#3396,#3397,#3398));
#675=EDGE_LOOP('',(#3399,#3400,#3401,#3402));
#676=EDGE_LOOP('',(#3403,#3404,#3405,#3406));
#677=EDGE_LOOP('',(#3407,#3408,#3409,#3410));
#678=EDGE_LOOP('',(#3411,#3412,#3413,#3414));
#679=EDGE_LOOP('',(#3415,#3416,#3417,#3418));
#680=EDGE_LOOP('',(#3419,#3420,#3421,#3422));
#681=EDGE_LOOP('',(#3423,#3424,#3425,#3426));
#682=EDGE_LOOP('',(#3427,#3428,#3429,#3430));
#683=EDGE_LOOP('',(#3431,#3432,#3433,#3434));
#684=EDGE_LOOP('',(#3435,#3436,#3437,#3438));
#685=EDGE_LOOP('',(#3439,#3440,#3441,#3442));
#686=EDGE_LOOP('',(#3443,#3444,#3445,#3446));
#687=EDGE_LOOP('',(#3447,#3448,#3449,#3450));
#688=EDGE_LOOP('',(#3451,#3452,#3453,#3454));
#689=EDGE_LOOP('',(#3455,#3456,#3457,#3458));
#690=EDGE_LOOP('',(#3459,#3460,#3461,#3462));
#691=EDGE_LOOP('',(#3463,#3464,#3465,#3466));
#692=EDGE_LOOP('',(#3467,#3468,#3469,#3470));
#693=EDGE_LOOP('',(#3471,#3472,#3473,#3474));
#694=EDGE_LOOP('',(#3475,#3476,#3477,#3478));
#695=EDGE_LOOP('',(#3479,#3480,#3481,#3482));
#696=EDGE_LOOP('',(#3483,#3484,#3485,#3486));
#697=EDGE_LOOP('',(#3487,#3488,#3489,#3490));
#698=EDGE_LOOP('',(#3491,#3492,#3493,#3494));
#699=EDGE_LOOP('',(#3495,#3496,#3497,#3498));
#700=EDGE_LOOP('',(#3499,#3500,#3501,#3502));
#701=EDGE_LOOP('',(#3503,#3504,#3505,#3506));
#702=EDGE_LOOP('',(#3507,#3508,#3509,#3510));
#703=EDGE_LOOP('',(#3511,#3512,#3513,#3514));
#704=EDGE_LOOP('',(#3515,#3516,#3517,#3518));
#705=EDGE_LOOP('',(#3519,#3520,#3521,#3522));
#706=EDGE_LOOP('',(#3523,#3524,#3525,#3526));
#707=EDGE_LOOP('',(#3527,#3528,#3529,#3530));
#708=EDGE_LOOP('',(#3531,#3532,#3533,#3534));
#709=EDGE_LOOP('',(#3535,#3536,#3537,#3538));
#710=EDGE_LOOP('',(#3539,#3540,#3541,#3542));
#711=EDGE_LOOP('',(#3543,#3544,#3545,#3546));
#712=EDGE_LOOP('',(#3547,#3548,#3549,#3550));
#713=EDGE_LOOP('',(#3551,#3552,#3553,#3554));
#714=EDGE_LOOP('',(#3555,#3556,#3557,#3558));
#715=EDGE_LOOP('',(#3559,#3560,#3561,#3562));
#716=EDGE_LOOP('',(#3563,#3564,#3565,#3566));
#717=EDGE_LOOP('',(#3567,#3568,#3569,#3570));
#718=EDGE_LOOP('',(#3571,#3572,#3573,#3574));
#719=EDGE_LOOP('',(#3575,#3576,#3577,#3578));
#720=EDGE_LOOP('',(#3579,#3580,#3581,#3582));
#721=EDGE_LOOP('',(#3583,#3584,#3585,#3586));
#722=EDGE_LOOP('',(#3587,#3588,#3589,#3590));
#723=EDGE_LOOP('',(#3591,#3592,#3593,#3594));
#724=EDGE_LOOP('',(#3595,#3596,#3597,#3598));
#725=EDGE_LOOP('',(#3599,#3600,#3601,#3602));
#726=EDGE_LOOP('',(#3603,#3604,#3605,#3606));
#727=EDGE_LOOP('',(#3607,#3608,#3609,#3610));
#728=EDGE_LOOP('',(#3611,#3612,#3613,#3614));
#729=EDGE_LOOP('',(#3615,#3616,#3617,#3618));
#730=EDGE_LOOP('',(#3619,#3620,#3621,#3622));
#731=EDGE_LOOP('',(#3623,#3624,#3625,#3626));
#732=EDGE_LOOP('',(#3627,#3628,#3629,#3630));
#733=EDGE_LOOP('',(#3631,#3632,#3633,#3634));
#734=EDGE_LOOP('',(#3635,#3636,#3637,#3638));
#735=EDGE_LOOP('',(#3639,#3640,#3641,#3642));
#736=EDGE_LOOP('',(#3643,#3644,#3645,#3646));
#737=EDGE_LOOP('',(#3647,#3648,#3649,#3650));
#738=EDGE_LOOP('',(#3651,#3652,#3653,#3654));
#739=EDGE_LOOP('',(#3655,#3656,#3657,#3658));
#740=EDGE_LOOP('',(#3659,#3660,#3661,#3662));
#741=EDGE_LOOP('',(#3663,#3664,#3665,#3666));
#742=EDGE_LOOP('',(#3667,#3668,#3669,#3670));
#743=EDGE_LOOP('',(#3671,#3672,#3673,#3674));
#744=EDGE_LOOP('',(#3675,#3676,#3677,#3678));
#745=EDGE_LOOP('',(#3679,#3680,#3681,#3682));
#746=EDGE_LOOP('',(#3683,#3684,#3685,#3686));
#747=EDGE_LOOP('',(#3687,#3688,#3689,#3690));
#748=EDGE_LOOP('',(#3691,#3692,#3693,#3694));
#749=EDGE_LOOP('',(#3695,#3696,#3697,#3698));
#750=EDGE_LOOP('',(#3699,#3700,#3701,#3702));
#751=EDGE_LOOP('',(#3703,#3704,#3705,#3706));
#752=EDGE_LOOP('',(#3707,#3708,#3709,#3710));
#753=EDGE_LOOP('',(#3711,#3712,#3713,#3714));
#754=EDGE_LOOP('',(#3715,#3716,#3717,#3718));
#755=EDGE_LOOP('',(#3719,#3720,#3721,#3722));
#756=EDGE_LOOP('',(#3723,#3724,#3725,#3726));
#757=EDGE_LOOP('',(#3727,#3728,#3729,#3730));
#758=EDGE_LOOP('',(#3731,#3732,#3733,#3734));
#759=EDGE_LOOP('',(#3735,#3736,#3737,#3738));
#760=EDGE_LOOP('',(#3739,#3740,#3741,#3742));
#761=EDGE_LOOP('',(#3743,#3744,#3745,#3746));
#762=EDGE_LOOP('',(#3747,#3748,#3749,#3750));
#763=EDGE_LOOP('',(#3751,#3752,#3753,#3754));
#764=EDGE_LOOP('',(#3755,#3756,#3757,#3758));
#765=EDGE_LOOP('',(#3759,#3760,#3761,#3762));
#766=EDGE_LOOP('',(#3763,#3764,#3765,#3766));
#767=EDGE_LOOP('',(#3767,#3768,#3769,#3770));
#768=EDGE_LOOP('',(#3771,#3772,#3773,#3774));
#769=EDGE_LOOP('',(#3775,#3776,#3777,#3778));
#770=EDGE_LOOP('',(#3779,#3780,#3781,#3782));
#771=EDGE_LOOP('',(#3783,#3784,#3785,#3786));
#772=EDGE_LOOP('',(#3787,#3788,#3789,#3790));
#773=EDGE_LOOP('',(#3791,#3792,#3793,#3794));
#774=EDGE_LOOP('',(#3795,#3796,#3797,#3798));
#775=EDGE_LOOP('',(#3799,#3800,#3801,#3802));
#776=EDGE_LOOP('',(#3803,#3804,#3805,#3806));
#777=EDGE_LOOP('',(#3807,#3808,#3809,#3810));
#778=EDGE_LOOP('',(#3811,#3812,#3813,#3814));
#779=EDGE_LOOP('',(#3815,#3816,#3817,#3818));
#780=EDGE_LOOP('',(#3819,#3820,#3821,#3822));
#781=EDGE_LOOP('',(#3823,#3824,#3825,#3826));
#782=EDGE_LOOP('',(#3827,#3828,#3829,#3830));
#783=EDGE_LOOP('',(#3831,#3832,#3833,#3834));
#784=EDGE_LOOP('',(#3835,#3836,#3837,#3838));
#785=EDGE_LOOP('',(#3839,#3840,#3841,#3842));
#786=EDGE_LOOP('',(#3843,#3844,#3845,#3846));
#787=EDGE_LOOP('',(#3847,#3848,#3849,#3850));
#788=EDGE_LOOP('',(#3851,#3852,#3853,#3854));
#789=EDGE_LOOP('',(#3855,#3856,#3857,#3858));
#790=EDGE_LOOP('',(#3859,#3860,#3861,#3862));
#791=EDGE_LOOP('',(#3863,#3864,#3865,#3866));
#792=EDGE_LOOP('',(#3867,#3868,#3869,#3870));
#793=EDGE_LOOP('',(#3871,#3872,#3873,#3874));
#794=EDGE_LOOP('',(#3875,#3876,#3877,#3878));
#795=LINE('',#5829,#1215);
#796=LINE('',#5831,#1216);
#797=LINE('',#5833,#1217);
#798=LINE('',#5834,#1218);
#799=LINE('',#5837,#1219);
#800=LINE('',#5839,#1220);
#801=LINE('',#5840,#1221);
#802=LINE('',#5843,#1222);
#803=LINE('',#5845,#1223);
#804=LINE('',#5846,#1224);
#805=LINE('',#5852,#1225);
#806=LINE('',#5855,#1226);
#807=LINE('',#5857,#1227);
#808=LINE('',#5858,#1228);
#809=LINE('',#5864,#1229);
#810=LINE('',#5867,#1230);
#811=LINE('',#5869,#1231);
#812=LINE('',#5870,#1232);
#813=LINE('',#5873,#1233);
#814=LINE('',#5875,#1234);
#815=LINE('',#5876,#1235);
#816=LINE('',#5879,#1236);
#817=LINE('',#5881,#1237);
#818=LINE('',#5882,#1238);
#819=LINE('',#5888,#1239);
#820=LINE('',#5891,#1240);
#821=LINE('',#5893,#1241);
#822=LINE('',#5894,#1242);
#823=LINE('',#5900,#1243);
#824=LINE('',#5903,#1244);
#825=LINE('',#5905,#1245);
#826=LINE('',#5906,#1246);
#827=LINE('',#5912,#1247);
#828=LINE('',#5915,#1248);
#829=LINE('',#5917,#1249);
#830=LINE('',#5918,#1250);
#831=LINE('',#5924,#1251);
#832=LINE('',#5927,#1252);
#833=LINE('',#5929,#1253);
#834=LINE('',#5930,#1254);
#835=LINE('',#5933,#1255);
#836=LINE('',#5935,#1256);
#837=LINE('',#5936,#1257);
#838=LINE('',#5939,#1258);
#839=LINE('',#5941,#1259);
#840=LINE('',#5942,#1260);
#841=LINE('',#5948,#1261);
#842=LINE('',#5951,#1262);
#843=LINE('',#5953,#1263);
#844=LINE('',#5954,#1264);
#845=LINE('',#5960,#1265);
#846=LINE('',#5963,#1266);
#847=LINE('',#5965,#1267);
#848=LINE('',#5966,#1268);
#849=LINE('',#5969,#1269);
#850=LINE('',#5971,#1270);
#851=LINE('',#5972,#1271);
#852=LINE('',#5975,#1272);
#853=LINE('',#5977,#1273);
#854=LINE('',#5978,#1274);
#855=LINE('',#5984,#1275);
#856=LINE('',#5987,#1276);
#857=LINE('',#5989,#1277);
#858=LINE('',#5990,#1278);
#859=LINE('',#5996,#1279);
#860=LINE('',#5999,#1280);
#861=LINE('',#6001,#1281);
#862=LINE('',#6002,#1282);
#863=LINE('',#6008,#1283);
#864=LINE('',#6011,#1284);
#865=LINE('',#6013,#1285);
#866=LINE('',#6014,#1286);
#867=LINE('',#6023,#1287);
#868=LINE('',#6026,#1288);
#869=LINE('',#6029,#1289);
#870=LINE('',#6031,#1290);
#871=LINE('',#6032,#1291);
#872=LINE('',#6038,#1292);
#873=LINE('',#6044,#1293);
#874=LINE('',#6047,#1294);
#875=LINE('',#6050,#1295);
#876=LINE('',#6052,#1296);
#877=LINE('',#6053,#1297);
#878=LINE('',#6059,#1298);
#879=LINE('',#6065,#1299);
#880=LINE('',#6068,#1300);
#881=LINE('',#6071,#1301);
#882=LINE('',#6073,#1302);
#883=LINE('',#6074,#1303);
#884=LINE('',#6080,#1304);
#885=LINE('',#6086,#1305);
#886=LINE('',#6089,#1306);
#887=LINE('',#6092,#1307);
#888=LINE('',#6094,#1308);
#889=LINE('',#6095,#1309);
#890=LINE('',#6100,#1310);
#891=LINE('',#6104,#1311);
#892=LINE('',#6106,#1312);
#893=LINE('',#6107,#1313);
#894=LINE('',#6110,#1314);
#895=LINE('',#6112,#1315);
#896=LINE('',#6113,#1316);
#897=LINE('',#6116,#1317);
#898=LINE('',#6118,#1318);
#899=LINE('',#6119,#1319);
#900=LINE('',#6122,#1320);
#901=LINE('',#6124,#1321);
#902=LINE('',#6125,#1322);
#903=LINE('',#6128,#1323);
#904=LINE('',#6130,#1324);
#905=LINE('',#6131,#1325);
#906=LINE('',#6134,#1326);
#907=LINE('',#6136,#1327);
#908=LINE('',#6137,#1328);
#909=LINE('',#6140,#1329);
#910=LINE('',#6142,#1330);
#911=LINE('',#6143,#1331);
#912=LINE('',#6146,#1332);
#913=LINE('',#6148,#1333);
#914=LINE('',#6149,#1334);
#915=LINE('',#6153,#1335);
#916=LINE('',#6155,#1336);
#917=LINE('',#6157,#1337);
#918=LINE('',#6158,#1338);
#919=LINE('',#6163,#1339);
#920=LINE('',#6168,#1340);
#921=LINE('',#6173,#1341);
#922=LINE('',#6178,#1342);
#923=LINE('',#6182,#1343);
#924=LINE('',#6186,#1344);
#925=LINE('',#6190,#1345);
#926=LINE('',#6194,#1346);
#927=LINE('',#6198,#1347);
#928=LINE('',#6202,#1348);
#929=LINE('',#6206,#1349);
#930=LINE('',#6210,#1350);
#931=LINE('',#6214,#1351);
#932=LINE('',#6218,#1352);
#933=LINE('',#6222,#1353);
#934=LINE('',#6226,#1354);
#935=LINE('',#6230,#1355);
#936=LINE('',#6234,#1356);
#937=LINE('',#6238,#1357);
#938=LINE('',#6242,#1358);
#939=LINE('',#6246,#1359);
#940=LINE('',#6250,#1360);
#941=LINE('',#6254,#1361);
#942=LINE('',#6258,#1362);
#943=LINE('',#6262,#1363);
#944=LINE('',#6266,#1364);
#945=LINE('',#6270,#1365);
#946=LINE('',#6274,#1366);
#947=LINE('',#6278,#1367);
#948=LINE('',#6282,#1368);
#949=LINE('',#6286,#1369);
#950=LINE('',#6290,#1370);
#951=LINE('',#6296,#1371);
#952=LINE('',#6300,#1372);
#953=LINE('',#6304,#1373);
#954=LINE('',#6307,#1374);
#955=LINE('',#6310,#1375);
#956=LINE('',#6314,#1376);
#957=LINE('',#6318,#1377);
#958=LINE('',#6322,#1378);
#959=LINE('',#6326,#1379);
#960=LINE('',#6330,#1380);
#961=LINE('',#6334,#1381);
#962=LINE('',#6338,#1382);
#963=LINE('',#6342,#1383);
#964=LINE('',#6345,#1384);
#965=LINE('',#6349,#1385);
#966=LINE('',#6353,#1386);
#967=LINE('',#6355,#1387);
#968=LINE('',#6359,#1388);
#969=LINE('',#6363,#1389);
#970=LINE('',#6367,#1390);
#971=LINE('',#6369,#1391);
#972=LINE('',#6373,#1392);
#973=LINE('',#6375,#1393);
#974=LINE('',#6379,#1394);
#975=LINE('',#6383,#1395);
#976=LINE('',#6387,#1396);
#977=LINE('',#6391,#1397);
#978=LINE('',#6395,#1398);
#979=LINE('',#6399,#1399);
#980=LINE('',#6403,#1400);
#981=LINE('',#6407,#1401);
#982=LINE('',#6411,#1402);
#983=LINE('',#6415,#1403);
#984=LINE('',#6419,#1404);
#985=LINE('',#6423,#1405);
#986=LINE('',#6427,#1406);
#987=LINE('',#6431,#1407);
#988=LINE('',#6435,#1408);
#989=LINE('',#6439,#1409);
#990=LINE('',#6443,#1410);
#991=LINE('',#6447,#1411);
#992=LINE('',#6451,#1412);
#993=LINE('',#6455,#1413);
#994=LINE('',#6461,#1414);
#995=LINE('',#6466,#1415);
#996=LINE('',#6471,#1416);
#997=LINE('',#6476,#1417);
#998=LINE('',#6480,#1418);
#999=LINE('',#6484,#1419);
#1000=LINE('',#6486,#1420);
#1001=LINE('',#6490,#1421);
#1002=LINE('',#6492,#1422);
#1003=LINE('',#6496,#1423);
#1004=LINE('',#6500,#1424);
#1005=LINE('',#6504,#1425);
#1006=LINE('',#6506,#1426);
#1007=LINE('',#6510,#1427);
#1008=LINE('',#6513,#1428);
#1009=LINE('',#6517,#1429);
#1010=LINE('',#6521,#1430);
#1011=LINE('',#6525,#1431);
#1012=LINE('',#6529,#1432);
#1013=LINE('',#6533,#1433);
#1014=LINE('',#6537,#1434);
#1015=LINE('',#6541,#1435);
#1016=LINE('',#6545,#1436);
#1017=LINE('',#6549,#1437);
#1018=LINE('',#6553,#1438);
#1019=LINE('',#6557,#1439);
#1020=LINE('',#6561,#1440);
#1021=LINE('',#6565,#1441);
#1022=LINE('',#6569,#1442);
#1023=LINE('',#6573,#1443);
#1024=LINE('',#6577,#1444);
#1025=LINE('',#6581,#1445);
#1026=LINE('',#6585,#1446);
#1027=LINE('',#6589,#1447);
#1028=LINE('',#6593,#1448);
#1029=LINE('',#6597,#1449);
#1030=LINE('',#6601,#1450);
#1031=LINE('',#6605,#1451);
#1032=LINE('',#6609,#1452);
#1033=LINE('',#6613,#1453);
#1034=LINE('',#6617,#1454);
#1035=LINE('',#6621,#1455);
#1036=LINE('',#6625,#1456);
#1037=LINE('',#6631,#1457);
#1038=LINE('',#6635,#1458);
#1039=LINE('',#6639,#1459);
#1040=LINE('',#6642,#1460);
#1041=LINE('',#6645,#1461);
#1042=LINE('',#6649,#1462);
#1043=LINE('',#6653,#1463);
#1044=LINE('',#6657,#1464);
#1045=LINE('',#6661,#1465);
#1046=LINE('',#6665,#1466);
#1047=LINE('',#6669,#1467);
#1048=LINE('',#6673,#1468);
#1049=LINE('',#6677,#1469);
#1050=LINE('',#6681,#1470);
#1051=LINE('',#6685,#1471);
#1052=LINE('',#6689,#1472);
#1053=LINE('',#6693,#1473);
#1054=LINE('',#6697,#1474);
#1055=LINE('',#6701,#1475);
#1056=LINE('',#6705,#1476);
#1057=LINE('',#6709,#1477);
#1058=LINE('',#6713,#1478);
#1059=LINE('',#6717,#1479);
#1060=LINE('',#6721,#1480);
#1061=LINE('',#6725,#1481);
#1062=LINE('',#6729,#1482);
#1063=LINE('',#6733,#1483);
#1064=LINE('',#6737,#1484);
#1065=LINE('',#6741,#1485);
#1066=LINE('',#6745,#1486);
#1067=LINE('',#6749,#1487);
#1068=LINE('',#6753,#1488);
#1069=LINE('',#6756,#1489);
#1070=LINE('',#6758,#1490);
#1071=LINE('',#6761,#1491);
#1072=LINE('',#6763,#1492);
#1073=LINE('',#6766,#1493);
#1074=LINE('',#6768,#1494);
#1075=LINE('',#6771,#1495);
#1076=LINE('',#6773,#1496);
#1077=LINE('',#6776,#1497);
#1078=LINE('',#6777,#1498);
#1079=LINE('',#6779,#1499);
#1080=LINE('',#6781,#1500);
#1081=LINE('',#6783,#1501);
#1082=LINE('',#6785,#1502);
#1083=LINE('',#6787,#1503);
#1084=LINE('',#6789,#1504);
#1085=LINE('',#6792,#1505);
#1086=LINE('',#6793,#1506);
#1087=LINE('',#6795,#1507);
#1088=LINE('',#6797,#1508);
#1089=LINE('',#6799,#1509);
#1090=LINE('',#6801,#1510);
#1091=LINE('',#6803,#1511);
#1092=LINE('',#6805,#1512);
#1093=LINE('',#6808,#1513);
#1094=LINE('',#6809,#1514);
#1095=LINE('',#6811,#1515);
#1096=LINE('',#6813,#1516);
#1097=LINE('',#6815,#1517);
#1098=LINE('',#6817,#1518);
#1099=LINE('',#6819,#1519);
#1100=LINE('',#6821,#1520);
#1101=LINE('',#6824,#1521);
#1102=LINE('',#6825,#1522);
#1103=LINE('',#6827,#1523);
#1104=LINE('',#6829,#1524);
#1105=LINE('',#6831,#1525);
#1106=LINE('',#6833,#1526);
#1107=LINE('',#6835,#1527);
#1108=LINE('',#6837,#1528);
#1109=LINE('',#6840,#1529);
#1110=LINE('',#6841,#1530);
#1111=LINE('',#6843,#1531);
#1112=LINE('',#6845,#1532);
#1113=LINE('',#6847,#1533);
#1114=LINE('',#6849,#1534);
#1115=LINE('',#6851,#1535);
#1116=LINE('',#6853,#1536);
#1117=LINE('',#6856,#1537);
#1118=LINE('',#6857,#1538);
#1119=LINE('',#6859,#1539);
#1120=LINE('',#6861,#1540);
#1121=LINE('',#6863,#1541);
#1122=LINE('',#6865,#1542);
#1123=LINE('',#6867,#1543);
#1124=LINE('',#6869,#1544);
#1125=LINE('',#6872,#1545);
#1126=LINE('',#6873,#1546);
#1127=LINE('',#6875,#1547);
#1128=LINE('',#6877,#1548);
#1129=LINE('',#6879,#1549);
#1130=LINE('',#6881,#1550);
#1131=LINE('',#6883,#1551);
#1132=LINE('',#6885,#1552);
#1133=LINE('',#6888,#1553);
#1134=LINE('',#6889,#1554);
#1135=LINE('',#6891,#1555);
#1136=LINE('',#6893,#1556);
#1137=LINE('',#6895,#1557);
#1138=LINE('',#6897,#1558);
#1139=LINE('',#6899,#1559);
#1140=LINE('',#6901,#1560);
#1141=LINE('',#6904,#1561);
#1142=LINE('',#6905,#1562);
#1143=LINE('',#6907,#1563);
#1144=LINE('',#6909,#1564);
#1145=LINE('',#6911,#1565);
#1146=LINE('',#6913,#1566);
#1147=LINE('',#6915,#1567);
#1148=LINE('',#6917,#1568);
#1149=LINE('',#6920,#1569);
#1150=LINE('',#6921,#1570);
#1151=LINE('',#6923,#1571);
#1152=LINE('',#6925,#1572);
#1153=LINE('',#6927,#1573);
#1154=LINE('',#6928,#1574);
#1155=LINE('',#6930,#1575);
#1156=LINE('',#6932,#1576);
#1157=LINE('',#6934,#1577);
#1158=LINE('',#6936,#1578);
#1159=LINE('',#6938,#1579);
#1160=LINE('',#6940,#1580);
#1161=LINE('',#6943,#1581);
#1162=LINE('',#6944,#1582);
#1163=LINE('',#6946,#1583);
#1164=LINE('',#6948,#1584);
#1165=LINE('',#6950,#1585);
#1166=LINE('',#6951,#1586);
#1167=LINE('',#6953,#1587);
#1168=LINE('',#6955,#1588);
#1169=LINE('',#6957,#1589);
#1170=LINE('',#6959,#1590);
#1171=LINE('',#6961,#1591);
#1172=LINE('',#6963,#1592);
#1173=LINE('',#6966,#1593);
#1174=LINE('',#6968,#1594);
#1175=LINE('',#6970,#1595);
#1176=LINE('',#6973,#1596);
#1177=LINE('',#6974,#1597);
#1178=LINE('',#6976,#1598);
#1179=LINE('',#6978,#1599);
#1180=LINE('',#6980,#1600);
#1181=LINE('',#6982,#1601);
#1182=LINE('',#6984,#1602);
#1183=LINE('',#6986,#1603);
#1184=LINE('',#6989,#1604);
#1185=LINE('',#6990,#1605);
#1186=LINE('',#6992,#1606);
#1187=LINE('',#6994,#1607);
#1188=LINE('',#6996,#1608);
#1189=LINE('',#6998,#1609);
#1190=LINE('',#7000,#1610);
#1191=LINE('',#7002,#1611);
#1192=LINE('',#7005,#1612);
#1193=LINE('',#7006,#1613);
#1194=LINE('',#7008,#1614);
#1195=LINE('',#7009,#1615);
#1196=LINE('',#7011,#1616);
#1197=LINE('',#7013,#1617);
#1198=LINE('',#7015,#1618);
#1199=LINE('',#7017,#1619);
#1200=LINE('',#7019,#1620);
#1201=LINE('',#7021,#1621);
#1202=LINE('',#7024,#1622);
#1203=LINE('',#7025,#1623);
#1204=LINE('',#7027,#1624);
#1205=LINE('',#7029,#1625);
#1206=LINE('',#7031,#1626);
#1207=LINE('',#7033,#1627);
#1208=LINE('',#7035,#1628);
#1209=LINE('',#7037,#1629);
#1210=LINE('',#7040,#1630);
#1211=LINE('',#7043,#1631);
#1212=LINE('',#7046,#1632);
#1213=LINE('',#7047,#1633);
#1214=LINE('',#7050,#1634);
#1215=VECTOR('',#4611,10.);
#1216=VECTOR('',#4612,10.);
#1217=VECTOR('',#4613,10.);
#1218=VECTOR('',#4614,10.);
#1219=VECTOR('',#4617,10.);
#1220=VECTOR('',#4618,10.);
#1221=VECTOR('',#4619,10.);
#1222=VECTOR('',#4622,10.);
#1223=VECTOR('',#4623,10.);
#1224=VECTOR('',#4624,10.);
#1225=VECTOR('',#4631,10.);
#1226=VECTOR('',#4634,10.);
#1227=VECTOR('',#4635,10.);
#1228=VECTOR('',#4636,10.);
#1229=VECTOR('',#4643,10.);
#1230=VECTOR('',#4646,10.);
#1231=VECTOR('',#4647,10.);
#1232=VECTOR('',#4648,10.);
#1233=VECTOR('',#4651,10.);
#1234=VECTOR('',#4652,10.);
#1235=VECTOR('',#4653,10.);
#1236=VECTOR('',#4656,10.);
#1237=VECTOR('',#4657,10.);
#1238=VECTOR('',#4658,10.);
#1239=VECTOR('',#4665,10.);
#1240=VECTOR('',#4668,10.);
#1241=VECTOR('',#4669,10.);
#1242=VECTOR('',#4670,10.);
#1243=VECTOR('',#4677,10.);
#1244=VECTOR('',#4680,10.);
#1245=VECTOR('',#4681,10.);
#1246=VECTOR('',#4682,10.);
#1247=VECTOR('',#4689,10.);
#1248=VECTOR('',#4692,10.);
#1249=VECTOR('',#4693,10.);
#1250=VECTOR('',#4694,10.);
#1251=VECTOR('',#4701,10.);
#1252=VECTOR('',#4704,10.);
#1253=VECTOR('',#4705,10.);
#1254=VECTOR('',#4706,10.);
#1255=VECTOR('',#4709,10.);
#1256=VECTOR('',#4710,10.);
#1257=VECTOR('',#4711,10.);
#1258=VECTOR('',#4714,10.);
#1259=VECTOR('',#4715,10.);
#1260=VECTOR('',#4716,10.);
#1261=VECTOR('',#4723,10.);
#1262=VECTOR('',#4726,10.);
#1263=VECTOR('',#4727,10.);
#1264=VECTOR('',#4728,10.);
#1265=VECTOR('',#4735,10.);
#1266=VECTOR('',#4738,10.);
#1267=VECTOR('',#4739,10.);
#1268=VECTOR('',#4740,10.);
#1269=VECTOR('',#4743,10.);
#1270=VECTOR('',#4744,10.);
#1271=VECTOR('',#4745,10.);
#1272=VECTOR('',#4748,10.);
#1273=VECTOR('',#4749,10.);
#1274=VECTOR('',#4750,10.);
#1275=VECTOR('',#4757,10.);
#1276=VECTOR('',#4760,10.);
#1277=VECTOR('',#4761,10.);
#1278=VECTOR('',#4762,10.);
#1279=VECTOR('',#4769,10.);
#1280=VECTOR('',#4772,10.);
#1281=VECTOR('',#4773,10.);
#1282=VECTOR('',#4774,10.);
#1283=VECTOR('',#4781,10.);
#1284=VECTOR('',#4784,10.);
#1285=VECTOR('',#4785,10.);
#1286=VECTOR('',#4786,10.);
#1287=VECTOR('',#4797,10.);
#1288=VECTOR('',#4800,10.);
#1289=VECTOR('',#4803,10.);
#1290=VECTOR('',#4804,10.);
#1291=VECTOR('',#4805,10.);
#1292=VECTOR('',#4812,10.);
#1293=VECTOR('',#4817,10.);
#1294=VECTOR('',#4820,10.);
#1295=VECTOR('',#4823,10.);
#1296=VECTOR('',#4824,10.);
#1297=VECTOR('',#4825,10.);
#1298=VECTOR('',#4832,10.);
#1299=VECTOR('',#4837,10.);
#1300=VECTOR('',#4840,10.);
#1301=VECTOR('',#4843,10.);
#1302=VECTOR('',#4844,10.);
#1303=VECTOR('',#4845,10.);
#1304=VECTOR('',#4852,10.);
#1305=VECTOR('',#4857,10.);
#1306=VECTOR('',#4860,10.);
#1307=VECTOR('',#4863,10.);
#1308=VECTOR('',#4864,10.);
#1309=VECTOR('',#4865,10.);
#1310=VECTOR('',#4870,10.);
#1311=VECTOR('',#4875,10.);
#1312=VECTOR('',#4876,10.);
#1313=VECTOR('',#4877,10.);
#1314=VECTOR('',#4880,10.);
#1315=VECTOR('',#4881,10.);
#1316=VECTOR('',#4882,10.);
#1317=VECTOR('',#4885,10.);
#1318=VECTOR('',#4886,10.);
#1319=VECTOR('',#4887,10.);
#1320=VECTOR('',#4890,10.);
#1321=VECTOR('',#4891,10.);
#1322=VECTOR('',#4892,10.);
#1323=VECTOR('',#4895,10.);
#1324=VECTOR('',#4896,10.);
#1325=VECTOR('',#4897,10.);
#1326=VECTOR('',#4900,10.);
#1327=VECTOR('',#4901,10.);
#1328=VECTOR('',#4902,10.);
#1329=VECTOR('',#4905,10.);
#1330=VECTOR('',#4906,10.);
#1331=VECTOR('',#4907,10.);
#1332=VECTOR('',#4910,10.);
#1333=VECTOR('',#4911,10.);
#1334=VECTOR('',#4912,10.);
#1335=VECTOR('',#4915,10.);
#1336=VECTOR('',#4916,10.);
#1337=VECTOR('',#4917,10.);
#1338=VECTOR('',#4918,10.);
#1339=VECTOR('',#4923,10.);
#1340=VECTOR('',#4928,10.);
#1341=VECTOR('',#4933,10.);
#1342=VECTOR('',#4938,10.);
#1343=VECTOR('',#4941,10.);
#1344=VECTOR('',#4944,10.);
#1345=VECTOR('',#4947,10.);
#1346=VECTOR('',#4950,10.);
#1347=VECTOR('',#4953,10.);
#1348=VECTOR('',#4956,10.);
#1349=VECTOR('',#4959,10.);
#1350=VECTOR('',#4962,10.);
#1351=VECTOR('',#4965,10.);
#1352=VECTOR('',#4968,10.);
#1353=VECTOR('',#4971,10.);
#1354=VECTOR('',#4974,10.);
#1355=VECTOR('',#4977,10.);
#1356=VECTOR('',#4980,10.);
#1357=VECTOR('',#4983,10.);
#1358=VECTOR('',#4986,10.);
#1359=VECTOR('',#4989,10.);
#1360=VECTOR('',#4992,10.);
#1361=VECTOR('',#4995,10.);
#1362=VECTOR('',#4998,10.);
#1363=VECTOR('',#5001,10.);
#1364=VECTOR('',#5004,10.);
#1365=VECTOR('',#5007,10.);
#1366=VECTOR('',#5010,10.);
#1367=VECTOR('',#5013,10.);
#1368=VECTOR('',#5016,10.);
#1369=VECTOR('',#5019,10.);
#1370=VECTOR('',#5022,10.);
#1371=VECTOR('',#5027,10.);
#1372=VECTOR('',#5030,10.);
#1373=VECTOR('',#5033,10.);
#1374=VECTOR('',#5036,10.);
#1375=VECTOR('',#5037,10.);
#1376=VECTOR('',#5040,10.);
#1377=VECTOR('',#5043,10.);
#1378=VECTOR('',#5046,10.);
#1379=VECTOR('',#5049,10.);
#1380=VECTOR('',#5052,10.);
#1381=VECTOR('',#5055,10.);
#1382=VECTOR('',#5058,10.);
#1383=VECTOR('',#5061,10.);
#1384=VECTOR('',#5064,10.);
#1385=VECTOR('',#5067,10.);
#1386=VECTOR('',#5070,10.);
#1387=VECTOR('',#5071,10.);
#1388=VECTOR('',#5074,10.);
#1389=VECTOR('',#5077,10.);
#1390=VECTOR('',#5080,10.);
#1391=VECTOR('',#5081,10.);
#1392=VECTOR('',#5084,10.);
#1393=VECTOR('',#5085,10.);
#1394=VECTOR('',#5088,10.);
#1395=VECTOR('',#5091,10.);
#1396=VECTOR('',#5094,10.);
#1397=VECTOR('',#5097,10.);
#1398=VECTOR('',#5100,10.);
#1399=VECTOR('',#5103,10.);
#1400=VECTOR('',#5106,10.);
#1401=VECTOR('',#5109,10.);
#1402=VECTOR('',#5112,10.);
#1403=VECTOR('',#5115,10.);
#1404=VECTOR('',#5118,10.);
#1405=VECTOR('',#5121,10.);
#1406=VECTOR('',#5124,10.);
#1407=VECTOR('',#5127,10.);
#1408=VECTOR('',#5130,10.);
#1409=VECTOR('',#5133,10.);
#1410=VECTOR('',#5136,10.);
#1411=VECTOR('',#5139,10.);
#1412=VECTOR('',#5142,10.);
#1413=VECTOR('',#5145,10.);
#1414=VECTOR('',#5152,10.);
#1415=VECTOR('',#5157,10.);
#1416=VECTOR('',#5162,10.);
#1417=VECTOR('',#5167,10.);
#1418=VECTOR('',#5170,10.);
#1419=VECTOR('',#5173,10.);
#1420=VECTOR('',#5174,10.);
#1421=VECTOR('',#5177,10.);
#1422=VECTOR('',#5178,10.);
#1423=VECTOR('',#5181,10.);
#1424=VECTOR('',#5184,10.);
#1425=VECTOR('',#5187,10.);
#1426=VECTOR('',#5188,10.);
#1427=VECTOR('',#5191,10.);
#1428=VECTOR('',#5194,10.);
#1429=VECTOR('',#5197,10.);
#1430=VECTOR('',#5200,10.);
#1431=VECTOR('',#5203,10.);
#1432=VECTOR('',#5206,10.);
#1433=VECTOR('',#5209,10.);
#1434=VECTOR('',#5212,10.);
#1435=VECTOR('',#5215,10.);
#1436=VECTOR('',#5218,10.);
#1437=VECTOR('',#5221,10.);
#1438=VECTOR('',#5224,10.);
#1439=VECTOR('',#5227,10.);
#1440=VECTOR('',#5230,10.);
#1441=VECTOR('',#5233,10.);
#1442=VECTOR('',#5236,10.);
#1443=VECTOR('',#5239,10.);
#1444=VECTOR('',#5242,10.);
#1445=VECTOR('',#5245,10.);
#1446=VECTOR('',#5248,10.);
#1447=VECTOR('',#5251,10.);
#1448=VECTOR('',#5254,10.);
#1449=VECTOR('',#5257,10.);
#1450=VECTOR('',#5260,10.);
#1451=VECTOR('',#5263,10.);
#1452=VECTOR('',#5266,10.);
#1453=VECTOR('',#5269,10.);
#1454=VECTOR('',#5272,10.);
#1455=VECTOR('',#5275,10.);
#1456=VECTOR('',#5278,10.);
#1457=VECTOR('',#5283,10.);
#1458=VECTOR('',#5286,10.);
#1459=VECTOR('',#5289,10.);
#1460=VECTOR('',#5292,10.);
#1461=VECTOR('',#5293,10.);
#1462=VECTOR('',#5296,10.);
#1463=VECTOR('',#5299,10.);
#1464=VECTOR('',#5302,10.);
#1465=VECTOR('',#5305,10.);
#1466=VECTOR('',#5308,10.);
#1467=VECTOR('',#5311,10.);
#1468=VECTOR('',#5314,10.);
#1469=VECTOR('',#5317,10.);
#1470=VECTOR('',#5320,10.);
#1471=VECTOR('',#5323,10.);
#1472=VECTOR('',#5326,10.);
#1473=VECTOR('',#5329,10.);
#1474=VECTOR('',#5332,10.);
#1475=VECTOR('',#5335,10.);
#1476=VECTOR('',#5338,10.);
#1477=VECTOR('',#5341,10.);
#1478=VECTOR('',#5344,10.);
#1479=VECTOR('',#5347,10.);
#1480=VECTOR('',#5350,10.);
#1481=VECTOR('',#5353,10.);
#1482=VECTOR('',#5356,10.);
#1483=VECTOR('',#5359,10.);
#1484=VECTOR('',#5362,10.);
#1485=VECTOR('',#5365,10.);
#1486=VECTOR('',#5368,10.);
#1487=VECTOR('',#5371,10.);
#1488=VECTOR('',#5374,10.);
#1489=VECTOR('',#5379,10.);
#1490=VECTOR('',#5382,10.);
#1491=VECTOR('',#5387,10.);
#1492=VECTOR('',#5390,10.);
#1493=VECTOR('',#5395,10.);
#1494=VECTOR('',#5398,10.);
#1495=VECTOR('',#5403,10.);
#1496=VECTOR('',#5406,10.);
#1497=VECTOR('',#5411,10.);
#1498=VECTOR('',#5412,10.);
#1499=VECTOR('',#5415,10.);
#1500=VECTOR('',#5418,10.);
#1501=VECTOR('',#5421,10.);
#1502=VECTOR('',#5424,10.);
#1503=VECTOR('',#5427,10.);
#1504=VECTOR('',#5430,10.);
#1505=VECTOR('',#5435,10.);
#1506=VECTOR('',#5436,10.);
#1507=VECTOR('',#5439,10.);
#1508=VECTOR('',#5442,10.);
#1509=VECTOR('',#5445,10.);
#1510=VECTOR('',#5448,10.);
#1511=VECTOR('',#5451,10.);
#1512=VECTOR('',#5454,10.);
#1513=VECTOR('',#5459,10.);
#1514=VECTOR('',#5460,10.);
#1515=VECTOR('',#5463,10.);
#1516=VECTOR('',#5466,10.);
#1517=VECTOR('',#5469,10.);
#1518=VECTOR('',#5472,10.);
#1519=VECTOR('',#5475,10.);
#1520=VECTOR('',#5478,10.);
#1521=VECTOR('',#5483,10.);
#1522=VECTOR('',#5484,10.);
#1523=VECTOR('',#5487,10.);
#1524=VECTOR('',#5490,10.);
#1525=VECTOR('',#5493,10.);
#1526=VECTOR('',#5496,10.);
#1527=VECTOR('',#5499,10.);
#1528=VECTOR('',#5502,10.);
#1529=VECTOR('',#5507,10.);
#1530=VECTOR('',#5508,10.);
#1531=VECTOR('',#5511,10.);
#1532=VECTOR('',#5514,10.);
#1533=VECTOR('',#5517,10.);
#1534=VECTOR('',#5520,10.);
#1535=VECTOR('',#5523,10.);
#1536=VECTOR('',#5526,10.);
#1537=VECTOR('',#5531,10.);
#1538=VECTOR('',#5532,10.);
#1539=VECTOR('',#5535,10.);
#1540=VECTOR('',#5538,10.);
#1541=VECTOR('',#5541,10.);
#1542=VECTOR('',#5544,10.);
#1543=VECTOR('',#5547,10.);
#1544=VECTOR('',#5550,10.);
#1545=VECTOR('',#5555,10.);
#1546=VECTOR('',#5556,10.);
#1547=VECTOR('',#5559,10.);
#1548=VECTOR('',#5562,10.);
#1549=VECTOR('',#5565,10.);
#1550=VECTOR('',#5568,10.);
#1551=VECTOR('',#5571,10.);
#1552=VECTOR('',#5574,10.);
#1553=VECTOR('',#5579,10.);
#1554=VECTOR('',#5580,10.);
#1555=VECTOR('',#5583,10.);
#1556=VECTOR('',#5586,10.);
#1557=VECTOR('',#5589,10.);
#1558=VECTOR('',#5592,10.);
#1559=VECTOR('',#5595,10.);
#1560=VECTOR('',#5598,10.);
#1561=VECTOR('',#5603,10.);
#1562=VECTOR('',#5604,10.);
#1563=VECTOR('',#5607,10.);
#1564=VECTOR('',#5610,10.);
#1565=VECTOR('',#5613,10.);
#1566=VECTOR('',#5616,10.);
#1567=VECTOR('',#5619,10.);
#1568=VECTOR('',#5622,10.);
#1569=VECTOR('',#5627,10.);
#1570=VECTOR('',#5628,10.);
#1571=VECTOR('',#5631,10.);
#1572=VECTOR('',#5634,10.);
#1573=VECTOR('',#5637,10.);
#1574=VECTOR('',#5638,10.);
#1575=VECTOR('',#5641,10.);
#1576=VECTOR('',#5644,10.);
#1577=VECTOR('',#5647,10.);
#1578=VECTOR('',#5650,10.);
#1579=VECTOR('',#5653,10.);
#1580=VECTOR('',#5656,10.);
#1581=VECTOR('',#5661,10.);
#1582=VECTOR('',#5662,10.);
#1583=VECTOR('',#5665,10.);
#1584=VECTOR('',#5668,10.);
#1585=VECTOR('',#5671,10.);
#1586=VECTOR('',#5672,10.);
#1587=VECTOR('',#5675,10.);
#1588=VECTOR('',#5678,10.);
#1589=VECTOR('',#5681,10.);
#1590=VECTOR('',#5684,10.);
#1591=VECTOR('',#5687,10.);
#1592=VECTOR('',#5690,10.);
#1593=VECTOR('',#5695,10.);
#1594=VECTOR('',#5698,10.);
#1595=VECTOR('',#5701,10.);
#1596=VECTOR('',#5706,10.);
#1597=VECTOR('',#5707,10.);
#1598=VECTOR('',#5710,10.);
#1599=VECTOR('',#5713,10.);
#1600=VECTOR('',#5716,10.);
#1601=VECTOR('',#5719,10.);
#1602=VECTOR('',#5722,10.);
#1603=VECTOR('',#5725,10.);
#1604=VECTOR('',#5730,10.);
#1605=VECTOR('',#5731,10.);
#1606=VECTOR('',#5734,10.);
#1607=VECTOR('',#5737,10.);
#1608=VECTOR('',#5740,10.);
#1609=VECTOR('',#5743,10.);
#1610=VECTOR('',#5746,10.);
#1611=VECTOR('',#5749,10.);
#1612=VECTOR('',#5754,10.);
#1613=VECTOR('',#5755,10.);
#1614=VECTOR('',#5758,10.);
#1615=VECTOR('',#5759,10.);
#1616=VECTOR('',#5762,10.);
#1617=VECTOR('',#5765,10.);
#1618=VECTOR('',#5768,10.);
#1619=VECTOR('',#5771,10.);
#1620=VECTOR('',#5774,10.);
#1621=VECTOR('',#5777,10.);
#1622=VECTOR('',#5782,10.);
#1623=VECTOR('',#5783,10.);
#1624=VECTOR('',#5786,10.);
#1625=VECTOR('',#5789,10.);
#1626=VECTOR('',#5792,10.);
#1627=VECTOR('',#5795,10.);
#1628=VECTOR('',#5798,10.);
#1629=VECTOR('',#5801,10.);
#1630=VECTOR('',#5806,10.);
#1631=VECTOR('',#5811,10.);
#1632=VECTOR('',#5816,10.);
#1633=VECTOR('',#5817,10.);
#1634=VECTOR('',#5822,10.);
#1635=VERTEX_POINT('',#5827);
#1636=VERTEX_POINT('',#5828);
#1637=VERTEX_POINT('',#5830);
#1638=VERTEX_POINT('',#5832);
#1639=VERTEX_POINT('',#5836);
#1640=VERTEX_POINT('',#5838);
#1641=VERTEX_POINT('',#5842);
#1642=VERTEX_POINT('',#5844);
#1643=VERTEX_POINT('',#5848);
#1644=VERTEX_POINT('',#5850);
#1645=VERTEX_POINT('',#5854);
#1646=VERTEX_POINT('',#5856);
#1647=VERTEX_POINT('',#5860);
#1648=VERTEX_POINT('',#5862);
#1649=VERTEX_POINT('',#5866);
#1650=VERTEX_POINT('',#5868);
#1651=VERTEX_POINT('',#5872);
#1652=VERTEX_POINT('',#5874);
#1653=VERTEX_POINT('',#5878);
#1654=VERTEX_POINT('',#5880);
#1655=VERTEX_POINT('',#5884);
#1656=VERTEX_POINT('',#5886);
#1657=VERTEX_POINT('',#5890);
#1658=VERTEX_POINT('',#5892);
#1659=VERTEX_POINT('',#5896);
#1660=VERTEX_POINT('',#5898);
#1661=VERTEX_POINT('',#5902);
#1662=VERTEX_POINT('',#5904);
#1663=VERTEX_POINT('',#5908);
#1664=VERTEX_POINT('',#5910);
#1665=VERTEX_POINT('',#5914);
#1666=VERTEX_POINT('',#5916);
#1667=VERTEX_POINT('',#5920);
#1668=VERTEX_POINT('',#5922);
#1669=VERTEX_POINT('',#5926);
#1670=VERTEX_POINT('',#5928);
#1671=VERTEX_POINT('',#5932);
#1672=VERTEX_POINT('',#5934);
#1673=VERTEX_POINT('',#5938);
#1674=VERTEX_POINT('',#5940);
#1675=VERTEX_POINT('',#5944);
#1676=VERTEX_POINT('',#5946);
#1677=VERTEX_POINT('',#5950);
#1678=VERTEX_POINT('',#5952);
#1679=VERTEX_POINT('',#5956);
#1680=VERTEX_POINT('',#5958);
#1681=VERTEX_POINT('',#5962);
#1682=VERTEX_POINT('',#5964);
#1683=VERTEX_POINT('',#5968);
#1684=VERTEX_POINT('',#5970);
#1685=VERTEX_POINT('',#5974);
#1686=VERTEX_POINT('',#5976);
#1687=VERTEX_POINT('',#5980);
#1688=VERTEX_POINT('',#5982);
#1689=VERTEX_POINT('',#5986);
#1690=VERTEX_POINT('',#5988);
#1691=VERTEX_POINT('',#5992);
#1692=VERTEX_POINT('',#5994);
#1693=VERTEX_POINT('',#5998);
#1694=VERTEX_POINT('',#6000);
#1695=VERTEX_POINT('',#6004);
#1696=VERTEX_POINT('',#6006);
#1697=VERTEX_POINT('',#6010);
#1698=VERTEX_POINT('',#6012);
#1699=VERTEX_POINT('',#6019);
#1700=VERTEX_POINT('',#6020);
#1701=VERTEX_POINT('',#6022);
#1702=VERTEX_POINT('',#6024);
#1703=VERTEX_POINT('',#6028);
#1704=VERTEX_POINT('',#6030);
#1705=VERTEX_POINT('',#6034);
#1706=VERTEX_POINT('',#6036);
#1707=VERTEX_POINT('',#6040);
#1708=VERTEX_POINT('',#6041);
#1709=VERTEX_POINT('',#6043);
#1710=VERTEX_POINT('',#6045);
#1711=VERTEX_POINT('',#6049);
#1712=VERTEX_POINT('',#6051);
#1713=VERTEX_POINT('',#6055);
#1714=VERTEX_POINT('',#6057);
#1715=VERTEX_POINT('',#6061);
#1716=VERTEX_POINT('',#6062);
#1717=VERTEX_POINT('',#6064);
#1718=VERTEX_POINT('',#6066);
#1719=VERTEX_POINT('',#6070);
#1720=VERTEX_POINT('',#6072);
#1721=VERTEX_POINT('',#6076);
#1722=VERTEX_POINT('',#6078);
#1723=VERTEX_POINT('',#6082);
#1724=VERTEX_POINT('',#6083);
#1725=VERTEX_POINT('',#6085);
#1726=VERTEX_POINT('',#6087);
#1727=VERTEX_POINT('',#6091);
#1728=VERTEX_POINT('',#6093);
#1729=VERTEX_POINT('',#6097);
#1730=VERTEX_POINT('',#6099);
#1731=VERTEX_POINT('',#6103);
#1732=VERTEX_POINT('',#6105);
#1733=VERTEX_POINT('',#6109);
#1734=VERTEX_POINT('',#6111);
#1735=VERTEX_POINT('',#6115);
#1736=VERTEX_POINT('',#6117);
#1737=VERTEX_POINT('',#6121);
#1738=VERTEX_POINT('',#6123);
#1739=VERTEX_POINT('',#6127);
#1740=VERTEX_POINT('',#6129);
#1741=VERTEX_POINT('',#6133);
#1742=VERTEX_POINT('',#6135);
#1743=VERTEX_POINT('',#6139);
#1744=VERTEX_POINT('',#6141);
#1745=VERTEX_POINT('',#6145);
#1746=VERTEX_POINT('',#6147);
#1747=VERTEX_POINT('',#6151);
#1748=VERTEX_POINT('',#6152);
#1749=VERTEX_POINT('',#6154);
#1750=VERTEX_POINT('',#6156);
#1751=VERTEX_POINT('',#6160);
#1752=VERTEX_POINT('',#6162);
#1753=VERTEX_POINT('',#6165);
#1754=VERTEX_POINT('',#6167);
#1755=VERTEX_POINT('',#6170);
#1756=VERTEX_POINT('',#6172);
#1757=VERTEX_POINT('',#6175);
#1758=VERTEX_POINT('',#6177);
#1759=VERTEX_POINT('',#6180);
#1760=VERTEX_POINT('',#6181);
#1761=VERTEX_POINT('',#6183);
#1762=VERTEX_POINT('',#6185);
#1763=VERTEX_POINT('',#6187);
#1764=VERTEX_POINT('',#6189);
#1765=VERTEX_POINT('',#6191);
#1766=VERTEX_POINT('',#6193);
#1767=VERTEX_POINT('',#6196);
#1768=VERTEX_POINT('',#6197);
#1769=VERTEX_POINT('',#6199);
#1770=VERTEX_POINT('',#6201);
#1771=VERTEX_POINT('',#6203);
#1772=VERTEX_POINT('',#6205);
#1773=VERTEX_POINT('',#6207);
#1774=VERTEX_POINT('',#6209);
#1775=VERTEX_POINT('',#6212);
#1776=VERTEX_POINT('',#6213);
#1777=VERTEX_POINT('',#6215);
#1778=VERTEX_POINT('',#6217);
#1779=VERTEX_POINT('',#6219);
#1780=VERTEX_POINT('',#6221);
#1781=VERTEX_POINT('',#6223);
#1782=VERTEX_POINT('',#6225);
#1783=VERTEX_POINT('',#6228);
#1784=VERTEX_POINT('',#6229);
#1785=VERTEX_POINT('',#6231);
#1786=VERTEX_POINT('',#6233);
#1787=VERTEX_POINT('',#6235);
#1788=VERTEX_POINT('',#6237);
#1789=VERTEX_POINT('',#6239);
#1790=VERTEX_POINT('',#6241);
#1791=VERTEX_POINT('',#6244);
#1792=VERTEX_POINT('',#6245);
#1793=VERTEX_POINT('',#6247);
#1794=VERTEX_POINT('',#6249);
#1795=VERTEX_POINT('',#6251);
#1796=VERTEX_POINT('',#6253);
#1797=VERTEX_POINT('',#6255);
#1798=VERTEX_POINT('',#6257);
#1799=VERTEX_POINT('',#6260);
#1800=VERTEX_POINT('',#6261);
#1801=VERTEX_POINT('',#6263);
#1802=VERTEX_POINT('',#6265);
#1803=VERTEX_POINT('',#6267);
#1804=VERTEX_POINT('',#6269);
#1805=VERTEX_POINT('',#6271);
#1806=VERTEX_POINT('',#6273);
#1807=VERTEX_POINT('',#6276);
#1808=VERTEX_POINT('',#6277);
#1809=VERTEX_POINT('',#6279);
#1810=VERTEX_POINT('',#6281);
#1811=VERTEX_POINT('',#6283);
#1812=VERTEX_POINT('',#6285);
#1813=VERTEX_POINT('',#6287);
#1814=VERTEX_POINT('',#6289);
#1815=VERTEX_POINT('',#6292);
#1816=VERTEX_POINT('',#6293);
#1817=VERTEX_POINT('',#6295);
#1818=VERTEX_POINT('',#6297);
#1819=VERTEX_POINT('',#6299);
#1820=VERTEX_POINT('',#6301);
#1821=VERTEX_POINT('',#6303);
#1822=VERTEX_POINT('',#6305);
#1823=VERTEX_POINT('',#6308);
#1824=VERTEX_POINT('',#6309);
#1825=VERTEX_POINT('',#6311);
#1826=VERTEX_POINT('',#6313);
#1827=VERTEX_POINT('',#6315);
#1828=VERTEX_POINT('',#6317);
#1829=VERTEX_POINT('',#6319);
#1830=VERTEX_POINT('',#6321);
#1831=VERTEX_POINT('',#6324);
#1832=VERTEX_POINT('',#6325);
#1833=VERTEX_POINT('',#6327);
#1834=VERTEX_POINT('',#6329);
#1835=VERTEX_POINT('',#6331);
#1836=VERTEX_POINT('',#6333);
#1837=VERTEX_POINT('',#6335);
#1838=VERTEX_POINT('',#6337);
#1839=VERTEX_POINT('',#6340);
#1840=VERTEX_POINT('',#6341);
#1841=VERTEX_POINT('',#6343);
#1842=VERTEX_POINT('',#6346);
#1843=VERTEX_POINT('',#6348);
#1844=VERTEX_POINT('',#6350);
#1845=VERTEX_POINT('',#6352);
#1846=VERTEX_POINT('',#6354);
#1847=VERTEX_POINT('',#6356);
#1848=VERTEX_POINT('',#6358);
#1849=VERTEX_POINT('',#6360);
#1850=VERTEX_POINT('',#6362);
#1851=VERTEX_POINT('',#6364);
#1852=VERTEX_POINT('',#6366);
#1853=VERTEX_POINT('',#6368);
#1854=VERTEX_POINT('',#6370);
#1855=VERTEX_POINT('',#6372);
#1856=VERTEX_POINT('',#6374);
#1857=VERTEX_POINT('',#6377);
#1858=VERTEX_POINT('',#6378);
#1859=VERTEX_POINT('',#6380);
#1860=VERTEX_POINT('',#6382);
#1861=VERTEX_POINT('',#6384);
#1862=VERTEX_POINT('',#6386);
#1863=VERTEX_POINT('',#6388);
#1864=VERTEX_POINT('',#6390);
#1865=VERTEX_POINT('',#6393);
#1866=VERTEX_POINT('',#6394);
#1867=VERTEX_POINT('',#6396);
#1868=VERTEX_POINT('',#6398);
#1869=VERTEX_POINT('',#6400);
#1870=VERTEX_POINT('',#6402);
#1871=VERTEX_POINT('',#6404);
#1872=VERTEX_POINT('',#6406);
#1873=VERTEX_POINT('',#6409);
#1874=VERTEX_POINT('',#6410);
#1875=VERTEX_POINT('',#6412);
#1876=VERTEX_POINT('',#6414);
#1877=VERTEX_POINT('',#6416);
#1878=VERTEX_POINT('',#6418);
#1879=VERTEX_POINT('',#6420);
#1880=VERTEX_POINT('',#6422);
#1881=VERTEX_POINT('',#6425);
#1882=VERTEX_POINT('',#6426);
#1883=VERTEX_POINT('',#6428);
#1884=VERTEX_POINT('',#6430);
#1885=VERTEX_POINT('',#6432);
#1886=VERTEX_POINT('',#6434);
#1887=VERTEX_POINT('',#6436);
#1888=VERTEX_POINT('',#6438);
#1889=VERTEX_POINT('',#6441);
#1890=VERTEX_POINT('',#6442);
#1891=VERTEX_POINT('',#6444);
#1892=VERTEX_POINT('',#6446);
#1893=VERTEX_POINT('',#6448);
#1894=VERTEX_POINT('',#6450);
#1895=VERTEX_POINT('',#6452);
#1896=VERTEX_POINT('',#6454);
#1897=VERTEX_POINT('',#6458);
#1898=VERTEX_POINT('',#6460);
#1899=VERTEX_POINT('',#6463);
#1900=VERTEX_POINT('',#6465);
#1901=VERTEX_POINT('',#6468);
#1902=VERTEX_POINT('',#6470);
#1903=VERTEX_POINT('',#6473);
#1904=VERTEX_POINT('',#6475);
#1905=VERTEX_POINT('',#6478);
#1906=VERTEX_POINT('',#6479);
#1907=VERTEX_POINT('',#6481);
#1908=VERTEX_POINT('',#6483);
#1909=VERTEX_POINT('',#6485);
#1910=VERTEX_POINT('',#6487);
#1911=VERTEX_POINT('',#6489);
#1912=VERTEX_POINT('',#6491);
#1913=VERTEX_POINT('',#6493);
#1914=VERTEX_POINT('',#6495);
#1915=VERTEX_POINT('',#6497);
#1916=VERTEX_POINT('',#6499);
#1917=VERTEX_POINT('',#6501);
#1918=VERTEX_POINT('',#6503);
#1919=VERTEX_POINT('',#6505);
#1920=VERTEX_POINT('',#6507);
#1921=VERTEX_POINT('',#6509);
#1922=VERTEX_POINT('',#6512);
#1923=VERTEX_POINT('',#6515);
#1924=VERTEX_POINT('',#6516);
#1925=VERTEX_POINT('',#6518);
#1926=VERTEX_POINT('',#6520);
#1927=VERTEX_POINT('',#6522);
#1928=VERTEX_POINT('',#6524);
#1929=VERTEX_POINT('',#6526);
#1930=VERTEX_POINT('',#6528);
#1931=VERTEX_POINT('',#6531);
#1932=VERTEX_POINT('',#6532);
#1933=VERTEX_POINT('',#6534);
#1934=VERTEX_POINT('',#6536);
#1935=VERTEX_POINT('',#6538);
#1936=VERTEX_POINT('',#6540);
#1937=VERTEX_POINT('',#6542);
#1938=VERTEX_POINT('',#6544);
#1939=VERTEX_POINT('',#6547);
#1940=VERTEX_POINT('',#6548);
#1941=VERTEX_POINT('',#6550);
#1942=VERTEX_POINT('',#6552);
#1943=VERTEX_POINT('',#6554);
#1944=VERTEX_POINT('',#6556);
#1945=VERTEX_POINT('',#6558);
#1946=VERTEX_POINT('',#6560);
#1947=VERTEX_POINT('',#6563);
#1948=VERTEX_POINT('',#6564);
#1949=VERTEX_POINT('',#6566);
#1950=VERTEX_POINT('',#6568);
#1951=VERTEX_POINT('',#6570);
#1952=VERTEX_POINT('',#6572);
#1953=VERTEX_POINT('',#6574);
#1954=VERTEX_POINT('',#6576);
#1955=VERTEX_POINT('',#6579);
#1956=VERTEX_POINT('',#6580);
#1957=VERTEX_POINT('',#6582);
#1958=VERTEX_POINT('',#6584);
#1959=VERTEX_POINT('',#6586);
#1960=VERTEX_POINT('',#6588);
#1961=VERTEX_POINT('',#6590);
#1962=VERTEX_POINT('',#6592);
#1963=VERTEX_POINT('',#6595);
#1964=VERTEX_POINT('',#6596);
#1965=VERTEX_POINT('',#6598);
#1966=VERTEX_POINT('',#6600);
#1967=VERTEX_POINT('',#6602);
#1968=VERTEX_POINT('',#6604);
#1969=VERTEX_POINT('',#6606);
#1970=VERTEX_POINT('',#6608);
#1971=VERTEX_POINT('',#6611);
#1972=VERTEX_POINT('',#6612);
#1973=VERTEX_POINT('',#6614);
#1974=VERTEX_POINT('',#6616);
#1975=VERTEX_POINT('',#6618);
#1976=VERTEX_POINT('',#6620);
#1977=VERTEX_POINT('',#6622);
#1978=VERTEX_POINT('',#6624);
#1979=VERTEX_POINT('',#6627);
#1980=VERTEX_POINT('',#6628);
#1981=VERTEX_POINT('',#6630);
#1982=VERTEX_POINT('',#6632);
#1983=VERTEX_POINT('',#6634);
#1984=VERTEX_POINT('',#6636);
#1985=VERTEX_POINT('',#6638);
#1986=VERTEX_POINT('',#6640);
#1987=VERTEX_POINT('',#6643);
#1988=VERTEX_POINT('',#6644);
#1989=VERTEX_POINT('',#6646);
#1990=VERTEX_POINT('',#6648);
#1991=VERTEX_POINT('',#6650);
#1992=VERTEX_POINT('',#6652);
#1993=VERTEX_POINT('',#6654);
#1994=VERTEX_POINT('',#6656);
#1995=VERTEX_POINT('',#6659);
#1996=VERTEX_POINT('',#6660);
#1997=VERTEX_POINT('',#6662);
#1998=VERTEX_POINT('',#6664);
#1999=VERTEX_POINT('',#6666);
#2000=VERTEX_POINT('',#6668);
#2001=VERTEX_POINT('',#6670);
#2002=VERTEX_POINT('',#6672);
#2003=VERTEX_POINT('',#6675);
#2004=VERTEX_POINT('',#6676);
#2005=VERTEX_POINT('',#6678);
#2006=VERTEX_POINT('',#6680);
#2007=VERTEX_POINT('',#6682);
#2008=VERTEX_POINT('',#6684);
#2009=VERTEX_POINT('',#6686);
#2010=VERTEX_POINT('',#6688);
#2011=VERTEX_POINT('',#6691);
#2012=VERTEX_POINT('',#6692);
#2013=VERTEX_POINT('',#6694);
#2014=VERTEX_POINT('',#6696);
#2015=VERTEX_POINT('',#6698);
#2016=VERTEX_POINT('',#6700);
#2017=VERTEX_POINT('',#6702);
#2018=VERTEX_POINT('',#6704);
#2019=VERTEX_POINT('',#6707);
#2020=VERTEX_POINT('',#6708);
#2021=VERTEX_POINT('',#6710);
#2022=VERTEX_POINT('',#6712);
#2023=VERTEX_POINT('',#6714);
#2024=VERTEX_POINT('',#6716);
#2025=VERTEX_POINT('',#6718);
#2026=VERTEX_POINT('',#6720);
#2027=VERTEX_POINT('',#6723);
#2028=VERTEX_POINT('',#6724);
#2029=VERTEX_POINT('',#6726);
#2030=VERTEX_POINT('',#6728);
#2031=VERTEX_POINT('',#6730);
#2032=VERTEX_POINT('',#6732);
#2033=VERTEX_POINT('',#6734);
#2034=VERTEX_POINT('',#6736);
#2035=VERTEX_POINT('',#6739);
#2036=VERTEX_POINT('',#6740);
#2037=VERTEX_POINT('',#6742);
#2038=VERTEX_POINT('',#6744);
#2039=VERTEX_POINT('',#6746);
#2040=VERTEX_POINT('',#6748);
#2041=VERTEX_POINT('',#6750);
#2042=VERTEX_POINT('',#6752);
#2043=EDGE_CURVE('',#1635,#1636,#795,.T.);
#2044=EDGE_CURVE('',#1637,#1635,#796,.T.);
#2045=EDGE_CURVE('',#1638,#1637,#797,.T.);
#2046=EDGE_CURVE('',#1638,#1636,#798,.T.);
#2047=EDGE_CURVE('',#1636,#1639,#799,.T.);
#2048=EDGE_CURVE('',#1640,#1638,#800,.T.);
#2049=EDGE_CURVE('',#1640,#1639,#801,.T.);
#2050=EDGE_CURVE('',#1639,#1641,#802,.T.);
#2051=EDGE_CURVE('',#1642,#1640,#803,.T.);
#2052=EDGE_CURVE('',#1642,#1641,#804,.T.);
#2053=EDGE_CURVE('',#1641,#1643,#55,.T.);
#2054=EDGE_CURVE('',#1644,#1642,#56,.T.);
#2055=EDGE_CURVE('',#1644,#1643,#805,.T.);
#2056=EDGE_CURVE('',#1643,#1645,#806,.T.);
#2057=EDGE_CURVE('',#1646,#1644,#807,.T.);
#2058=EDGE_CURVE('',#1646,#1645,#808,.T.);
#2059=EDGE_CURVE('',#1645,#1647,#57,.T.);
#2060=EDGE_CURVE('',#1648,#1646,#58,.T.);
#2061=EDGE_CURVE('',#1648,#1647,#809,.T.);
#2062=EDGE_CURVE('',#1647,#1649,#810,.T.);
#2063=EDGE_CURVE('',#1650,#1648,#811,.T.);
#2064=EDGE_CURVE('',#1650,#1649,#812,.T.);
#2065=EDGE_CURVE('',#1649,#1651,#813,.T.);
#2066=EDGE_CURVE('',#1652,#1650,#814,.T.);
#2067=EDGE_CURVE('',#1652,#1651,#815,.T.);
#2068=EDGE_CURVE('',#1651,#1653,#816,.T.);
#2069=EDGE_CURVE('',#1654,#1652,#817,.T.);
#2070=EDGE_CURVE('',#1654,#1653,#818,.T.);
#2071=EDGE_CURVE('',#1653,#1655,#59,.T.);
#2072=EDGE_CURVE('',#1656,#1654,#60,.T.);
#2073=EDGE_CURVE('',#1656,#1655,#819,.T.);
#2074=EDGE_CURVE('',#1655,#1657,#820,.T.);
#2075=EDGE_CURVE('',#1658,#1656,#821,.T.);
#2076=EDGE_CURVE('',#1658,#1657,#822,.T.);
#2077=EDGE_CURVE('',#1657,#1659,#61,.T.);
#2078=EDGE_CURVE('',#1660,#1658,#62,.T.);
#2079=EDGE_CURVE('',#1660,#1659,#823,.T.);
#2080=EDGE_CURVE('',#1659,#1661,#824,.T.);
#2081=EDGE_CURVE('',#1662,#1660,#825,.T.);
#2082=EDGE_CURVE('',#1662,#1661,#826,.T.);
#2083=EDGE_CURVE('',#1661,#1663,#63,.T.);
#2084=EDGE_CURVE('',#1664,#1662,#64,.T.);
#2085=EDGE_CURVE('',#1664,#1663,#827,.T.);
#2086=EDGE_CURVE('',#1663,#1665,#828,.T.);
#2087=EDGE_CURVE('',#1666,#1664,#829,.T.);
#2088=EDGE_CURVE('',#1666,#1665,#830,.T.);
#2089=EDGE_CURVE('',#1665,#1667,#65,.T.);
#2090=EDGE_CURVE('',#1668,#1666,#66,.T.);
#2091=EDGE_CURVE('',#1668,#1667,#831,.T.);
#2092=EDGE_CURVE('',#1667,#1669,#832,.T.);
#2093=EDGE_CURVE('',#1670,#1668,#833,.T.);
#2094=EDGE_CURVE('',#1670,#1669,#834,.T.);
#2095=EDGE_CURVE('',#1669,#1671,#835,.T.);
#2096=EDGE_CURVE('',#1672,#1670,#836,.T.);
#2097=EDGE_CURVE('',#1672,#1671,#837,.T.);
#2098=EDGE_CURVE('',#1671,#1673,#838,.T.);
#2099=EDGE_CURVE('',#1674,#1672,#839,.T.);
#2100=EDGE_CURVE('',#1674,#1673,#840,.T.);
#2101=EDGE_CURVE('',#1673,#1675,#67,.T.);
#2102=EDGE_CURVE('',#1676,#1674,#68,.T.);
#2103=EDGE_CURVE('',#1676,#1675,#841,.T.);
#2104=EDGE_CURVE('',#1675,#1677,#842,.T.);
#2105=EDGE_CURVE('',#1678,#1676,#843,.T.);
#2106=EDGE_CURVE('',#1678,#1677,#844,.T.);
#2107=EDGE_CURVE('',#1677,#1679,#69,.T.);
#2108=EDGE_CURVE('',#1680,#1678,#70,.T.);
#2109=EDGE_CURVE('',#1680,#1679,#845,.T.);
#2110=EDGE_CURVE('',#1679,#1681,#846,.T.);
#2111=EDGE_CURVE('',#1682,#1680,#847,.T.);
#2112=EDGE_CURVE('',#1682,#1681,#848,.T.);
#2113=EDGE_CURVE('',#1681,#1683,#849,.T.);
#2114=EDGE_CURVE('',#1684,#1682,#850,.T.);
#2115=EDGE_CURVE('',#1684,#1683,#851,.T.);
#2116=EDGE_CURVE('',#1683,#1685,#852,.T.);
#2117=EDGE_CURVE('',#1686,#1684,#853,.T.);
#2118=EDGE_CURVE('',#1686,#1685,#854,.T.);
#2119=EDGE_CURVE('',#1685,#1687,#71,.T.);
#2120=EDGE_CURVE('',#1688,#1686,#72,.T.);
#2121=EDGE_CURVE('',#1688,#1687,#855,.T.);
#2122=EDGE_CURVE('',#1687,#1689,#856,.T.);
#2123=EDGE_CURVE('',#1690,#1688,#857,.T.);
#2124=EDGE_CURVE('',#1690,#1689,#858,.T.);
#2125=EDGE_CURVE('',#1689,#1691,#73,.T.);
#2126=EDGE_CURVE('',#1692,#1690,#74,.T.);
#2127=EDGE_CURVE('',#1692,#1691,#859,.T.);
#2128=EDGE_CURVE('',#1691,#1693,#860,.T.);
#2129=EDGE_CURVE('',#1694,#1692,#861,.T.);
#2130=EDGE_CURVE('',#1694,#1693,#862,.T.);
#2131=EDGE_CURVE('',#1693,#1695,#75,.T.);
#2132=EDGE_CURVE('',#1696,#1694,#76,.T.);
#2133=EDGE_CURVE('',#1696,#1695,#863,.T.);
#2134=EDGE_CURVE('',#1695,#1697,#864,.T.);
#2135=EDGE_CURVE('',#1698,#1696,#865,.T.);
#2136=EDGE_CURVE('',#1698,#1697,#866,.T.);
#2137=EDGE_CURVE('',#1697,#1635,#77,.T.);
#2138=EDGE_CURVE('',#1637,#1698,#78,.T.);
#2139=EDGE_CURVE('',#1699,#1700,#79,.T.);
#2140=EDGE_CURVE('',#1700,#1701,#867,.T.);
#2141=EDGE_CURVE('',#1701,#1702,#80,.T.);
#2142=EDGE_CURVE('',#1702,#1699,#868,.T.);
#2143=EDGE_CURVE('',#1703,#1700,#869,.T.);
#2144=EDGE_CURVE('',#1704,#1703,#870,.T.);
#2145=EDGE_CURVE('',#1701,#1704,#871,.T.);
#2146=EDGE_CURVE('',#1705,#1704,#81,.T.);
#2147=EDGE_CURVE('',#1703,#1706,#82,.T.);
#2148=EDGE_CURVE('',#1706,#1705,#872,.T.);
#2149=EDGE_CURVE('',#1707,#1708,#83,.T.);
#2150=EDGE_CURVE('',#1708,#1709,#873,.T.);
#2151=EDGE_CURVE('',#1709,#1710,#84,.T.);
#2152=EDGE_CURVE('',#1710,#1707,#874,.T.);
#2153=EDGE_CURVE('',#1711,#1708,#875,.T.);
#2154=EDGE_CURVE('',#1712,#1711,#876,.T.);
#2155=EDGE_CURVE('',#1709,#1712,#877,.T.);
#2156=EDGE_CURVE('',#1713,#1712,#85,.T.);
#2157=EDGE_CURVE('',#1711,#1714,#86,.T.);
#2158=EDGE_CURVE('',#1714,#1713,#878,.T.);
#2159=EDGE_CURVE('',#1715,#1716,#87,.T.);
#2160=EDGE_CURVE('',#1716,#1717,#879,.T.);
#2161=EDGE_CURVE('',#1717,#1718,#88,.T.);
#2162=EDGE_CURVE('',#1718,#1715,#880,.T.);
#2163=EDGE_CURVE('',#1719,#1716,#881,.T.);
#2164=EDGE_CURVE('',#1720,#1719,#882,.T.);
#2165=EDGE_CURVE('',#1717,#1720,#883,.T.);
#2166=EDGE_CURVE('',#1721,#1720,#89,.T.);
#2167=EDGE_CURVE('',#1719,#1722,#90,.T.);
#2168=EDGE_CURVE('',#1722,#1721,#884,.T.);
#2169=EDGE_CURVE('',#1723,#1724,#91,.T.);
#2170=EDGE_CURVE('',#1724,#1725,#885,.T.);
#2171=EDGE_CURVE('',#1725,#1726,#92,.T.);
#2172=EDGE_CURVE('',#1726,#1723,#886,.T.);
#2173=EDGE_CURVE('',#1727,#1724,#887,.T.);
#2174=EDGE_CURVE('',#1728,#1727,#888,.T.);
#2175=EDGE_CURVE('',#1725,#1728,#889,.T.);
#2176=EDGE_CURVE('',#1727,#1729,#93,.T.);
#2177=EDGE_CURVE('',#1729,#1730,#890,.T.);
#2178=EDGE_CURVE('',#1730,#1728,#94,.T.);
#2179=EDGE_CURVE('',#1731,#1729,#891,.T.);
#2180=EDGE_CURVE('',#1731,#1732,#892,.T.);
#2181=EDGE_CURVE('',#1730,#1732,#893,.T.);
#2182=EDGE_CURVE('',#1733,#1702,#894,.T.);
#2183=EDGE_CURVE('',#1734,#1733,#895,.T.);
#2184=EDGE_CURVE('',#1734,#1699,#896,.T.);
#2185=EDGE_CURVE('',#1735,#1710,#897,.T.);
#2186=EDGE_CURVE('',#1736,#1735,#898,.T.);
#2187=EDGE_CURVE('',#1736,#1707,#899,.T.);
#2188=EDGE_CURVE('',#1737,#1718,#900,.T.);
#2189=EDGE_CURVE('',#1738,#1737,#901,.T.);
#2190=EDGE_CURVE('',#1738,#1715,#902,.T.);
#2191=EDGE_CURVE('',#1739,#1726,#903,.T.);
#2192=EDGE_CURVE('',#1740,#1739,#904,.T.);
#2193=EDGE_CURVE('',#1740,#1723,#905,.T.);
#2194=EDGE_CURVE('',#1741,#1706,#906,.T.);
#2195=EDGE_CURVE('',#1741,#1742,#907,.T.);
#2196=EDGE_CURVE('',#1705,#1742,#908,.T.);
#2197=EDGE_CURVE('',#1743,#1714,#909,.T.);
#2198=EDGE_CURVE('',#1743,#1744,#910,.T.);
#2199=EDGE_CURVE('',#1713,#1744,#911,.T.);
#2200=EDGE_CURVE('',#1745,#1722,#912,.T.);
#2201=EDGE_CURVE('',#1745,#1746,#913,.T.);
#2202=EDGE_CURVE('',#1721,#1746,#914,.T.);
#2203=EDGE_CURVE('',#1747,#1748,#915,.T.);
#2204=EDGE_CURVE('',#1749,#1748,#916,.T.);
#2205=EDGE_CURVE('',#1750,#1749,#917,.T.);
#2206=EDGE_CURVE('',#1747,#1750,#918,.T.);
#2207=EDGE_CURVE('',#1738,#1751,#95,.T.);
#2208=EDGE_CURVE('',#1751,#1752,#919,.T.);
#2209=EDGE_CURVE('',#1752,#1745,#96,.T.);
#2210=EDGE_CURVE('',#1736,#1753,#97,.T.);
#2211=EDGE_CURVE('',#1753,#1754,#920,.T.);
#2212=EDGE_CURVE('',#1754,#1743,#98,.T.);
#2213=EDGE_CURVE('',#1734,#1755,#99,.T.);
#2214=EDGE_CURVE('',#1756,#1755,#921,.T.);
#2215=EDGE_CURVE('',#1756,#1741,#100,.T.);
#2216=EDGE_CURVE('',#1740,#1757,#101,.T.);
#2217=EDGE_CURVE('',#1758,#1757,#922,.T.);
#2218=EDGE_CURVE('',#1758,#1731,#102,.T.);
#2219=EDGE_CURVE('',#1759,#1760,#923,.T.);
#2220=EDGE_CURVE('',#1759,#1761,#103,.T.);
#2221=EDGE_CURVE('',#1761,#1762,#924,.T.);
#2222=EDGE_CURVE('',#1762,#1763,#104,.T.);
#2223=EDGE_CURVE('',#1763,#1764,#925,.T.);
#2224=EDGE_CURVE('',#1764,#1765,#105,.T.);
#2225=EDGE_CURVE('',#1766,#1765,#926,.T.);
#2226=EDGE_CURVE('',#1766,#1760,#106,.T.);
#2227=EDGE_CURVE('',#1767,#1768,#927,.T.);
#2228=EDGE_CURVE('',#1767,#1769,#107,.T.);
#2229=EDGE_CURVE('',#1769,#1770,#928,.T.);
#2230=EDGE_CURVE('',#1770,#1771,#108,.T.);
#2231=EDGE_CURVE('',#1771,#1772,#929,.T.);
#2232=EDGE_CURVE('',#1772,#1773,#109,.T.);
#2233=EDGE_CURVE('',#1774,#1773,#930,.T.);
#2234=EDGE_CURVE('',#1774,#1768,#110,.T.);
#2235=EDGE_CURVE('',#1775,#1776,#931,.T.);
#2236=EDGE_CURVE('',#1775,#1777,#111,.T.);
#2237=EDGE_CURVE('',#1777,#1778,#932,.T.);
#2238=EDGE_CURVE('',#1778,#1779,#112,.T.);
#2239=EDGE_CURVE('',#1779,#1780,#933,.T.);
#2240=EDGE_CURVE('',#1780,#1781,#113,.T.);
#2241=EDGE_CURVE('',#1782,#1781,#934,.T.);
#2242=EDGE_CURVE('',#1782,#1776,#114,.T.);
#2243=EDGE_CURVE('',#1783,#1784,#935,.T.);
#2244=EDGE_CURVE('',#1783,#1785,#115,.T.);
#2245=EDGE_CURVE('',#1785,#1786,#936,.T.);
#2246=EDGE_CURVE('',#1786,#1787,#116,.T.);
#2247=EDGE_CURVE('',#1787,#1788,#937,.T.);
#2248=EDGE_CURVE('',#1788,#1789,#117,.T.);
#2249=EDGE_CURVE('',#1790,#1789,#938,.T.);
#2250=EDGE_CURVE('',#1790,#1784,#118,.T.);
#2251=EDGE_CURVE('',#1791,#1792,#939,.T.);
#2252=EDGE_CURVE('',#1791,#1793,#119,.T.);
#2253=EDGE_CURVE('',#1793,#1794,#940,.T.);
#2254=EDGE_CURVE('',#1794,#1795,#120,.T.);
#2255=EDGE_CURVE('',#1795,#1796,#941,.T.);
#2256=EDGE_CURVE('',#1796,#1797,#121,.T.);
#2257=EDGE_CURVE('',#1798,#1797,#942,.T.);
#2258=EDGE_CURVE('',#1798,#1792,#122,.T.);
#2259=EDGE_CURVE('',#1799,#1800,#943,.T.);
#2260=EDGE_CURVE('',#1799,#1801,#123,.T.);
#2261=EDGE_CURVE('',#1801,#1802,#944,.T.);
#2262=EDGE_CURVE('',#1802,#1803,#124,.T.);
#2263=EDGE_CURVE('',#1803,#1804,#945,.T.);
#2264=EDGE_CURVE('',#1804,#1805,#125,.T.);
#2265=EDGE_CURVE('',#1806,#1805,#946,.T.);
#2266=EDGE_CURVE('',#1806,#1800,#126,.T.);
#2267=EDGE_CURVE('',#1807,#1808,#947,.T.);
#2268=EDGE_CURVE('',#1807,#1809,#127,.T.);
#2269=EDGE_CURVE('',#1809,#1810,#948,.T.);
#2270=EDGE_CURVE('',#1810,#1811,#128,.T.);
#2271=EDGE_CURVE('',#1811,#1812,#949,.T.);
#2272=EDGE_CURVE('',#1812,#1813,#129,.T.);
#2273=EDGE_CURVE('',#1814,#1813,#950,.T.);
#2274=EDGE_CURVE('',#1814,#1808,#130,.T.);
#2275=EDGE_CURVE('',#1815,#1816,#131,.T.);
#2276=EDGE_CURVE('',#1816,#1817,#951,.T.);
#2277=EDGE_CURVE('',#1817,#1818,#132,.T.);
#2278=EDGE_CURVE('',#1818,#1819,#952,.T.);
#2279=EDGE_CURVE('',#1819,#1820,#133,.T.);
#2280=EDGE_CURVE('',#1821,#1820,#953,.T.);
#2281=EDGE_CURVE('',#1821,#1822,#134,.T.);
#2282=EDGE_CURVE('',#1815,#1822,#954,.T.);
#2283=EDGE_CURVE('',#1823,#1824,#955,.T.);
#2284=EDGE_CURVE('',#1823,#1825,#135,.T.);
#2285=EDGE_CURVE('',#1825,#1826,#956,.T.);
#2286=EDGE_CURVE('',#1826,#1827,#136,.T.);
#2287=EDGE_CURVE('',#1827,#1828,#957,.T.);
#2288=EDGE_CURVE('',#1828,#1829,#137,.T.);
#2289=EDGE_CURVE('',#1830,#1829,#958,.T.);
#2290=EDGE_CURVE('',#1830,#1824,#138,.T.);
#2291=EDGE_CURVE('',#1831,#1832,#959,.T.);
#2292=EDGE_CURVE('',#1831,#1833,#139,.T.);
#2293=EDGE_CURVE('',#1833,#1834,#960,.T.);
#2294=EDGE_CURVE('',#1834,#1835,#140,.T.);
#2295=EDGE_CURVE('',#1835,#1836,#961,.T.);
#2296=EDGE_CURVE('',#1836,#1837,#141,.T.);
#2297=EDGE_CURVE('',#1838,#1837,#962,.T.);
#2298=EDGE_CURVE('',#1838,#1832,#142,.T.);
#2299=EDGE_CURVE('',#1839,#1840,#963,.T.);
#2300=EDGE_CURVE('',#1840,#1841,#143,.T.);
#2301=EDGE_CURVE('',#1841,#1747,#964,.T.);
#2302=EDGE_CURVE('',#1750,#1842,#144,.T.);
#2303=EDGE_CURVE('',#1842,#1843,#965,.T.);
#2304=EDGE_CURVE('',#1843,#1844,#145,.T.);
#2305=EDGE_CURVE('',#1844,#1845,#966,.T.);
#2306=EDGE_CURVE('',#1846,#1845,#967,.T.);
#2307=EDGE_CURVE('',#1846,#1847,#146,.T.);
#2308=EDGE_CURVE('',#1848,#1847,#968,.T.);
#2309=EDGE_CURVE('',#1848,#1849,#147,.T.);
#2310=EDGE_CURVE('',#1849,#1850,#969,.T.);
#2311=EDGE_CURVE('',#1850,#1851,#148,.T.);
#2312=EDGE_CURVE('',#1851,#1852,#970,.T.);
#2313=EDGE_CURVE('',#1852,#1853,#971,.T.);
#2314=EDGE_CURVE('',#1853,#1854,#149,.T.);
#2315=EDGE_CURVE('',#1854,#1855,#972,.T.);
#2316=EDGE_CURVE('',#1855,#1856,#973,.T.);
#2317=EDGE_CURVE('',#1856,#1839,#150,.T.);
#2318=EDGE_CURVE('',#1857,#1858,#974,.T.);
#2319=EDGE_CURVE('',#1857,#1859,#151,.T.);
#2320=EDGE_CURVE('',#1860,#1859,#975,.T.);
#2321=EDGE_CURVE('',#1860,#1861,#152,.T.);
#2322=EDGE_CURVE('',#1861,#1862,#976,.T.);
#2323=EDGE_CURVE('',#1862,#1863,#153,.T.);
#2324=EDGE_CURVE('',#1863,#1864,#977,.T.);
#2325=EDGE_CURVE('',#1864,#1858,#154,.T.);
#2326=EDGE_CURVE('',#1865,#1866,#978,.T.);
#2327=EDGE_CURVE('',#1865,#1867,#155,.T.);
#2328=EDGE_CURVE('',#1867,#1868,#979,.T.);
#2329=EDGE_CURVE('',#1868,#1869,#156,.T.);
#2330=EDGE_CURVE('',#1869,#1870,#980,.T.);
#2331=EDGE_CURVE('',#1870,#1871,#157,.T.);
#2332=EDGE_CURVE('',#1872,#1871,#981,.T.);
#2333=EDGE_CURVE('',#1872,#1866,#158,.T.);
#2334=EDGE_CURVE('',#1873,#1874,#982,.T.);
#2335=EDGE_CURVE('',#1873,#1875,#159,.T.);
#2336=EDGE_CURVE('',#1875,#1876,#983,.T.);
#2337=EDGE_CURVE('',#1876,#1877,#160,.T.);
#2338=EDGE_CURVE('',#1877,#1878,#984,.T.);
#2339=EDGE_CURVE('',#1878,#1879,#161,.T.);
#2340=EDGE_CURVE('',#1880,#1879,#985,.T.);
#2341=EDGE_CURVE('',#1880,#1874,#162,.T.);
#2342=EDGE_CURVE('',#1881,#1882,#986,.T.);
#2343=EDGE_CURVE('',#1881,#1883,#163,.T.);
#2344=EDGE_CURVE('',#1884,#1883,#987,.T.);
#2345=EDGE_CURVE('',#1884,#1885,#164,.T.);
#2346=EDGE_CURVE('',#1885,#1886,#988,.T.);
#2347=EDGE_CURVE('',#1886,#1887,#165,.T.);
#2348=EDGE_CURVE('',#1887,#1888,#989,.T.);
#2349=EDGE_CURVE('',#1888,#1882,#166,.T.);
#2350=EDGE_CURVE('',#1889,#1890,#990,.T.);
#2351=EDGE_CURVE('',#1891,#1889,#167,.T.);
#2352=EDGE_CURVE('',#1891,#1892,#991,.T.);
#2353=EDGE_CURVE('',#1893,#1892,#168,.T.);
#2354=EDGE_CURVE('',#1893,#1894,#992,.T.);
#2355=EDGE_CURVE('',#1895,#1894,#169,.T.);
#2356=EDGE_CURVE('',#1896,#1895,#993,.T.);
#2357=EDGE_CURVE('',#1890,#1896,#170,.T.);
#2358=EDGE_CURVE('',#1732,#1897,#171,.T.);
#2359=EDGE_CURVE('',#1897,#1898,#994,.T.);
#2360=EDGE_CURVE('',#1898,#1739,#172,.T.);
#2361=EDGE_CURVE('',#1746,#1899,#173,.T.);
#2362=EDGE_CURVE('',#1899,#1900,#995,.T.);
#2363=EDGE_CURVE('',#1900,#1737,#174,.T.);
#2364=EDGE_CURVE('',#1744,#1901,#175,.T.);
#2365=EDGE_CURVE('',#1901,#1902,#996,.T.);
#2366=EDGE_CURVE('',#1902,#1735,#176,.T.);
#2367=EDGE_CURVE('',#1742,#1903,#177,.T.);
#2368=EDGE_CURVE('',#1903,#1904,#997,.T.);
#2369=EDGE_CURVE('',#1904,#1733,#178,.T.);
#2370=EDGE_CURVE('',#1905,#1906,#998,.T.);
#2371=EDGE_CURVE('',#1906,#1907,#179,.T.);
#2372=EDGE_CURVE('',#1907,#1908,#999,.T.);
#2373=EDGE_CURVE('',#1908,#1909,#1000,.T.);
#2374=EDGE_CURVE('',#1909,#1910,#180,.T.);
#2375=EDGE_CURVE('',#1910,#1911,#1001,.T.);
#2376=EDGE_CURVE('',#1911,#1912,#1002,.T.);
#2377=EDGE_CURVE('',#1912,#1913,#181,.T.);
#2378=EDGE_CURVE('',#1913,#1914,#1003,.T.);
#2379=EDGE_CURVE('',#1914,#1915,#182,.T.);
#2380=EDGE_CURVE('',#1915,#1916,#1004,.T.);
#2381=EDGE_CURVE('',#1916,#1917,#183,.T.);
#2382=EDGE_CURVE('',#1917,#1918,#1005,.T.);
#2383=EDGE_CURVE('',#1918,#1919,#1006,.T.);
#2384=EDGE_CURVE('',#1919,#1920,#184,.T.);
#2385=EDGE_CURVE('',#1920,#1921,#1007,.T.);
#2386=EDGE_CURVE('',#1921,#1749,#185,.T.);
#2387=EDGE_CURVE('',#1748,#1922,#1008,.T.);
#2388=EDGE_CURVE('',#1922,#1905,#186,.T.);
#2389=EDGE_CURVE('',#1923,#1924,#1009,.T.);
#2390=EDGE_CURVE('',#1924,#1925,#187,.T.);
#2391=EDGE_CURVE('',#1925,#1926,#1010,.T.);
#2392=EDGE_CURVE('',#1926,#1927,#188,.T.);
#2393=EDGE_CURVE('',#1927,#1928,#1011,.T.);
#2394=EDGE_CURVE('',#1928,#1929,#189,.T.);
#2395=EDGE_CURVE('',#1929,#1930,#1012,.T.);
#2396=EDGE_CURVE('',#1930,#1923,#190,.T.);
#2397=EDGE_CURVE('',#1931,#1932,#1013,.T.);
#2398=EDGE_CURVE('',#1932,#1933,#191,.T.);
#2399=EDGE_CURVE('',#1933,#1934,#1014,.T.);
#2400=EDGE_CURVE('',#1934,#1935,#192,.T.);
#2401=EDGE_CURVE('',#1935,#1936,#1015,.T.);
#2402=EDGE_CURVE('',#1936,#1937,#193,.T.);
#2403=EDGE_CURVE('',#1937,#1938,#1016,.T.);
#2404=EDGE_CURVE('',#1938,#1931,#194,.T.);
#2405=EDGE_CURVE('',#1939,#1940,#1017,.T.);
#2406=EDGE_CURVE('',#1940,#1941,#195,.T.);
#2407=EDGE_CURVE('',#1941,#1942,#1018,.T.);
#2408=EDGE_CURVE('',#1942,#1943,#196,.T.);
#2409=EDGE_CURVE('',#1943,#1944,#1019,.T.);
#2410=EDGE_CURVE('',#1944,#1945,#197,.T.);
#2411=EDGE_CURVE('',#1945,#1946,#1020,.T.);
#2412=EDGE_CURVE('',#1946,#1939,#198,.T.);
#2413=EDGE_CURVE('',#1947,#1948,#1021,.T.);
#2414=EDGE_CURVE('',#1948,#1949,#199,.T.);
#2415=EDGE_CURVE('',#1949,#1950,#1022,.T.);
#2416=EDGE_CURVE('',#1950,#1951,#200,.T.);
#2417=EDGE_CURVE('',#1951,#1952,#1023,.T.);
#2418=EDGE_CURVE('',#1952,#1953,#201,.T.);
#2419=EDGE_CURVE('',#1953,#1954,#1024,.T.);
#2420=EDGE_CURVE('',#1954,#1947,#202,.T.);
#2421=EDGE_CURVE('',#1955,#1956,#1025,.T.);
#2422=EDGE_CURVE('',#1956,#1957,#203,.T.);
#2423=EDGE_CURVE('',#1957,#1958,#1026,.T.);
#2424=EDGE_CURVE('',#1958,#1959,#204,.T.);
#2425=EDGE_CURVE('',#1959,#1960,#1027,.T.);
#2426=EDGE_CURVE('',#1960,#1961,#205,.T.);
#2427=EDGE_CURVE('',#1961,#1962,#1028,.T.);
#2428=EDGE_CURVE('',#1962,#1955,#206,.T.);
#2429=EDGE_CURVE('',#1963,#1964,#1029,.T.);
#2430=EDGE_CURVE('',#1964,#1965,#207,.T.);
#2431=EDGE_CURVE('',#1965,#1966,#1030,.T.);
#2432=EDGE_CURVE('',#1966,#1967,#208,.T.);
#2433=EDGE_CURVE('',#1967,#1968,#1031,.T.);
#2434=EDGE_CURVE('',#1968,#1969,#209,.T.);
#2435=EDGE_CURVE('',#1969,#1970,#1032,.T.);
#2436=EDGE_CURVE('',#1970,#1963,#210,.T.);
#2437=EDGE_CURVE('',#1971,#1972,#1033,.T.);
#2438=EDGE_CURVE('',#1972,#1973,#211,.T.);
#2439=EDGE_CURVE('',#1973,#1974,#1034,.T.);
#2440=EDGE_CURVE('',#1974,#1975,#212,.T.);
#2441=EDGE_CURVE('',#1975,#1976,#1035,.T.);
#2442=EDGE_CURVE('',#1976,#1977,#213,.T.);
#2443=EDGE_CURVE('',#1977,#1978,#1036,.T.);
#2444=EDGE_CURVE('',#1978,#1971,#214,.T.);
#2445=EDGE_CURVE('',#1979,#1980,#215,.T.);
#2446=EDGE_CURVE('',#1980,#1981,#1037,.T.);
#2447=EDGE_CURVE('',#1981,#1982,#216,.T.);
#2448=EDGE_CURVE('',#1982,#1983,#1038,.T.);
#2449=EDGE_CURVE('',#1983,#1984,#217,.T.);
#2450=EDGE_CURVE('',#1984,#1985,#1039,.T.);
#2451=EDGE_CURVE('',#1985,#1986,#218,.T.);
#2452=EDGE_CURVE('',#1986,#1979,#1040,.T.);
#2453=EDGE_CURVE('',#1987,#1988,#1041,.T.);
#2454=EDGE_CURVE('',#1988,#1989,#219,.T.);
#2455=EDGE_CURVE('',#1989,#1990,#1042,.T.);
#2456=EDGE_CURVE('',#1990,#1991,#220,.T.);
#2457=EDGE_CURVE('',#1991,#1992,#1043,.T.);
#2458=EDGE_CURVE('',#1992,#1993,#221,.T.);
#2459=EDGE_CURVE('',#1993,#1994,#1044,.T.);
#2460=EDGE_CURVE('',#1994,#1987,#222,.T.);
#2461=EDGE_CURVE('',#1995,#1996,#1045,.T.);
#2462=EDGE_CURVE('',#1996,#1997,#223,.T.);
#2463=EDGE_CURVE('',#1997,#1998,#1046,.T.);
#2464=EDGE_CURVE('',#1998,#1999,#224,.T.);
#2465=EDGE_CURVE('',#1999,#2000,#1047,.T.);
#2466=EDGE_CURVE('',#2000,#2001,#225,.T.);
#2467=EDGE_CURVE('',#2001,#2002,#1048,.T.);
#2468=EDGE_CURVE('',#2002,#1995,#226,.T.);
#2469=EDGE_CURVE('',#2003,#2004,#1049,.T.);
#2470=EDGE_CURVE('',#2004,#2005,#227,.T.);
#2471=EDGE_CURVE('',#2005,#2006,#1050,.T.);
#2472=EDGE_CURVE('',#2006,#2007,#228,.T.);
#2473=EDGE_CURVE('',#2007,#2008,#1051,.T.);
#2474=EDGE_CURVE('',#2008,#2009,#229,.T.);
#2475=EDGE_CURVE('',#2009,#2010,#1052,.T.);
#2476=EDGE_CURVE('',#2010,#2003,#230,.T.);
#2477=EDGE_CURVE('',#2011,#2012,#1053,.T.);
#2478=EDGE_CURVE('',#2012,#2013,#231,.T.);
#2479=EDGE_CURVE('',#2013,#2014,#1054,.T.);
#2480=EDGE_CURVE('',#2014,#2015,#232,.T.);
#2481=EDGE_CURVE('',#2015,#2016,#1055,.T.);
#2482=EDGE_CURVE('',#2016,#2017,#233,.T.);
#2483=EDGE_CURVE('',#2017,#2018,#1056,.T.);
#2484=EDGE_CURVE('',#2018,#2011,#234,.T.);
#2485=EDGE_CURVE('',#2019,#2020,#1057,.T.);
#2486=EDGE_CURVE('',#2020,#2021,#235,.T.);
#2487=EDGE_CURVE('',#2021,#2022,#1058,.T.);
#2488=EDGE_CURVE('',#2022,#2023,#236,.T.);
#2489=EDGE_CURVE('',#2023,#2024,#1059,.T.);
#2490=EDGE_CURVE('',#2024,#2025,#237,.T.);
#2491=EDGE_CURVE('',#2025,#2026,#1060,.T.);
#2492=EDGE_CURVE('',#2026,#2019,#238,.T.);
#2493=EDGE_CURVE('',#2027,#2028,#1061,.T.);
#2494=EDGE_CURVE('',#2028,#2029,#239,.T.);
#2495=EDGE_CURVE('',#2029,#2030,#1062,.T.);
#2496=EDGE_CURVE('',#2030,#2031,#240,.T.);
#2497=EDGE_CURVE('',#2031,#2032,#1063,.T.);
#2498=EDGE_CURVE('',#2032,#2033,#241,.T.);
#2499=EDGE_CURVE('',#2033,#2034,#1064,.T.);
#2500=EDGE_CURVE('',#2034,#2027,#242,.T.);
#2501=EDGE_CURVE('',#2035,#2036,#1065,.T.);
#2502=EDGE_CURVE('',#2036,#2037,#243,.T.);
#2503=EDGE_CURVE('',#2037,#2038,#1066,.T.);
#2504=EDGE_CURVE('',#2038,#2039,#244,.T.);
#2505=EDGE_CURVE('',#2039,#2040,#1067,.T.);
#2506=EDGE_CURVE('',#2040,#2041,#245,.T.);
#2507=EDGE_CURVE('',#2041,#2042,#1068,.T.);
#2508=EDGE_CURVE('',#2042,#2035,#246,.T.);
#2509=EDGE_CURVE('',#1758,#1897,#1069,.T.);
#2510=EDGE_CURVE('',#1757,#1898,#1070,.T.);
#2511=EDGE_CURVE('',#1751,#1900,#1071,.T.);
#2512=EDGE_CURVE('',#1752,#1899,#1072,.T.);
#2513=EDGE_CURVE('',#1755,#1904,#1073,.T.);
#2514=EDGE_CURVE('',#1756,#1903,#1074,.T.);
#2515=EDGE_CURVE('',#1753,#1902,#1075,.T.);
#2516=EDGE_CURVE('',#1754,#1901,#1076,.T.);
#2517=EDGE_CURVE('',#1759,#1923,#1077,.T.);
#2518=EDGE_CURVE('',#1761,#1930,#1078,.T.);
#2519=EDGE_CURVE('',#1762,#1929,#1079,.T.);
#2520=EDGE_CURVE('',#1763,#1928,#1080,.T.);
#2521=EDGE_CURVE('',#1764,#1927,#1081,.T.);
#2522=EDGE_CURVE('',#1765,#1926,#1082,.T.);
#2523=EDGE_CURVE('',#1766,#1925,#1083,.T.);
#2524=EDGE_CURVE('',#1760,#1924,#1084,.T.);
#2525=EDGE_CURVE('',#1767,#1931,#1085,.T.);
#2526=EDGE_CURVE('',#1769,#1938,#1086,.T.);
#2527=EDGE_CURVE('',#1770,#1937,#1087,.T.);
#2528=EDGE_CURVE('',#1771,#1936,#1088,.T.);
#2529=EDGE_CURVE('',#1772,#1935,#1089,.T.);
#2530=EDGE_CURVE('',#1773,#1934,#1090,.T.);
#2531=EDGE_CURVE('',#1774,#1933,#1091,.T.);
#2532=EDGE_CURVE('',#1768,#1932,#1092,.T.);
#2533=EDGE_CURVE('',#1775,#1939,#1093,.T.);
#2534=EDGE_CURVE('',#1777,#1946,#1094,.T.);
#2535=EDGE_CURVE('',#1778,#1945,#1095,.T.);
#2536=EDGE_CURVE('',#1779,#1944,#1096,.T.);
#2537=EDGE_CURVE('',#1780,#1943,#1097,.T.);
#2538=EDGE_CURVE('',#1781,#1942,#1098,.T.);
#2539=EDGE_CURVE('',#1782,#1941,#1099,.T.);
#2540=EDGE_CURVE('',#1776,#1940,#1100,.T.);
#2541=EDGE_CURVE('',#1783,#1947,#1101,.T.);
#2542=EDGE_CURVE('',#1785,#1954,#1102,.T.);
#2543=EDGE_CURVE('',#1786,#1953,#1103,.T.);
#2544=EDGE_CURVE('',#1787,#1952,#1104,.T.);
#2545=EDGE_CURVE('',#1788,#1951,#1105,.T.);
#2546=EDGE_CURVE('',#1789,#1950,#1106,.T.);
#2547=EDGE_CURVE('',#1790,#1949,#1107,.T.);
#2548=EDGE_CURVE('',#1784,#1948,#1108,.T.);
#2549=EDGE_CURVE('',#1791,#1955,#1109,.T.);
#2550=EDGE_CURVE('',#1793,#1962,#1110,.T.);
#2551=EDGE_CURVE('',#1794,#1961,#1111,.T.);
#2552=EDGE_CURVE('',#1795,#1960,#1112,.T.);
#2553=EDGE_CURVE('',#1796,#1959,#1113,.T.);
#2554=EDGE_CURVE('',#1797,#1958,#1114,.T.);
#2555=EDGE_CURVE('',#1798,#1957,#1115,.T.);
#2556=EDGE_CURVE('',#1792,#1956,#1116,.T.);
#2557=EDGE_CURVE('',#1799,#1963,#1117,.T.);
#2558=EDGE_CURVE('',#1801,#1970,#1118,.T.);
#2559=EDGE_CURVE('',#1802,#1969,#1119,.T.);
#2560=EDGE_CURVE('',#1803,#1968,#1120,.T.);
#2561=EDGE_CURVE('',#1804,#1967,#1121,.T.);
#2562=EDGE_CURVE('',#1805,#1966,#1122,.T.);
#2563=EDGE_CURVE('',#1806,#1965,#1123,.T.);
#2564=EDGE_CURVE('',#1800,#1964,#1124,.T.);
#2565=EDGE_CURVE('',#1807,#1971,#1125,.T.);
#2566=EDGE_CURVE('',#1809,#1978,#1126,.T.);
#2567=EDGE_CURVE('',#1810,#1977,#1127,.T.);
#2568=EDGE_CURVE('',#1811,#1976,#1128,.T.);
#2569=EDGE_CURVE('',#1812,#1975,#1129,.T.);
#2570=EDGE_CURVE('',#1813,#1974,#1130,.T.);
#2571=EDGE_CURVE('',#1814,#1973,#1131,.T.);
#2572=EDGE_CURVE('',#1808,#1972,#1132,.T.);
#2573=EDGE_CURVE('',#1816,#1979,#1133,.T.);
#2574=EDGE_CURVE('',#1817,#1986,#1134,.T.);
#2575=EDGE_CURVE('',#1818,#1985,#1135,.T.);
#2576=EDGE_CURVE('',#1819,#1984,#1136,.T.);
#2577=EDGE_CURVE('',#1820,#1983,#1137,.T.);
#2578=EDGE_CURVE('',#1821,#1982,#1138,.T.);
#2579=EDGE_CURVE('',#1822,#1981,#1139,.T.);
#2580=EDGE_CURVE('',#1815,#1980,#1140,.T.);
#2581=EDGE_CURVE('',#1823,#1987,#1141,.T.);
#2582=EDGE_CURVE('',#1825,#1994,#1142,.T.);
#2583=EDGE_CURVE('',#1826,#1993,#1143,.T.);
#2584=EDGE_CURVE('',#1827,#1992,#1144,.T.);
#2585=EDGE_CURVE('',#1828,#1991,#1145,.T.);
#2586=EDGE_CURVE('',#1829,#1990,#1146,.T.);
#2587=EDGE_CURVE('',#1830,#1989,#1147,.T.);
#2588=EDGE_CURVE('',#1824,#1988,#1148,.T.);
#2589=EDGE_CURVE('',#1911,#1852,#1149,.T.);
#2590=EDGE_CURVE('',#1853,#1910,#1150,.T.);
#2591=EDGE_CURVE('',#1854,#1909,#1151,.T.);
#2592=EDGE_CURVE('',#1908,#1855,#1152,.T.);
#2593=EDGE_CURVE('',#1831,#1995,#1153,.T.);
#2594=EDGE_CURVE('',#1833,#2002,#1154,.T.);
#2595=EDGE_CURVE('',#1834,#2001,#1155,.T.);
#2596=EDGE_CURVE('',#1835,#2000,#1156,.T.);
#2597=EDGE_CURVE('',#1836,#1999,#1157,.T.);
#2598=EDGE_CURVE('',#1837,#1998,#1158,.T.);
#2599=EDGE_CURVE('',#1838,#1997,#1159,.T.);
#2600=EDGE_CURVE('',#1832,#1996,#1160,.T.);
#2601=EDGE_CURVE('',#1918,#1845,#1161,.T.);
#2602=EDGE_CURVE('',#1846,#1917,#1162,.T.);
#2603=EDGE_CURVE('',#1847,#1916,#1163,.T.);
#2604=EDGE_CURVE('',#1848,#1915,#1164,.T.);
#2605=EDGE_CURVE('',#1857,#2003,#1165,.T.);
#2606=EDGE_CURVE('',#1859,#2010,#1166,.T.);
#2607=EDGE_CURVE('',#1860,#2009,#1167,.T.);
#2608=EDGE_CURVE('',#1861,#2008,#1168,.T.);
#2609=EDGE_CURVE('',#1862,#2007,#1169,.T.);
#2610=EDGE_CURVE('',#1863,#2006,#1170,.T.);
#2611=EDGE_CURVE('',#1864,#2005,#1171,.T.);
#2612=EDGE_CURVE('',#1858,#2004,#1172,.T.);
#2613=EDGE_CURVE('',#1849,#1914,#1173,.T.);
#2614=EDGE_CURVE('',#1850,#1913,#1174,.T.);
#2615=EDGE_CURVE('',#1851,#1912,#1175,.T.);
#2616=EDGE_CURVE('',#1865,#2011,#1176,.T.);
#2617=EDGE_CURVE('',#1867,#2018,#1177,.T.);
#2618=EDGE_CURVE('',#1868,#2017,#1178,.T.);
#2619=EDGE_CURVE('',#1869,#2016,#1179,.T.);
#2620=EDGE_CURVE('',#1870,#2015,#1180,.T.);
#2621=EDGE_CURVE('',#1871,#2014,#1181,.T.);
#2622=EDGE_CURVE('',#1872,#2013,#1182,.T.);
#2623=EDGE_CURVE('',#1866,#2012,#1183,.T.);
#2624=EDGE_CURVE('',#1873,#2019,#1184,.T.);
#2625=EDGE_CURVE('',#1875,#2026,#1185,.T.);
#2626=EDGE_CURVE('',#1876,#2025,#1186,.T.);
#2627=EDGE_CURVE('',#1877,#2024,#1187,.T.);
#2628=EDGE_CURVE('',#1878,#2023,#1188,.T.);
#2629=EDGE_CURVE('',#1879,#2022,#1189,.T.);
#2630=EDGE_CURVE('',#1880,#2021,#1190,.T.);
#2631=EDGE_CURVE('',#1874,#2020,#1191,.T.);
#2632=EDGE_CURVE('',#1839,#1906,#1192,.T.);
#2633=EDGE_CURVE('',#1840,#1905,#1193,.T.);
#2634=EDGE_CURVE('',#1881,#2027,#1194,.T.);
#2635=EDGE_CURVE('',#1883,#2034,#1195,.T.);
#2636=EDGE_CURVE('',#1884,#2033,#1196,.T.);
#2637=EDGE_CURVE('',#1885,#2032,#1197,.T.);
#2638=EDGE_CURVE('',#1886,#2031,#1198,.T.);
#2639=EDGE_CURVE('',#1887,#2030,#1199,.T.);
#2640=EDGE_CURVE('',#1888,#2029,#1200,.T.);
#2641=EDGE_CURVE('',#1882,#2028,#1201,.T.);
#2642=EDGE_CURVE('',#1889,#2035,#1202,.T.);
#2643=EDGE_CURVE('',#1891,#2042,#1203,.T.);
#2644=EDGE_CURVE('',#1892,#2041,#1204,.T.);
#2645=EDGE_CURVE('',#1893,#2040,#1205,.T.);
#2646=EDGE_CURVE('',#1894,#2039,#1206,.T.);
#2647=EDGE_CURVE('',#1895,#2038,#1207,.T.);
#2648=EDGE_CURVE('',#1896,#2037,#1208,.T.);
#2649=EDGE_CURVE('',#1890,#2036,#1209,.T.);
#2650=EDGE_CURVE('',#1856,#1907,#1210,.T.);
#2651=EDGE_CURVE('',#1841,#1922,#1211,.T.);
#2652=EDGE_CURVE('',#1843,#1920,#1212,.T.);
#2653=EDGE_CURVE('',#1844,#1919,#1213,.T.);
#2654=EDGE_CURVE('',#1842,#1921,#1214,.T.);
#2655=ORIENTED_EDGE('',*,*,#2043,.F.);
#2656=ORIENTED_EDGE('',*,*,#2044,.F.);
#2657=ORIENTED_EDGE('',*,*,#2045,.F.);
#2658=ORIENTED_EDGE('',*,*,#2046,.T.);
#2659=ORIENTED_EDGE('',*,*,#2047,.F.);
#2660=ORIENTED_EDGE('',*,*,#2046,.F.);
#2661=ORIENTED_EDGE('',*,*,#2048,.F.);
#2662=ORIENTED_EDGE('',*,*,#2049,.T.);
#2663=ORIENTED_EDGE('',*,*,#2050,.F.);
#2664=ORIENTED_EDGE('',*,*,#2049,.F.);
#2665=ORIENTED_EDGE('',*,*,#2051,.F.);
#2666=ORIENTED_EDGE('',*,*,#2052,.T.);
#2667=ORIENTED_EDGE('',*,*,#2053,.F.);
#2668=ORIENTED_EDGE('',*,*,#2052,.F.);
#2669=ORIENTED_EDGE('',*,*,#2054,.F.);
#2670=ORIENTED_EDGE('',*,*,#2055,.T.);
#2671=ORIENTED_EDGE('',*,*,#2056,.F.);
#2672=ORIENTED_EDGE('',*,*,#2055,.F.);
#2673=ORIENTED_EDGE('',*,*,#2057,.F.);
#2674=ORIENTED_EDGE('',*,*,#2058,.T.);
#2675=ORIENTED_EDGE('',*,*,#2059,.F.);
#2676=ORIENTED_EDGE('',*,*,#2058,.F.);
#2677=ORIENTED_EDGE('',*,*,#2060,.F.);
#2678=ORIENTED_EDGE('',*,*,#2061,.T.);
#2679=ORIENTED_EDGE('',*,*,#2062,.F.);
#2680=ORIENTED_EDGE('',*,*,#2061,.F.);
#2681=ORIENTED_EDGE('',*,*,#2063,.F.);
#2682=ORIENTED_EDGE('',*,*,#2064,.T.);
#2683=ORIENTED_EDGE('',*,*,#2065,.F.);
#2684=ORIENTED_EDGE('',*,*,#2064,.F.);
#2685=ORIENTED_EDGE('',*,*,#2066,.F.);
#2686=ORIENTED_EDGE('',*,*,#2067,.T.);
#2687=ORIENTED_EDGE('',*,*,#2068,.F.);
#2688=ORIENTED_EDGE('',*,*,#2067,.F.);
#2689=ORIENTED_EDGE('',*,*,#2069,.F.);
#2690=ORIENTED_EDGE('',*,*,#2070,.T.);
#2691=ORIENTED_EDGE('',*,*,#2071,.F.);
#2692=ORIENTED_EDGE('',*,*,#2070,.F.);
#2693=ORIENTED_EDGE('',*,*,#2072,.F.);
#2694=ORIENTED_EDGE('',*,*,#2073,.T.);
#2695=ORIENTED_EDGE('',*,*,#2074,.F.);
#2696=ORIENTED_EDGE('',*,*,#2073,.F.);
#2697=ORIENTED_EDGE('',*,*,#2075,.F.);
#2698=ORIENTED_EDGE('',*,*,#2076,.T.);
#2699=ORIENTED_EDGE('',*,*,#2077,.F.);
#2700=ORIENTED_EDGE('',*,*,#2076,.F.);
#2701=ORIENTED_EDGE('',*,*,#2078,.F.);
#2702=ORIENTED_EDGE('',*,*,#2079,.T.);
#2703=ORIENTED_EDGE('',*,*,#2080,.F.);
#2704=ORIENTED_EDGE('',*,*,#2079,.F.);
#2705=ORIENTED_EDGE('',*,*,#2081,.F.);
#2706=ORIENTED_EDGE('',*,*,#2082,.T.);
#2707=ORIENTED_EDGE('',*,*,#2083,.F.);
#2708=ORIENTED_EDGE('',*,*,#2082,.F.);
#2709=ORIENTED_EDGE('',*,*,#2084,.F.);
#2710=ORIENTED_EDGE('',*,*,#2085,.T.);
#2711=ORIENTED_EDGE('',*,*,#2086,.F.);
#2712=ORIENTED_EDGE('',*,*,#2085,.F.);
#2713=ORIENTED_EDGE('',*,*,#2087,.F.);
#2714=ORIENTED_EDGE('',*,*,#2088,.T.);
#2715=ORIENTED_EDGE('',*,*,#2089,.F.);
#2716=ORIENTED_EDGE('',*,*,#2088,.F.);
#2717=ORIENTED_EDGE('',*,*,#2090,.F.);
#2718=ORIENTED_EDGE('',*,*,#2091,.T.);
#2719=ORIENTED_EDGE('',*,*,#2092,.F.);
#2720=ORIENTED_EDGE('',*,*,#2091,.F.);
#2721=ORIENTED_EDGE('',*,*,#2093,.F.);
#2722=ORIENTED_EDGE('',*,*,#2094,.T.);
#2723=ORIENTED_EDGE('',*,*,#2095,.F.);
#2724=ORIENTED_EDGE('',*,*,#2094,.F.);
#2725=ORIENTED_EDGE('',*,*,#2096,.F.);
#2726=ORIENTED_EDGE('',*,*,#2097,.T.);
#2727=ORIENTED_EDGE('',*,*,#2098,.F.);
#2728=ORIENTED_EDGE('',*,*,#2097,.F.);
#2729=ORIENTED_EDGE('',*,*,#2099,.F.);
#2730=ORIENTED_EDGE('',*,*,#2100,.T.);
#2731=ORIENTED_EDGE('',*,*,#2101,.F.);
#2732=ORIENTED_EDGE('',*,*,#2100,.F.);
#2733=ORIENTED_EDGE('',*,*,#2102,.F.);
#2734=ORIENTED_EDGE('',*,*,#2103,.T.);
#2735=ORIENTED_EDGE('',*,*,#2104,.F.);
#2736=ORIENTED_EDGE('',*,*,#2103,.F.);
#2737=ORIENTED_EDGE('',*,*,#2105,.F.);
#2738=ORIENTED_EDGE('',*,*,#2106,.T.);
#2739=ORIENTED_EDGE('',*,*,#2107,.F.);
#2740=ORIENTED_EDGE('',*,*,#2106,.F.);
#2741=ORIENTED_EDGE('',*,*,#2108,.F.);
#2742=ORIENTED_EDGE('',*,*,#2109,.T.);
#2743=ORIENTED_EDGE('',*,*,#2110,.F.);
#2744=ORIENTED_EDGE('',*,*,#2109,.F.);
#2745=ORIENTED_EDGE('',*,*,#2111,.F.);
#2746=ORIENTED_EDGE('',*,*,#2112,.T.);
#2747=ORIENTED_EDGE('',*,*,#2113,.F.);
#2748=ORIENTED_EDGE('',*,*,#2112,.F.);
#2749=ORIENTED_EDGE('',*,*,#2114,.F.);
#2750=ORIENTED_EDGE('',*,*,#2115,.T.);
#2751=ORIENTED_EDGE('',*,*,#2116,.F.);
#2752=ORIENTED_EDGE('',*,*,#2115,.F.);
#2753=ORIENTED_EDGE('',*,*,#2117,.F.);
#2754=ORIENTED_EDGE('',*,*,#2118,.T.);
#2755=ORIENTED_EDGE('',*,*,#2119,.F.);
#2756=ORIENTED_EDGE('',*,*,#2118,.F.);
#2757=ORIENTED_EDGE('',*,*,#2120,.F.);
#2758=ORIENTED_EDGE('',*,*,#2121,.T.);
#2759=ORIENTED_EDGE('',*,*,#2122,.F.);
#2760=ORIENTED_EDGE('',*,*,#2121,.F.);
#2761=ORIENTED_EDGE('',*,*,#2123,.F.);
#2762=ORIENTED_EDGE('',*,*,#2124,.T.);
#2763=ORIENTED_EDGE('',*,*,#2125,.F.);
#2764=ORIENTED_EDGE('',*,*,#2124,.F.);
#2765=ORIENTED_EDGE('',*,*,#2126,.F.);
#2766=ORIENTED_EDGE('',*,*,#2127,.T.);
#2767=ORIENTED_EDGE('',*,*,#2128,.F.);
#2768=ORIENTED_EDGE('',*,*,#2127,.F.);
#2769=ORIENTED_EDGE('',*,*,#2129,.F.);
#2770=ORIENTED_EDGE('',*,*,#2130,.T.);
#2771=ORIENTED_EDGE('',*,*,#2131,.F.);
#2772=ORIENTED_EDGE('',*,*,#2130,.F.);
#2773=ORIENTED_EDGE('',*,*,#2132,.F.);
#2774=ORIENTED_EDGE('',*,*,#2133,.T.);
#2775=ORIENTED_EDGE('',*,*,#2134,.F.);
#2776=ORIENTED_EDGE('',*,*,#2133,.F.);
#2777=ORIENTED_EDGE('',*,*,#2135,.F.);
#2778=ORIENTED_EDGE('',*,*,#2136,.T.);
#2779=ORIENTED_EDGE('',*,*,#2137,.F.);
#2780=ORIENTED_EDGE('',*,*,#2136,.F.);
#2781=ORIENTED_EDGE('',*,*,#2138,.F.);
#2782=ORIENTED_EDGE('',*,*,#2044,.T.);
#2783=ORIENTED_EDGE('',*,*,#2139,.T.);
#2784=ORIENTED_EDGE('',*,*,#2140,.T.);
#2785=ORIENTED_EDGE('',*,*,#2141,.T.);
#2786=ORIENTED_EDGE('',*,*,#2142,.T.);
#2787=ORIENTED_EDGE('',*,*,#2140,.F.);
#2788=ORIENTED_EDGE('',*,*,#2143,.F.);
#2789=ORIENTED_EDGE('',*,*,#2144,.F.);
#2790=ORIENTED_EDGE('',*,*,#2145,.F.);
#2791=ORIENTED_EDGE('',*,*,#2146,.T.);
#2792=ORIENTED_EDGE('',*,*,#2144,.T.);
#2793=ORIENTED_EDGE('',*,*,#2147,.T.);
#2794=ORIENTED_EDGE('',*,*,#2148,.T.);
#2795=ORIENTED_EDGE('',*,*,#2149,.T.);
#2796=ORIENTED_EDGE('',*,*,#2150,.T.);
#2797=ORIENTED_EDGE('',*,*,#2151,.T.);
#2798=ORIENTED_EDGE('',*,*,#2152,.T.);
#2799=ORIENTED_EDGE('',*,*,#2150,.F.);
#2800=ORIENTED_EDGE('',*,*,#2153,.F.);
#2801=ORIENTED_EDGE('',*,*,#2154,.F.);
#2802=ORIENTED_EDGE('',*,*,#2155,.F.);
#2803=ORIENTED_EDGE('',*,*,#2156,.T.);
#2804=ORIENTED_EDGE('',*,*,#2154,.T.);
#2805=ORIENTED_EDGE('',*,*,#2157,.T.);
#2806=ORIENTED_EDGE('',*,*,#2158,.T.);
#2807=ORIENTED_EDGE('',*,*,#2159,.T.);
#2808=ORIENTED_EDGE('',*,*,#2160,.T.);
#2809=ORIENTED_EDGE('',*,*,#2161,.T.);
#2810=ORIENTED_EDGE('',*,*,#2162,.T.);
#2811=ORIENTED_EDGE('',*,*,#2160,.F.);
#2812=ORIENTED_EDGE('',*,*,#2163,.F.);
#2813=ORIENTED_EDGE('',*,*,#2164,.F.);
#2814=ORIENTED_EDGE('',*,*,#2165,.F.);
#2815=ORIENTED_EDGE('',*,*,#2166,.T.);
#2816=ORIENTED_EDGE('',*,*,#2164,.T.);
#2817=ORIENTED_EDGE('',*,*,#2167,.T.);
#2818=ORIENTED_EDGE('',*,*,#2168,.T.);
#2819=ORIENTED_EDGE('',*,*,#2169,.T.);
#2820=ORIENTED_EDGE('',*,*,#2170,.T.);
#2821=ORIENTED_EDGE('',*,*,#2171,.T.);
#2822=ORIENTED_EDGE('',*,*,#2172,.T.);
#2823=ORIENTED_EDGE('',*,*,#2170,.F.);
#2824=ORIENTED_EDGE('',*,*,#2173,.F.);
#2825=ORIENTED_EDGE('',*,*,#2174,.F.);
#2826=ORIENTED_EDGE('',*,*,#2175,.F.);
#2827=ORIENTED_EDGE('',*,*,#2176,.T.);
#2828=ORIENTED_EDGE('',*,*,#2177,.T.);
#2829=ORIENTED_EDGE('',*,*,#2178,.T.);
#2830=ORIENTED_EDGE('',*,*,#2174,.T.);
#2831=ORIENTED_EDGE('',*,*,#2177,.F.);
#2832=ORIENTED_EDGE('',*,*,#2179,.F.);
#2833=ORIENTED_EDGE('',*,*,#2180,.T.);
#2834=ORIENTED_EDGE('',*,*,#2181,.F.);
#2835=ORIENTED_EDGE('',*,*,#2142,.F.);
#2836=ORIENTED_EDGE('',*,*,#2182,.F.);
#2837=ORIENTED_EDGE('',*,*,#2183,.F.);
#2838=ORIENTED_EDGE('',*,*,#2184,.T.);
#2839=ORIENTED_EDGE('',*,*,#2152,.F.);
#2840=ORIENTED_EDGE('',*,*,#2185,.F.);
#2841=ORIENTED_EDGE('',*,*,#2186,.F.);
#2842=ORIENTED_EDGE('',*,*,#2187,.T.);
#2843=ORIENTED_EDGE('',*,*,#2162,.F.);
#2844=ORIENTED_EDGE('',*,*,#2188,.F.);
#2845=ORIENTED_EDGE('',*,*,#2189,.F.);
#2846=ORIENTED_EDGE('',*,*,#2190,.T.);
#2847=ORIENTED_EDGE('',*,*,#2172,.F.);
#2848=ORIENTED_EDGE('',*,*,#2191,.F.);
#2849=ORIENTED_EDGE('',*,*,#2192,.F.);
#2850=ORIENTED_EDGE('',*,*,#2193,.T.);
#2851=ORIENTED_EDGE('',*,*,#2148,.F.);
#2852=ORIENTED_EDGE('',*,*,#2194,.F.);
#2853=ORIENTED_EDGE('',*,*,#2195,.T.);
#2854=ORIENTED_EDGE('',*,*,#2196,.F.);
#2855=ORIENTED_EDGE('',*,*,#2158,.F.);
#2856=ORIENTED_EDGE('',*,*,#2197,.F.);
#2857=ORIENTED_EDGE('',*,*,#2198,.T.);
#2858=ORIENTED_EDGE('',*,*,#2199,.F.);
#2859=ORIENTED_EDGE('',*,*,#2168,.F.);
#2860=ORIENTED_EDGE('',*,*,#2200,.F.);
#2861=ORIENTED_EDGE('',*,*,#2201,.T.);
#2862=ORIENTED_EDGE('',*,*,#2202,.F.);
#2863=ORIENTED_EDGE('',*,*,#2203,.T.);
#2864=ORIENTED_EDGE('',*,*,#2204,.F.);
#2865=ORIENTED_EDGE('',*,*,#2205,.F.);
#2866=ORIENTED_EDGE('',*,*,#2206,.F.);
#2867=ORIENTED_EDGE('',*,*,#2092,.T.);
#2868=ORIENTED_EDGE('',*,*,#2095,.T.);
#2869=ORIENTED_EDGE('',*,*,#2098,.T.);
#2870=ORIENTED_EDGE('',*,*,#2101,.T.);
#2871=ORIENTED_EDGE('',*,*,#2104,.T.);
#2872=ORIENTED_EDGE('',*,*,#2107,.T.);
#2873=ORIENTED_EDGE('',*,*,#2110,.T.);
#2874=ORIENTED_EDGE('',*,*,#2113,.T.);
#2875=ORIENTED_EDGE('',*,*,#2116,.T.);
#2876=ORIENTED_EDGE('',*,*,#2119,.T.);
#2877=ORIENTED_EDGE('',*,*,#2122,.T.);
#2878=ORIENTED_EDGE('',*,*,#2125,.T.);
#2879=ORIENTED_EDGE('',*,*,#2128,.T.);
#2880=ORIENTED_EDGE('',*,*,#2131,.T.);
#2881=ORIENTED_EDGE('',*,*,#2134,.T.);
#2882=ORIENTED_EDGE('',*,*,#2137,.T.);
#2883=ORIENTED_EDGE('',*,*,#2043,.T.);
#2884=ORIENTED_EDGE('',*,*,#2047,.T.);
#2885=ORIENTED_EDGE('',*,*,#2050,.T.);
#2886=ORIENTED_EDGE('',*,*,#2053,.T.);
#2887=ORIENTED_EDGE('',*,*,#2056,.T.);
#2888=ORIENTED_EDGE('',*,*,#2059,.T.);
#2889=ORIENTED_EDGE('',*,*,#2062,.T.);
#2890=ORIENTED_EDGE('',*,*,#2065,.T.);
#2891=ORIENTED_EDGE('',*,*,#2068,.T.);
#2892=ORIENTED_EDGE('',*,*,#2071,.T.);
#2893=ORIENTED_EDGE('',*,*,#2074,.T.);
#2894=ORIENTED_EDGE('',*,*,#2077,.T.);
#2895=ORIENTED_EDGE('',*,*,#2080,.T.);
#2896=ORIENTED_EDGE('',*,*,#2083,.T.);
#2897=ORIENTED_EDGE('',*,*,#2086,.T.);
#2898=ORIENTED_EDGE('',*,*,#2089,.T.);
#2899=ORIENTED_EDGE('',*,*,#2163,.T.);
#2900=ORIENTED_EDGE('',*,*,#2159,.F.);
#2901=ORIENTED_EDGE('',*,*,#2190,.F.);
#2902=ORIENTED_EDGE('',*,*,#2207,.T.);
#2903=ORIENTED_EDGE('',*,*,#2208,.T.);
#2904=ORIENTED_EDGE('',*,*,#2209,.T.);
#2905=ORIENTED_EDGE('',*,*,#2200,.T.);
#2906=ORIENTED_EDGE('',*,*,#2167,.F.);
#2907=ORIENTED_EDGE('',*,*,#2153,.T.);
#2908=ORIENTED_EDGE('',*,*,#2149,.F.);
#2909=ORIENTED_EDGE('',*,*,#2187,.F.);
#2910=ORIENTED_EDGE('',*,*,#2210,.T.);
#2911=ORIENTED_EDGE('',*,*,#2211,.T.);
#2912=ORIENTED_EDGE('',*,*,#2212,.T.);
#2913=ORIENTED_EDGE('',*,*,#2197,.T.);
#2914=ORIENTED_EDGE('',*,*,#2157,.F.);
#2915=ORIENTED_EDGE('',*,*,#2143,.T.);
#2916=ORIENTED_EDGE('',*,*,#2139,.F.);
#2917=ORIENTED_EDGE('',*,*,#2184,.F.);
#2918=ORIENTED_EDGE('',*,*,#2213,.T.);
#2919=ORIENTED_EDGE('',*,*,#2214,.F.);
#2920=ORIENTED_EDGE('',*,*,#2215,.T.);
#2921=ORIENTED_EDGE('',*,*,#2194,.T.);
#2922=ORIENTED_EDGE('',*,*,#2147,.F.);
#2923=ORIENTED_EDGE('',*,*,#2193,.F.);
#2924=ORIENTED_EDGE('',*,*,#2216,.T.);
#2925=ORIENTED_EDGE('',*,*,#2217,.F.);
#2926=ORIENTED_EDGE('',*,*,#2218,.T.);
#2927=ORIENTED_EDGE('',*,*,#2179,.T.);
#2928=ORIENTED_EDGE('',*,*,#2176,.F.);
#2929=ORIENTED_EDGE('',*,*,#2173,.T.);
#2930=ORIENTED_EDGE('',*,*,#2169,.F.);
#2931=ORIENTED_EDGE('',*,*,#2219,.F.);
#2932=ORIENTED_EDGE('',*,*,#2220,.T.);
#2933=ORIENTED_EDGE('',*,*,#2221,.T.);
#2934=ORIENTED_EDGE('',*,*,#2222,.T.);
#2935=ORIENTED_EDGE('',*,*,#2223,.T.);
#2936=ORIENTED_EDGE('',*,*,#2224,.T.);
#2937=ORIENTED_EDGE('',*,*,#2225,.F.);
#2938=ORIENTED_EDGE('',*,*,#2226,.T.);
#2939=ORIENTED_EDGE('',*,*,#2227,.F.);
#2940=ORIENTED_EDGE('',*,*,#2228,.T.);
#2941=ORIENTED_EDGE('',*,*,#2229,.T.);
#2942=ORIENTED_EDGE('',*,*,#2230,.T.);
#2943=ORIENTED_EDGE('',*,*,#2231,.T.);
#2944=ORIENTED_EDGE('',*,*,#2232,.T.);
#2945=ORIENTED_EDGE('',*,*,#2233,.F.);
#2946=ORIENTED_EDGE('',*,*,#2234,.T.);
#2947=ORIENTED_EDGE('',*,*,#2235,.F.);
#2948=ORIENTED_EDGE('',*,*,#2236,.T.);
#2949=ORIENTED_EDGE('',*,*,#2237,.T.);
#2950=ORIENTED_EDGE('',*,*,#2238,.T.);
#2951=ORIENTED_EDGE('',*,*,#2239,.T.);
#2952=ORIENTED_EDGE('',*,*,#2240,.T.);
#2953=ORIENTED_EDGE('',*,*,#2241,.F.);
#2954=ORIENTED_EDGE('',*,*,#2242,.T.);
#2955=ORIENTED_EDGE('',*,*,#2243,.F.);
#2956=ORIENTED_EDGE('',*,*,#2244,.T.);
#2957=ORIENTED_EDGE('',*,*,#2245,.T.);
#2958=ORIENTED_EDGE('',*,*,#2246,.T.);
#2959=ORIENTED_EDGE('',*,*,#2247,.T.);
#2960=ORIENTED_EDGE('',*,*,#2248,.T.);
#2961=ORIENTED_EDGE('',*,*,#2249,.F.);
#2962=ORIENTED_EDGE('',*,*,#2250,.T.);
#2963=ORIENTED_EDGE('',*,*,#2251,.F.);
#2964=ORIENTED_EDGE('',*,*,#2252,.T.);
#2965=ORIENTED_EDGE('',*,*,#2253,.T.);
#2966=ORIENTED_EDGE('',*,*,#2254,.T.);
#2967=ORIENTED_EDGE('',*,*,#2255,.T.);
#2968=ORIENTED_EDGE('',*,*,#2256,.T.);
#2969=ORIENTED_EDGE('',*,*,#2257,.F.);
#2970=ORIENTED_EDGE('',*,*,#2258,.T.);
#2971=ORIENTED_EDGE('',*,*,#2259,.F.);
#2972=ORIENTED_EDGE('',*,*,#2260,.T.);
#2973=ORIENTED_EDGE('',*,*,#2261,.T.);
#2974=ORIENTED_EDGE('',*,*,#2262,.T.);
#2975=ORIENTED_EDGE('',*,*,#2263,.T.);
#2976=ORIENTED_EDGE('',*,*,#2264,.T.);
#2977=ORIENTED_EDGE('',*,*,#2265,.F.);
#2978=ORIENTED_EDGE('',*,*,#2266,.T.);
#2979=ORIENTED_EDGE('',*,*,#2267,.F.);
#2980=ORIENTED_EDGE('',*,*,#2268,.T.);
#2981=ORIENTED_EDGE('',*,*,#2269,.T.);
#2982=ORIENTED_EDGE('',*,*,#2270,.T.);
#2983=ORIENTED_EDGE('',*,*,#2271,.T.);
#2984=ORIENTED_EDGE('',*,*,#2272,.T.);
#2985=ORIENTED_EDGE('',*,*,#2273,.F.);
#2986=ORIENTED_EDGE('',*,*,#2274,.T.);
#2987=ORIENTED_EDGE('',*,*,#2275,.T.);
#2988=ORIENTED_EDGE('',*,*,#2276,.T.);
#2989=ORIENTED_EDGE('',*,*,#2277,.T.);
#2990=ORIENTED_EDGE('',*,*,#2278,.T.);
#2991=ORIENTED_EDGE('',*,*,#2279,.T.);
#2992=ORIENTED_EDGE('',*,*,#2280,.F.);
#2993=ORIENTED_EDGE('',*,*,#2281,.T.);
#2994=ORIENTED_EDGE('',*,*,#2282,.F.);
#2995=ORIENTED_EDGE('',*,*,#2283,.F.);
#2996=ORIENTED_EDGE('',*,*,#2284,.T.);
#2997=ORIENTED_EDGE('',*,*,#2285,.T.);
#2998=ORIENTED_EDGE('',*,*,#2286,.T.);
#2999=ORIENTED_EDGE('',*,*,#2287,.T.);
#3000=ORIENTED_EDGE('',*,*,#2288,.T.);
#3001=ORIENTED_EDGE('',*,*,#2289,.F.);
#3002=ORIENTED_EDGE('',*,*,#2290,.T.);
#3003=ORIENTED_EDGE('',*,*,#2291,.F.);
#3004=ORIENTED_EDGE('',*,*,#2292,.T.);
#3005=ORIENTED_EDGE('',*,*,#2293,.T.);
#3006=ORIENTED_EDGE('',*,*,#2294,.T.);
#3007=ORIENTED_EDGE('',*,*,#2295,.T.);
#3008=ORIENTED_EDGE('',*,*,#2296,.T.);
#3009=ORIENTED_EDGE('',*,*,#2297,.F.);
#3010=ORIENTED_EDGE('',*,*,#2298,.T.);
#3011=ORIENTED_EDGE('',*,*,#2299,.T.);
#3012=ORIENTED_EDGE('',*,*,#2300,.T.);
#3013=ORIENTED_EDGE('',*,*,#2301,.T.);
#3014=ORIENTED_EDGE('',*,*,#2206,.T.);
#3015=ORIENTED_EDGE('',*,*,#2302,.T.);
#3016=ORIENTED_EDGE('',*,*,#2303,.T.);
#3017=ORIENTED_EDGE('',*,*,#2304,.T.);
#3018=ORIENTED_EDGE('',*,*,#2305,.T.);
#3019=ORIENTED_EDGE('',*,*,#2306,.F.);
#3020=ORIENTED_EDGE('',*,*,#2307,.T.);
#3021=ORIENTED_EDGE('',*,*,#2308,.F.);
#3022=ORIENTED_EDGE('',*,*,#2309,.T.);
#3023=ORIENTED_EDGE('',*,*,#2310,.T.);
#3024=ORIENTED_EDGE('',*,*,#2311,.T.);
#3025=ORIENTED_EDGE('',*,*,#2312,.T.);
#3026=ORIENTED_EDGE('',*,*,#2313,.T.);
#3027=ORIENTED_EDGE('',*,*,#2314,.T.);
#3028=ORIENTED_EDGE('',*,*,#2315,.T.);
#3029=ORIENTED_EDGE('',*,*,#2316,.T.);
#3030=ORIENTED_EDGE('',*,*,#2317,.T.);
#3031=ORIENTED_EDGE('',*,*,#2318,.F.);
#3032=ORIENTED_EDGE('',*,*,#2319,.T.);
#3033=ORIENTED_EDGE('',*,*,#2320,.F.);
#3034=ORIENTED_EDGE('',*,*,#2321,.T.);
#3035=ORIENTED_EDGE('',*,*,#2322,.T.);
#3036=ORIENTED_EDGE('',*,*,#2323,.T.);
#3037=ORIENTED_EDGE('',*,*,#2324,.T.);
#3038=ORIENTED_EDGE('',*,*,#2325,.T.);
#3039=ORIENTED_EDGE('',*,*,#2326,.F.);
#3040=ORIENTED_EDGE('',*,*,#2327,.T.);
#3041=ORIENTED_EDGE('',*,*,#2328,.T.);
#3042=ORIENTED_EDGE('',*,*,#2329,.T.);
#3043=ORIENTED_EDGE('',*,*,#2330,.T.);
#3044=ORIENTED_EDGE('',*,*,#2331,.T.);
#3045=ORIENTED_EDGE('',*,*,#2332,.F.);
#3046=ORIENTED_EDGE('',*,*,#2333,.T.);
#3047=ORIENTED_EDGE('',*,*,#2334,.F.);
#3048=ORIENTED_EDGE('',*,*,#2335,.T.);
#3049=ORIENTED_EDGE('',*,*,#2336,.T.);
#3050=ORIENTED_EDGE('',*,*,#2337,.T.);
#3051=ORIENTED_EDGE('',*,*,#2338,.T.);
#3052=ORIENTED_EDGE('',*,*,#2339,.T.);
#3053=ORIENTED_EDGE('',*,*,#2340,.F.);
#3054=ORIENTED_EDGE('',*,*,#2341,.T.);
#3055=ORIENTED_EDGE('',*,*,#2342,.F.);
#3056=ORIENTED_EDGE('',*,*,#2343,.T.);
#3057=ORIENTED_EDGE('',*,*,#2344,.F.);
#3058=ORIENTED_EDGE('',*,*,#2345,.T.);
#3059=ORIENTED_EDGE('',*,*,#2346,.T.);
#3060=ORIENTED_EDGE('',*,*,#2347,.T.);
#3061=ORIENTED_EDGE('',*,*,#2348,.T.);
#3062=ORIENTED_EDGE('',*,*,#2349,.T.);
#3063=ORIENTED_EDGE('',*,*,#2350,.F.);
#3064=ORIENTED_EDGE('',*,*,#2351,.F.);
#3065=ORIENTED_EDGE('',*,*,#2352,.T.);
#3066=ORIENTED_EDGE('',*,*,#2353,.F.);
#3067=ORIENTED_EDGE('',*,*,#2354,.T.);
#3068=ORIENTED_EDGE('',*,*,#2355,.F.);
#3069=ORIENTED_EDGE('',*,*,#2356,.F.);
#3070=ORIENTED_EDGE('',*,*,#2357,.F.);
#3071=ORIENTED_EDGE('',*,*,#2093,.T.);
#3072=ORIENTED_EDGE('',*,*,#2090,.T.);
#3073=ORIENTED_EDGE('',*,*,#2087,.T.);
#3074=ORIENTED_EDGE('',*,*,#2084,.T.);
#3075=ORIENTED_EDGE('',*,*,#2081,.T.);
#3076=ORIENTED_EDGE('',*,*,#2078,.T.);
#3077=ORIENTED_EDGE('',*,*,#2075,.T.);
#3078=ORIENTED_EDGE('',*,*,#2072,.T.);
#3079=ORIENTED_EDGE('',*,*,#2069,.T.);
#3080=ORIENTED_EDGE('',*,*,#2066,.T.);
#3081=ORIENTED_EDGE('',*,*,#2063,.T.);
#3082=ORIENTED_EDGE('',*,*,#2060,.T.);
#3083=ORIENTED_EDGE('',*,*,#2057,.T.);
#3084=ORIENTED_EDGE('',*,*,#2054,.T.);
#3085=ORIENTED_EDGE('',*,*,#2051,.T.);
#3086=ORIENTED_EDGE('',*,*,#2048,.T.);
#3087=ORIENTED_EDGE('',*,*,#2045,.T.);
#3088=ORIENTED_EDGE('',*,*,#2138,.T.);
#3089=ORIENTED_EDGE('',*,*,#2135,.T.);
#3090=ORIENTED_EDGE('',*,*,#2132,.T.);
#3091=ORIENTED_EDGE('',*,*,#2129,.T.);
#3092=ORIENTED_EDGE('',*,*,#2126,.T.);
#3093=ORIENTED_EDGE('',*,*,#2123,.T.);
#3094=ORIENTED_EDGE('',*,*,#2120,.T.);
#3095=ORIENTED_EDGE('',*,*,#2117,.T.);
#3096=ORIENTED_EDGE('',*,*,#2114,.T.);
#3097=ORIENTED_EDGE('',*,*,#2111,.T.);
#3098=ORIENTED_EDGE('',*,*,#2108,.T.);
#3099=ORIENTED_EDGE('',*,*,#2105,.T.);
#3100=ORIENTED_EDGE('',*,*,#2102,.T.);
#3101=ORIENTED_EDGE('',*,*,#2099,.T.);
#3102=ORIENTED_EDGE('',*,*,#2096,.T.);
#3103=ORIENTED_EDGE('',*,*,#2175,.T.);
#3104=ORIENTED_EDGE('',*,*,#2178,.F.);
#3105=ORIENTED_EDGE('',*,*,#2181,.T.);
#3106=ORIENTED_EDGE('',*,*,#2358,.T.);
#3107=ORIENTED_EDGE('',*,*,#2359,.T.);
#3108=ORIENTED_EDGE('',*,*,#2360,.T.);
#3109=ORIENTED_EDGE('',*,*,#2191,.T.);
#3110=ORIENTED_EDGE('',*,*,#2171,.F.);
#3111=ORIENTED_EDGE('',*,*,#2202,.T.);
#3112=ORIENTED_EDGE('',*,*,#2361,.T.);
#3113=ORIENTED_EDGE('',*,*,#2362,.T.);
#3114=ORIENTED_EDGE('',*,*,#2363,.T.);
#3115=ORIENTED_EDGE('',*,*,#2188,.T.);
#3116=ORIENTED_EDGE('',*,*,#2161,.F.);
#3117=ORIENTED_EDGE('',*,*,#2165,.T.);
#3118=ORIENTED_EDGE('',*,*,#2166,.F.);
#3119=ORIENTED_EDGE('',*,*,#2199,.T.);
#3120=ORIENTED_EDGE('',*,*,#2364,.T.);
#3121=ORIENTED_EDGE('',*,*,#2365,.T.);
#3122=ORIENTED_EDGE('',*,*,#2366,.T.);
#3123=ORIENTED_EDGE('',*,*,#2185,.T.);
#3124=ORIENTED_EDGE('',*,*,#2151,.F.);
#3125=ORIENTED_EDGE('',*,*,#2155,.T.);
#3126=ORIENTED_EDGE('',*,*,#2156,.F.);
#3127=ORIENTED_EDGE('',*,*,#2196,.T.);
#3128=ORIENTED_EDGE('',*,*,#2367,.T.);
#3129=ORIENTED_EDGE('',*,*,#2368,.T.);
#3130=ORIENTED_EDGE('',*,*,#2369,.T.);
#3131=ORIENTED_EDGE('',*,*,#2182,.T.);
#3132=ORIENTED_EDGE('',*,*,#2141,.F.);
#3133=ORIENTED_EDGE('',*,*,#2145,.T.);
#3134=ORIENTED_EDGE('',*,*,#2146,.F.);
#3135=ORIENTED_EDGE('',*,*,#2370,.T.);
#3136=ORIENTED_EDGE('',*,*,#2371,.T.);
#3137=ORIENTED_EDGE('',*,*,#2372,.T.);
#3138=ORIENTED_EDGE('',*,*,#2373,.T.);
#3139=ORIENTED_EDGE('',*,*,#2374,.T.);
#3140=ORIENTED_EDGE('',*,*,#2375,.T.);
#3141=ORIENTED_EDGE('',*,*,#2376,.T.);
#3142=ORIENTED_EDGE('',*,*,#2377,.T.);
#3143=ORIENTED_EDGE('',*,*,#2378,.T.);
#3144=ORIENTED_EDGE('',*,*,#2379,.T.);
#3145=ORIENTED_EDGE('',*,*,#2380,.T.);
#3146=ORIENTED_EDGE('',*,*,#2381,.T.);
#3147=ORIENTED_EDGE('',*,*,#2382,.T.);
#3148=ORIENTED_EDGE('',*,*,#2383,.T.);
#3149=ORIENTED_EDGE('',*,*,#2384,.T.);
#3150=ORIENTED_EDGE('',*,*,#2385,.T.);
#3151=ORIENTED_EDGE('',*,*,#2386,.T.);
#3152=ORIENTED_EDGE('',*,*,#2204,.T.);
#3153=ORIENTED_EDGE('',*,*,#2387,.T.);
#3154=ORIENTED_EDGE('',*,*,#2388,.T.);
#3155=ORIENTED_EDGE('',*,*,#2389,.T.);
#3156=ORIENTED_EDGE('',*,*,#2390,.T.);
#3157=ORIENTED_EDGE('',*,*,#2391,.T.);
#3158=ORIENTED_EDGE('',*,*,#2392,.T.);
#3159=ORIENTED_EDGE('',*,*,#2393,.T.);
#3160=ORIENTED_EDGE('',*,*,#2394,.T.);
#3161=ORIENTED_EDGE('',*,*,#2395,.T.);
#3162=ORIENTED_EDGE('',*,*,#2396,.T.);
#3163=ORIENTED_EDGE('',*,*,#2397,.T.);
#3164=ORIENTED_EDGE('',*,*,#2398,.T.);
#3165=ORIENTED_EDGE('',*,*,#2399,.T.);
#3166=ORIENTED_EDGE('',*,*,#2400,.T.);
#3167=ORIENTED_EDGE('',*,*,#2401,.T.);
#3168=ORIENTED_EDGE('',*,*,#2402,.T.);
#3169=ORIENTED_EDGE('',*,*,#2403,.T.);
#3170=ORIENTED_EDGE('',*,*,#2404,.T.);
#3171=ORIENTED_EDGE('',*,*,#2405,.T.);
#3172=ORIENTED_EDGE('',*,*,#2406,.T.);
#3173=ORIENTED_EDGE('',*,*,#2407,.T.);
#3174=ORIENTED_EDGE('',*,*,#2408,.T.);
#3175=ORIENTED_EDGE('',*,*,#2409,.T.);
#3176=ORIENTED_EDGE('',*,*,#2410,.T.);
#3177=ORIENTED_EDGE('',*,*,#2411,.T.);
#3178=ORIENTED_EDGE('',*,*,#2412,.T.);
#3179=ORIENTED_EDGE('',*,*,#2413,.T.);
#3180=ORIENTED_EDGE('',*,*,#2414,.T.);
#3181=ORIENTED_EDGE('',*,*,#2415,.T.);
#3182=ORIENTED_EDGE('',*,*,#2416,.T.);
#3183=ORIENTED_EDGE('',*,*,#2417,.T.);
#3184=ORIENTED_EDGE('',*,*,#2418,.T.);
#3185=ORIENTED_EDGE('',*,*,#2419,.T.);
#3186=ORIENTED_EDGE('',*,*,#2420,.T.);
#3187=ORIENTED_EDGE('',*,*,#2421,.T.);
#3188=ORIENTED_EDGE('',*,*,#2422,.T.);
#3189=ORIENTED_EDGE('',*,*,#2423,.T.);
#3190=ORIENTED_EDGE('',*,*,#2424,.T.);
#3191=ORIENTED_EDGE('',*,*,#2425,.T.);
#3192=ORIENTED_EDGE('',*,*,#2426,.T.);
#3193=ORIENTED_EDGE('',*,*,#2427,.T.);
#3194=ORIENTED_EDGE('',*,*,#2428,.T.);
#3195=ORIENTED_EDGE('',*,*,#2429,.T.);
#3196=ORIENTED_EDGE('',*,*,#2430,.T.);
#3197=ORIENTED_EDGE('',*,*,#2431,.T.);
#3198=ORIENTED_EDGE('',*,*,#2432,.T.);
#3199=ORIENTED_EDGE('',*,*,#2433,.T.);
#3200=ORIENTED_EDGE('',*,*,#2434,.T.);
#3201=ORIENTED_EDGE('',*,*,#2435,.T.);
#3202=ORIENTED_EDGE('',*,*,#2436,.T.);
#3203=ORIENTED_EDGE('',*,*,#2437,.T.);
#3204=ORIENTED_EDGE('',*,*,#2438,.T.);
#3205=ORIENTED_EDGE('',*,*,#2439,.T.);
#3206=ORIENTED_EDGE('',*,*,#2440,.T.);
#3207=ORIENTED_EDGE('',*,*,#2441,.T.);
#3208=ORIENTED_EDGE('',*,*,#2442,.T.);
#3209=ORIENTED_EDGE('',*,*,#2443,.T.);
#3210=ORIENTED_EDGE('',*,*,#2444,.T.);
#3211=ORIENTED_EDGE('',*,*,#2445,.T.);
#3212=ORIENTED_EDGE('',*,*,#2446,.T.);
#3213=ORIENTED_EDGE('',*,*,#2447,.T.);
#3214=ORIENTED_EDGE('',*,*,#2448,.T.);
#3215=ORIENTED_EDGE('',*,*,#2449,.T.);
#3216=ORIENTED_EDGE('',*,*,#2450,.T.);
#3217=ORIENTED_EDGE('',*,*,#2451,.T.);
#3218=ORIENTED_EDGE('',*,*,#2452,.T.);
#3219=ORIENTED_EDGE('',*,*,#2453,.T.);
#3220=ORIENTED_EDGE('',*,*,#2454,.T.);
#3221=ORIENTED_EDGE('',*,*,#2455,.T.);
#3222=ORIENTED_EDGE('',*,*,#2456,.T.);
#3223=ORIENTED_EDGE('',*,*,#2457,.T.);
#3224=ORIENTED_EDGE('',*,*,#2458,.T.);
#3225=ORIENTED_EDGE('',*,*,#2459,.T.);
#3226=ORIENTED_EDGE('',*,*,#2460,.T.);
#3227=ORIENTED_EDGE('',*,*,#2461,.T.);
#3228=ORIENTED_EDGE('',*,*,#2462,.T.);
#3229=ORIENTED_EDGE('',*,*,#2463,.T.);
#3230=ORIENTED_EDGE('',*,*,#2464,.T.);
#3231=ORIENTED_EDGE('',*,*,#2465,.T.);
#3232=ORIENTED_EDGE('',*,*,#2466,.T.);
#3233=ORIENTED_EDGE('',*,*,#2467,.T.);
#3234=ORIENTED_EDGE('',*,*,#2468,.T.);
#3235=ORIENTED_EDGE('',*,*,#2469,.T.);
#3236=ORIENTED_EDGE('',*,*,#2470,.T.);
#3237=ORIENTED_EDGE('',*,*,#2471,.T.);
#3238=ORIENTED_EDGE('',*,*,#2472,.T.);
#3239=ORIENTED_EDGE('',*,*,#2473,.T.);
#3240=ORIENTED_EDGE('',*,*,#2474,.T.);
#3241=ORIENTED_EDGE('',*,*,#2475,.T.);
#3242=ORIENTED_EDGE('',*,*,#2476,.T.);
#3243=ORIENTED_EDGE('',*,*,#2477,.T.);
#3244=ORIENTED_EDGE('',*,*,#2478,.T.);
#3245=ORIENTED_EDGE('',*,*,#2479,.T.);
#3246=ORIENTED_EDGE('',*,*,#2480,.T.);
#3247=ORIENTED_EDGE('',*,*,#2481,.T.);
#3248=ORIENTED_EDGE('',*,*,#2482,.T.);
#3249=ORIENTED_EDGE('',*,*,#2483,.T.);
#3250=ORIENTED_EDGE('',*,*,#2484,.T.);
#3251=ORIENTED_EDGE('',*,*,#2485,.T.);
#3252=ORIENTED_EDGE('',*,*,#2486,.T.);
#3253=ORIENTED_EDGE('',*,*,#2487,.T.);
#3254=ORIENTED_EDGE('',*,*,#2488,.T.);
#3255=ORIENTED_EDGE('',*,*,#2489,.T.);
#3256=ORIENTED_EDGE('',*,*,#2490,.T.);
#3257=ORIENTED_EDGE('',*,*,#2491,.T.);
#3258=ORIENTED_EDGE('',*,*,#2492,.T.);
#3259=ORIENTED_EDGE('',*,*,#2493,.T.);
#3260=ORIENTED_EDGE('',*,*,#2494,.T.);
#3261=ORIENTED_EDGE('',*,*,#2495,.T.);
#3262=ORIENTED_EDGE('',*,*,#2496,.T.);
#3263=ORIENTED_EDGE('',*,*,#2497,.T.);
#3264=ORIENTED_EDGE('',*,*,#2498,.T.);
#3265=ORIENTED_EDGE('',*,*,#2499,.T.);
#3266=ORIENTED_EDGE('',*,*,#2500,.T.);
#3267=ORIENTED_EDGE('',*,*,#2501,.T.);
#3268=ORIENTED_EDGE('',*,*,#2502,.T.);
#3269=ORIENTED_EDGE('',*,*,#2503,.T.);
#3270=ORIENTED_EDGE('',*,*,#2504,.T.);
#3271=ORIENTED_EDGE('',*,*,#2505,.T.);
#3272=ORIENTED_EDGE('',*,*,#2506,.T.);
#3273=ORIENTED_EDGE('',*,*,#2507,.T.);
#3274=ORIENTED_EDGE('',*,*,#2508,.T.);
#3275=ORIENTED_EDGE('',*,*,#2218,.F.);
#3276=ORIENTED_EDGE('',*,*,#2509,.T.);
#3277=ORIENTED_EDGE('',*,*,#2358,.F.);
#3278=ORIENTED_EDGE('',*,*,#2180,.F.);
#3279=ORIENTED_EDGE('',*,*,#2216,.F.);
#3280=ORIENTED_EDGE('',*,*,#2192,.T.);
#3281=ORIENTED_EDGE('',*,*,#2360,.F.);
#3282=ORIENTED_EDGE('',*,*,#2510,.F.);
#3283=ORIENTED_EDGE('',*,*,#2217,.T.);
#3284=ORIENTED_EDGE('',*,*,#2510,.T.);
#3285=ORIENTED_EDGE('',*,*,#2359,.F.);
#3286=ORIENTED_EDGE('',*,*,#2509,.F.);
#3287=ORIENTED_EDGE('',*,*,#2207,.F.);
#3288=ORIENTED_EDGE('',*,*,#2189,.T.);
#3289=ORIENTED_EDGE('',*,*,#2363,.F.);
#3290=ORIENTED_EDGE('',*,*,#2511,.F.);
#3291=ORIENTED_EDGE('',*,*,#2208,.F.);
#3292=ORIENTED_EDGE('',*,*,#2511,.T.);
#3293=ORIENTED_EDGE('',*,*,#2362,.F.);
#3294=ORIENTED_EDGE('',*,*,#2512,.F.);
#3295=ORIENTED_EDGE('',*,*,#2209,.F.);
#3296=ORIENTED_EDGE('',*,*,#2512,.T.);
#3297=ORIENTED_EDGE('',*,*,#2361,.F.);
#3298=ORIENTED_EDGE('',*,*,#2201,.F.);
#3299=ORIENTED_EDGE('',*,*,#2213,.F.);
#3300=ORIENTED_EDGE('',*,*,#2183,.T.);
#3301=ORIENTED_EDGE('',*,*,#2369,.F.);
#3302=ORIENTED_EDGE('',*,*,#2513,.F.);
#3303=ORIENTED_EDGE('',*,*,#2214,.T.);
#3304=ORIENTED_EDGE('',*,*,#2513,.T.);
#3305=ORIENTED_EDGE('',*,*,#2368,.F.);
#3306=ORIENTED_EDGE('',*,*,#2514,.F.);
#3307=ORIENTED_EDGE('',*,*,#2215,.F.);
#3308=ORIENTED_EDGE('',*,*,#2514,.T.);
#3309=ORIENTED_EDGE('',*,*,#2367,.F.);
#3310=ORIENTED_EDGE('',*,*,#2195,.F.);
#3311=ORIENTED_EDGE('',*,*,#2210,.F.);
#3312=ORIENTED_EDGE('',*,*,#2186,.T.);
#3313=ORIENTED_EDGE('',*,*,#2366,.F.);
#3314=ORIENTED_EDGE('',*,*,#2515,.F.);
#3315=ORIENTED_EDGE('',*,*,#2211,.F.);
#3316=ORIENTED_EDGE('',*,*,#2515,.T.);
#3317=ORIENTED_EDGE('',*,*,#2365,.F.);
#3318=ORIENTED_EDGE('',*,*,#2516,.F.);
#3319=ORIENTED_EDGE('',*,*,#2212,.F.);
#3320=ORIENTED_EDGE('',*,*,#2516,.T.);
#3321=ORIENTED_EDGE('',*,*,#2364,.F.);
#3322=ORIENTED_EDGE('',*,*,#2198,.F.);
#3323=ORIENTED_EDGE('',*,*,#2220,.F.);
#3324=ORIENTED_EDGE('',*,*,#2517,.T.);
#3325=ORIENTED_EDGE('',*,*,#2396,.F.);
#3326=ORIENTED_EDGE('',*,*,#2518,.F.);
#3327=ORIENTED_EDGE('',*,*,#2221,.F.);
#3328=ORIENTED_EDGE('',*,*,#2518,.T.);
#3329=ORIENTED_EDGE('',*,*,#2395,.F.);
#3330=ORIENTED_EDGE('',*,*,#2519,.F.);
#3331=ORIENTED_EDGE('',*,*,#2222,.F.);
#3332=ORIENTED_EDGE('',*,*,#2519,.T.);
#3333=ORIENTED_EDGE('',*,*,#2394,.F.);
#3334=ORIENTED_EDGE('',*,*,#2520,.F.);
#3335=ORIENTED_EDGE('',*,*,#2223,.F.);
#3336=ORIENTED_EDGE('',*,*,#2520,.T.);
#3337=ORIENTED_EDGE('',*,*,#2393,.F.);
#3338=ORIENTED_EDGE('',*,*,#2521,.F.);
#3339=ORIENTED_EDGE('',*,*,#2224,.F.);
#3340=ORIENTED_EDGE('',*,*,#2521,.T.);
#3341=ORIENTED_EDGE('',*,*,#2392,.F.);
#3342=ORIENTED_EDGE('',*,*,#2522,.F.);
#3343=ORIENTED_EDGE('',*,*,#2225,.T.);
#3344=ORIENTED_EDGE('',*,*,#2522,.T.);
#3345=ORIENTED_EDGE('',*,*,#2391,.F.);
#3346=ORIENTED_EDGE('',*,*,#2523,.F.);
#3347=ORIENTED_EDGE('',*,*,#2226,.F.);
#3348=ORIENTED_EDGE('',*,*,#2523,.T.);
#3349=ORIENTED_EDGE('',*,*,#2390,.F.);
#3350=ORIENTED_EDGE('',*,*,#2524,.F.);
#3351=ORIENTED_EDGE('',*,*,#2219,.T.);
#3352=ORIENTED_EDGE('',*,*,#2524,.T.);
#3353=ORIENTED_EDGE('',*,*,#2389,.F.);
#3354=ORIENTED_EDGE('',*,*,#2517,.F.);
#3355=ORIENTED_EDGE('',*,*,#2228,.F.);
#3356=ORIENTED_EDGE('',*,*,#2525,.T.);
#3357=ORIENTED_EDGE('',*,*,#2404,.F.);
#3358=ORIENTED_EDGE('',*,*,#2526,.F.);
#3359=ORIENTED_EDGE('',*,*,#2229,.F.);
#3360=ORIENTED_EDGE('',*,*,#2526,.T.);
#3361=ORIENTED_EDGE('',*,*,#2403,.F.);
#3362=ORIENTED_EDGE('',*,*,#2527,.F.);
#3363=ORIENTED_EDGE('',*,*,#2230,.F.);
#3364=ORIENTED_EDGE('',*,*,#2527,.T.);
#3365=ORIENTED_EDGE('',*,*,#2402,.F.);
#3366=ORIENTED_EDGE('',*,*,#2528,.F.);
#3367=ORIENTED_EDGE('',*,*,#2231,.F.);
#3368=ORIENTED_EDGE('',*,*,#2528,.T.);
#3369=ORIENTED_EDGE('',*,*,#2401,.F.);
#3370=ORIENTED_EDGE('',*,*,#2529,.F.);
#3371=ORIENTED_EDGE('',*,*,#2232,.F.);
#3372=ORIENTED_EDGE('',*,*,#2529,.T.);
#3373=ORIENTED_EDGE('',*,*,#2400,.F.);
#3374=ORIENTED_EDGE('',*,*,#2530,.F.);
#3375=ORIENTED_EDGE('',*,*,#2233,.T.);
#3376=ORIENTED_EDGE('',*,*,#2530,.T.);
#3377=ORIENTED_EDGE('',*,*,#2399,.F.);
#3378=ORIENTED_EDGE('',*,*,#2531,.F.);
#3379=ORIENTED_EDGE('',*,*,#2234,.F.);
#3380=ORIENTED_EDGE('',*,*,#2531,.T.);
#3381=ORIENTED_EDGE('',*,*,#2398,.F.);
#3382=ORIENTED_EDGE('',*,*,#2532,.F.);
#3383=ORIENTED_EDGE('',*,*,#2227,.T.);
#3384=ORIENTED_EDGE('',*,*,#2532,.T.);
#3385=ORIENTED_EDGE('',*,*,#2397,.F.);
#3386=ORIENTED_EDGE('',*,*,#2525,.F.);
#3387=ORIENTED_EDGE('',*,*,#2236,.F.);
#3388=ORIENTED_EDGE('',*,*,#2533,.T.);
#3389=ORIENTED_EDGE('',*,*,#2412,.F.);
#3390=ORIENTED_EDGE('',*,*,#2534,.F.);
#3391=ORIENTED_EDGE('',*,*,#2237,.F.);
#3392=ORIENTED_EDGE('',*,*,#2534,.T.);
#3393=ORIENTED_EDGE('',*,*,#2411,.F.);
#3394=ORIENTED_EDGE('',*,*,#2535,.F.);
#3395=ORIENTED_EDGE('',*,*,#2238,.F.);
#3396=ORIENTED_EDGE('',*,*,#2535,.T.);
#3397=ORIENTED_EDGE('',*,*,#2410,.F.);
#3398=ORIENTED_EDGE('',*,*,#2536,.F.);
#3399=ORIENTED_EDGE('',*,*,#2239,.F.);
#3400=ORIENTED_EDGE('',*,*,#2536,.T.);
#3401=ORIENTED_EDGE('',*,*,#2409,.F.);
#3402=ORIENTED_EDGE('',*,*,#2537,.F.);
#3403=ORIENTED_EDGE('',*,*,#2240,.F.);
#3404=ORIENTED_EDGE('',*,*,#2537,.T.);
#3405=ORIENTED_EDGE('',*,*,#2408,.F.);
#3406=ORIENTED_EDGE('',*,*,#2538,.F.);
#3407=ORIENTED_EDGE('',*,*,#2241,.T.);
#3408=ORIENTED_EDGE('',*,*,#2538,.T.);
#3409=ORIENTED_EDGE('',*,*,#2407,.F.);
#3410=ORIENTED_EDGE('',*,*,#2539,.F.);
#3411=ORIENTED_EDGE('',*,*,#2242,.F.);
#3412=ORIENTED_EDGE('',*,*,#2539,.T.);
#3413=ORIENTED_EDGE('',*,*,#2406,.F.);
#3414=ORIENTED_EDGE('',*,*,#2540,.F.);
#3415=ORIENTED_EDGE('',*,*,#2235,.T.);
#3416=ORIENTED_EDGE('',*,*,#2540,.T.);
#3417=ORIENTED_EDGE('',*,*,#2405,.F.);
#3418=ORIENTED_EDGE('',*,*,#2533,.F.);
#3419=ORIENTED_EDGE('',*,*,#2244,.F.);
#3420=ORIENTED_EDGE('',*,*,#2541,.T.);
#3421=ORIENTED_EDGE('',*,*,#2420,.F.);
#3422=ORIENTED_EDGE('',*,*,#2542,.F.);
#3423=ORIENTED_EDGE('',*,*,#2245,.F.);
#3424=ORIENTED_EDGE('',*,*,#2542,.T.);
#3425=ORIENTED_EDGE('',*,*,#2419,.F.);
#3426=ORIENTED_EDGE('',*,*,#2543,.F.);
#3427=ORIENTED_EDGE('',*,*,#2246,.F.);
#3428=ORIENTED_EDGE('',*,*,#2543,.T.);
#3429=ORIENTED_EDGE('',*,*,#2418,.F.);
#3430=ORIENTED_EDGE('',*,*,#2544,.F.);
#3431=ORIENTED_EDGE('',*,*,#2247,.F.);
#3432=ORIENTED_EDGE('',*,*,#2544,.T.);
#3433=ORIENTED_EDGE('',*,*,#2417,.F.);
#3434=ORIENTED_EDGE('',*,*,#2545,.F.);
#3435=ORIENTED_EDGE('',*,*,#2248,.F.);
#3436=ORIENTED_EDGE('',*,*,#2545,.T.);
#3437=ORIENTED_EDGE('',*,*,#2416,.F.);
#3438=ORIENTED_EDGE('',*,*,#2546,.F.);
#3439=ORIENTED_EDGE('',*,*,#2249,.T.);
#3440=ORIENTED_EDGE('',*,*,#2546,.T.);
#3441=ORIENTED_EDGE('',*,*,#2415,.F.);
#3442=ORIENTED_EDGE('',*,*,#2547,.F.);
#3443=ORIENTED_EDGE('',*,*,#2250,.F.);
#3444=ORIENTED_EDGE('',*,*,#2547,.T.);
#3445=ORIENTED_EDGE('',*,*,#2414,.F.);
#3446=ORIENTED_EDGE('',*,*,#2548,.F.);
#3447=ORIENTED_EDGE('',*,*,#2243,.T.);
#3448=ORIENTED_EDGE('',*,*,#2548,.T.);
#3449=ORIENTED_EDGE('',*,*,#2413,.F.);
#3450=ORIENTED_EDGE('',*,*,#2541,.F.);
#3451=ORIENTED_EDGE('',*,*,#2252,.F.);
#3452=ORIENTED_EDGE('',*,*,#2549,.T.);
#3453=ORIENTED_EDGE('',*,*,#2428,.F.);
#3454=ORIENTED_EDGE('',*,*,#2550,.F.);
#3455=ORIENTED_EDGE('',*,*,#2253,.F.);
#3456=ORIENTED_EDGE('',*,*,#2550,.T.);
#3457=ORIENTED_EDGE('',*,*,#2427,.F.);
#3458=ORIENTED_EDGE('',*,*,#2551,.F.);
#3459=ORIENTED_EDGE('',*,*,#2254,.F.);
#3460=ORIENTED_EDGE('',*,*,#2551,.T.);
#3461=ORIENTED_EDGE('',*,*,#2426,.F.);
#3462=ORIENTED_EDGE('',*,*,#2552,.F.);
#3463=ORIENTED_EDGE('',*,*,#2255,.F.);
#3464=ORIENTED_EDGE('',*,*,#2552,.T.);
#3465=ORIENTED_EDGE('',*,*,#2425,.F.);
#3466=ORIENTED_EDGE('',*,*,#2553,.F.);
#3467=ORIENTED_EDGE('',*,*,#2256,.F.);
#3468=ORIENTED_EDGE('',*,*,#2553,.T.);
#3469=ORIENTED_EDGE('',*,*,#2424,.F.);
#3470=ORIENTED_EDGE('',*,*,#2554,.F.);
#3471=ORIENTED_EDGE('',*,*,#2257,.T.);
#3472=ORIENTED_EDGE('',*,*,#2554,.T.);
#3473=ORIENTED_EDGE('',*,*,#2423,.F.);
#3474=ORIENTED_EDGE('',*,*,#2555,.F.);
#3475=ORIENTED_EDGE('',*,*,#2258,.F.);
#3476=ORIENTED_EDGE('',*,*,#2555,.T.);
#3477=ORIENTED_EDGE('',*,*,#2422,.F.);
#3478=ORIENTED_EDGE('',*,*,#2556,.F.);
#3479=ORIENTED_EDGE('',*,*,#2251,.T.);
#3480=ORIENTED_EDGE('',*,*,#2556,.T.);
#3481=ORIENTED_EDGE('',*,*,#2421,.F.);
#3482=ORIENTED_EDGE('',*,*,#2549,.F.);
#3483=ORIENTED_EDGE('',*,*,#2260,.F.);
#3484=ORIENTED_EDGE('',*,*,#2557,.T.);
#3485=ORIENTED_EDGE('',*,*,#2436,.F.);
#3486=ORIENTED_EDGE('',*,*,#2558,.F.);
#3487=ORIENTED_EDGE('',*,*,#2261,.F.);
#3488=ORIENTED_EDGE('',*,*,#2558,.T.);
#3489=ORIENTED_EDGE('',*,*,#2435,.F.);
#3490=ORIENTED_EDGE('',*,*,#2559,.F.);
#3491=ORIENTED_EDGE('',*,*,#2262,.F.);
#3492=ORIENTED_EDGE('',*,*,#2559,.T.);
#3493=ORIENTED_EDGE('',*,*,#2434,.F.);
#3494=ORIENTED_EDGE('',*,*,#2560,.F.);
#3495=ORIENTED_EDGE('',*,*,#2263,.F.);
#3496=ORIENTED_EDGE('',*,*,#2560,.T.);
#3497=ORIENTED_EDGE('',*,*,#2433,.F.);
#3498=ORIENTED_EDGE('',*,*,#2561,.F.);
#3499=ORIENTED_EDGE('',*,*,#2264,.F.);
#3500=ORIENTED_EDGE('',*,*,#2561,.T.);
#3501=ORIENTED_EDGE('',*,*,#2432,.F.);
#3502=ORIENTED_EDGE('',*,*,#2562,.F.);
#3503=ORIENTED_EDGE('',*,*,#2265,.T.);
#3504=ORIENTED_EDGE('',*,*,#2562,.T.);
#3505=ORIENTED_EDGE('',*,*,#2431,.F.);
#3506=ORIENTED_EDGE('',*,*,#2563,.F.);
#3507=ORIENTED_EDGE('',*,*,#2266,.F.);
#3508=ORIENTED_EDGE('',*,*,#2563,.T.);
#3509=ORIENTED_EDGE('',*,*,#2430,.F.);
#3510=ORIENTED_EDGE('',*,*,#2564,.F.);
#3511=ORIENTED_EDGE('',*,*,#2259,.T.);
#3512=ORIENTED_EDGE('',*,*,#2564,.T.);
#3513=ORIENTED_EDGE('',*,*,#2429,.F.);
#3514=ORIENTED_EDGE('',*,*,#2557,.F.);
#3515=ORIENTED_EDGE('',*,*,#2268,.F.);
#3516=ORIENTED_EDGE('',*,*,#2565,.T.);
#3517=ORIENTED_EDGE('',*,*,#2444,.F.);
#3518=ORIENTED_EDGE('',*,*,#2566,.F.);
#3519=ORIENTED_EDGE('',*,*,#2269,.F.);
#3520=ORIENTED_EDGE('',*,*,#2566,.T.);
#3521=ORIENTED_EDGE('',*,*,#2443,.F.);
#3522=ORIENTED_EDGE('',*,*,#2567,.F.);
#3523=ORIENTED_EDGE('',*,*,#2270,.F.);
#3524=ORIENTED_EDGE('',*,*,#2567,.T.);
#3525=ORIENTED_EDGE('',*,*,#2442,.F.);
#3526=ORIENTED_EDGE('',*,*,#2568,.F.);
#3527=ORIENTED_EDGE('',*,*,#2271,.F.);
#3528=ORIENTED_EDGE('',*,*,#2568,.T.);
#3529=ORIENTED_EDGE('',*,*,#2441,.F.);
#3530=ORIENTED_EDGE('',*,*,#2569,.F.);
#3531=ORIENTED_EDGE('',*,*,#2272,.F.);
#3532=ORIENTED_EDGE('',*,*,#2569,.T.);
#3533=ORIENTED_EDGE('',*,*,#2440,.F.);
#3534=ORIENTED_EDGE('',*,*,#2570,.F.);
#3535=ORIENTED_EDGE('',*,*,#2273,.T.);
#3536=ORIENTED_EDGE('',*,*,#2570,.T.);
#3537=ORIENTED_EDGE('',*,*,#2439,.F.);
#3538=ORIENTED_EDGE('',*,*,#2571,.F.);
#3539=ORIENTED_EDGE('',*,*,#2274,.F.);
#3540=ORIENTED_EDGE('',*,*,#2571,.T.);
#3541=ORIENTED_EDGE('',*,*,#2438,.F.);
#3542=ORIENTED_EDGE('',*,*,#2572,.F.);
#3543=ORIENTED_EDGE('',*,*,#2267,.T.);
#3544=ORIENTED_EDGE('',*,*,#2572,.T.);
#3545=ORIENTED_EDGE('',*,*,#2437,.F.);
#3546=ORIENTED_EDGE('',*,*,#2565,.F.);
#3547=ORIENTED_EDGE('',*,*,#2276,.F.);
#3548=ORIENTED_EDGE('',*,*,#2573,.T.);
#3549=ORIENTED_EDGE('',*,*,#2452,.F.);
#3550=ORIENTED_EDGE('',*,*,#2574,.F.);
#3551=ORIENTED_EDGE('',*,*,#2277,.F.);
#3552=ORIENTED_EDGE('',*,*,#2574,.T.);
#3553=ORIENTED_EDGE('',*,*,#2451,.F.);
#3554=ORIENTED_EDGE('',*,*,#2575,.F.);
#3555=ORIENTED_EDGE('',*,*,#2278,.F.);
#3556=ORIENTED_EDGE('',*,*,#2575,.T.);
#3557=ORIENTED_EDGE('',*,*,#2450,.F.);
#3558=ORIENTED_EDGE('',*,*,#2576,.F.);
#3559=ORIENTED_EDGE('',*,*,#2279,.F.);
#3560=ORIENTED_EDGE('',*,*,#2576,.T.);
#3561=ORIENTED_EDGE('',*,*,#2449,.F.);
#3562=ORIENTED_EDGE('',*,*,#2577,.F.);
#3563=ORIENTED_EDGE('',*,*,#2280,.T.);
#3564=ORIENTED_EDGE('',*,*,#2577,.T.);
#3565=ORIENTED_EDGE('',*,*,#2448,.F.);
#3566=ORIENTED_EDGE('',*,*,#2578,.F.);
#3567=ORIENTED_EDGE('',*,*,#2281,.F.);
#3568=ORIENTED_EDGE('',*,*,#2578,.T.);
#3569=ORIENTED_EDGE('',*,*,#2447,.F.);
#3570=ORIENTED_EDGE('',*,*,#2579,.F.);
#3571=ORIENTED_EDGE('',*,*,#2282,.T.);
#3572=ORIENTED_EDGE('',*,*,#2579,.T.);
#3573=ORIENTED_EDGE('',*,*,#2446,.F.);
#3574=ORIENTED_EDGE('',*,*,#2580,.F.);
#3575=ORIENTED_EDGE('',*,*,#2275,.F.);
#3576=ORIENTED_EDGE('',*,*,#2580,.T.);
#3577=ORIENTED_EDGE('',*,*,#2445,.F.);
#3578=ORIENTED_EDGE('',*,*,#2573,.F.);
#3579=ORIENTED_EDGE('',*,*,#2284,.F.);
#3580=ORIENTED_EDGE('',*,*,#2581,.T.);
#3581=ORIENTED_EDGE('',*,*,#2460,.F.);
#3582=ORIENTED_EDGE('',*,*,#2582,.F.);
#3583=ORIENTED_EDGE('',*,*,#2285,.F.);
#3584=ORIENTED_EDGE('',*,*,#2582,.T.);
#3585=ORIENTED_EDGE('',*,*,#2459,.F.);
#3586=ORIENTED_EDGE('',*,*,#2583,.F.);
#3587=ORIENTED_EDGE('',*,*,#2286,.F.);
#3588=ORIENTED_EDGE('',*,*,#2583,.T.);
#3589=ORIENTED_EDGE('',*,*,#2458,.F.);
#3590=ORIENTED_EDGE('',*,*,#2584,.F.);
#3591=ORIENTED_EDGE('',*,*,#2287,.F.);
#3592=ORIENTED_EDGE('',*,*,#2584,.T.);
#3593=ORIENTED_EDGE('',*,*,#2457,.F.);
#3594=ORIENTED_EDGE('',*,*,#2585,.F.);
#3595=ORIENTED_EDGE('',*,*,#2288,.F.);
#3596=ORIENTED_EDGE('',*,*,#2585,.T.);
#3597=ORIENTED_EDGE('',*,*,#2456,.F.);
#3598=ORIENTED_EDGE('',*,*,#2586,.F.);
#3599=ORIENTED_EDGE('',*,*,#2289,.T.);
#3600=ORIENTED_EDGE('',*,*,#2586,.T.);
#3601=ORIENTED_EDGE('',*,*,#2455,.F.);
#3602=ORIENTED_EDGE('',*,*,#2587,.F.);
#3603=ORIENTED_EDGE('',*,*,#2290,.F.);
#3604=ORIENTED_EDGE('',*,*,#2587,.T.);
#3605=ORIENTED_EDGE('',*,*,#2454,.F.);
#3606=ORIENTED_EDGE('',*,*,#2588,.F.);
#3607=ORIENTED_EDGE('',*,*,#2283,.T.);
#3608=ORIENTED_EDGE('',*,*,#2588,.T.);
#3609=ORIENTED_EDGE('',*,*,#2453,.F.);
#3610=ORIENTED_EDGE('',*,*,#2581,.F.);
#3611=ORIENTED_EDGE('',*,*,#2313,.F.);
#3612=ORIENTED_EDGE('',*,*,#2589,.F.);
#3613=ORIENTED_EDGE('',*,*,#2375,.F.);
#3614=ORIENTED_EDGE('',*,*,#2590,.F.);
#3615=ORIENTED_EDGE('',*,*,#2314,.F.);
#3616=ORIENTED_EDGE('',*,*,#2590,.T.);
#3617=ORIENTED_EDGE('',*,*,#2374,.F.);
#3618=ORIENTED_EDGE('',*,*,#2591,.F.);
#3619=ORIENTED_EDGE('',*,*,#2592,.T.);
#3620=ORIENTED_EDGE('',*,*,#2315,.F.);
#3621=ORIENTED_EDGE('',*,*,#2591,.T.);
#3622=ORIENTED_EDGE('',*,*,#2373,.F.);
#3623=ORIENTED_EDGE('',*,*,#2292,.F.);
#3624=ORIENTED_EDGE('',*,*,#2593,.T.);
#3625=ORIENTED_EDGE('',*,*,#2468,.F.);
#3626=ORIENTED_EDGE('',*,*,#2594,.F.);
#3627=ORIENTED_EDGE('',*,*,#2293,.F.);
#3628=ORIENTED_EDGE('',*,*,#2594,.T.);
#3629=ORIENTED_EDGE('',*,*,#2467,.F.);
#3630=ORIENTED_EDGE('',*,*,#2595,.F.);
#3631=ORIENTED_EDGE('',*,*,#2294,.F.);
#3632=ORIENTED_EDGE('',*,*,#2595,.T.);
#3633=ORIENTED_EDGE('',*,*,#2466,.F.);
#3634=ORIENTED_EDGE('',*,*,#2596,.F.);
#3635=ORIENTED_EDGE('',*,*,#2295,.F.);
#3636=ORIENTED_EDGE('',*,*,#2596,.T.);
#3637=ORIENTED_EDGE('',*,*,#2465,.F.);
#3638=ORIENTED_EDGE('',*,*,#2597,.F.);
#3639=ORIENTED_EDGE('',*,*,#2296,.F.);
#3640=ORIENTED_EDGE('',*,*,#2597,.T.);
#3641=ORIENTED_EDGE('',*,*,#2464,.F.);
#3642=ORIENTED_EDGE('',*,*,#2598,.F.);
#3643=ORIENTED_EDGE('',*,*,#2297,.T.);
#3644=ORIENTED_EDGE('',*,*,#2598,.T.);
#3645=ORIENTED_EDGE('',*,*,#2463,.F.);
#3646=ORIENTED_EDGE('',*,*,#2599,.F.);
#3647=ORIENTED_EDGE('',*,*,#2298,.F.);
#3648=ORIENTED_EDGE('',*,*,#2599,.T.);
#3649=ORIENTED_EDGE('',*,*,#2462,.F.);
#3650=ORIENTED_EDGE('',*,*,#2600,.F.);
#3651=ORIENTED_EDGE('',*,*,#2291,.T.);
#3652=ORIENTED_EDGE('',*,*,#2600,.T.);
#3653=ORIENTED_EDGE('',*,*,#2461,.F.);
#3654=ORIENTED_EDGE('',*,*,#2593,.F.);
#3655=ORIENTED_EDGE('',*,*,#2306,.T.);
#3656=ORIENTED_EDGE('',*,*,#2601,.F.);
#3657=ORIENTED_EDGE('',*,*,#2382,.F.);
#3658=ORIENTED_EDGE('',*,*,#2602,.F.);
#3659=ORIENTED_EDGE('',*,*,#2307,.F.);
#3660=ORIENTED_EDGE('',*,*,#2602,.T.);
#3661=ORIENTED_EDGE('',*,*,#2381,.F.);
#3662=ORIENTED_EDGE('',*,*,#2603,.F.);
#3663=ORIENTED_EDGE('',*,*,#2308,.T.);
#3664=ORIENTED_EDGE('',*,*,#2603,.T.);
#3665=ORIENTED_EDGE('',*,*,#2380,.F.);
#3666=ORIENTED_EDGE('',*,*,#2604,.F.);
#3667=ORIENTED_EDGE('',*,*,#2319,.F.);
#3668=ORIENTED_EDGE('',*,*,#2605,.T.);
#3669=ORIENTED_EDGE('',*,*,#2476,.F.);
#3670=ORIENTED_EDGE('',*,*,#2606,.F.);
#3671=ORIENTED_EDGE('',*,*,#2320,.T.);
#3672=ORIENTED_EDGE('',*,*,#2606,.T.);
#3673=ORIENTED_EDGE('',*,*,#2475,.F.);
#3674=ORIENTED_EDGE('',*,*,#2607,.F.);
#3675=ORIENTED_EDGE('',*,*,#2321,.F.);
#3676=ORIENTED_EDGE('',*,*,#2607,.T.);
#3677=ORIENTED_EDGE('',*,*,#2474,.F.);
#3678=ORIENTED_EDGE('',*,*,#2608,.F.);
#3679=ORIENTED_EDGE('',*,*,#2322,.F.);
#3680=ORIENTED_EDGE('',*,*,#2608,.T.);
#3681=ORIENTED_EDGE('',*,*,#2473,.F.);
#3682=ORIENTED_EDGE('',*,*,#2609,.F.);
#3683=ORIENTED_EDGE('',*,*,#2323,.F.);
#3684=ORIENTED_EDGE('',*,*,#2609,.T.);
#3685=ORIENTED_EDGE('',*,*,#2472,.F.);
#3686=ORIENTED_EDGE('',*,*,#2610,.F.);
#3687=ORIENTED_EDGE('',*,*,#2324,.F.);
#3688=ORIENTED_EDGE('',*,*,#2610,.T.);
#3689=ORIENTED_EDGE('',*,*,#2471,.F.);
#3690=ORIENTED_EDGE('',*,*,#2611,.F.);
#3691=ORIENTED_EDGE('',*,*,#2325,.F.);
#3692=ORIENTED_EDGE('',*,*,#2611,.T.);
#3693=ORIENTED_EDGE('',*,*,#2470,.F.);
#3694=ORIENTED_EDGE('',*,*,#2612,.F.);
#3695=ORIENTED_EDGE('',*,*,#2318,.T.);
#3696=ORIENTED_EDGE('',*,*,#2612,.T.);
#3697=ORIENTED_EDGE('',*,*,#2469,.F.);
#3698=ORIENTED_EDGE('',*,*,#2605,.F.);
#3699=ORIENTED_EDGE('',*,*,#2309,.F.);
#3700=ORIENTED_EDGE('',*,*,#2604,.T.);
#3701=ORIENTED_EDGE('',*,*,#2379,.F.);
#3702=ORIENTED_EDGE('',*,*,#2613,.F.);
#3703=ORIENTED_EDGE('',*,*,#2310,.F.);
#3704=ORIENTED_EDGE('',*,*,#2613,.T.);
#3705=ORIENTED_EDGE('',*,*,#2378,.F.);
#3706=ORIENTED_EDGE('',*,*,#2614,.F.);
#3707=ORIENTED_EDGE('',*,*,#2311,.F.);
#3708=ORIENTED_EDGE('',*,*,#2614,.T.);
#3709=ORIENTED_EDGE('',*,*,#2377,.F.);
#3710=ORIENTED_EDGE('',*,*,#2615,.F.);
#3711=ORIENTED_EDGE('',*,*,#2589,.T.);
#3712=ORIENTED_EDGE('',*,*,#2312,.F.);
#3713=ORIENTED_EDGE('',*,*,#2615,.T.);
#3714=ORIENTED_EDGE('',*,*,#2376,.F.);
#3715=ORIENTED_EDGE('',*,*,#2327,.F.);
#3716=ORIENTED_EDGE('',*,*,#2616,.T.);
#3717=ORIENTED_EDGE('',*,*,#2484,.F.);
#3718=ORIENTED_EDGE('',*,*,#2617,.F.);
#3719=ORIENTED_EDGE('',*,*,#2328,.F.);
#3720=ORIENTED_EDGE('',*,*,#2617,.T.);
#3721=ORIENTED_EDGE('',*,*,#2483,.F.);
#3722=ORIENTED_EDGE('',*,*,#2618,.F.);
#3723=ORIENTED_EDGE('',*,*,#2329,.F.);
#3724=ORIENTED_EDGE('',*,*,#2618,.T.);
#3725=ORIENTED_EDGE('',*,*,#2482,.F.);
#3726=ORIENTED_EDGE('',*,*,#2619,.F.);
#3727=ORIENTED_EDGE('',*,*,#2330,.F.);
#3728=ORIENTED_EDGE('',*,*,#2619,.T.);
#3729=ORIENTED_EDGE('',*,*,#2481,.F.);
#3730=ORIENTED_EDGE('',*,*,#2620,.F.);
#3731=ORIENTED_EDGE('',*,*,#2331,.F.);
#3732=ORIENTED_EDGE('',*,*,#2620,.T.);
#3733=ORIENTED_EDGE('',*,*,#2480,.F.);
#3734=ORIENTED_EDGE('',*,*,#2621,.F.);
#3735=ORIENTED_EDGE('',*,*,#2332,.T.);
#3736=ORIENTED_EDGE('',*,*,#2621,.T.);
#3737=ORIENTED_EDGE('',*,*,#2479,.F.);
#3738=ORIENTED_EDGE('',*,*,#2622,.F.);
#3739=ORIENTED_EDGE('',*,*,#2333,.F.);
#3740=ORIENTED_EDGE('',*,*,#2622,.T.);
#3741=ORIENTED_EDGE('',*,*,#2478,.F.);
#3742=ORIENTED_EDGE('',*,*,#2623,.F.);
#3743=ORIENTED_EDGE('',*,*,#2326,.T.);
#3744=ORIENTED_EDGE('',*,*,#2623,.T.);
#3745=ORIENTED_EDGE('',*,*,#2477,.F.);
#3746=ORIENTED_EDGE('',*,*,#2616,.F.);
#3747=ORIENTED_EDGE('',*,*,#2335,.F.);
#3748=ORIENTED_EDGE('',*,*,#2624,.T.);
#3749=ORIENTED_EDGE('',*,*,#2492,.F.);
#3750=ORIENTED_EDGE('',*,*,#2625,.F.);
#3751=ORIENTED_EDGE('',*,*,#2336,.F.);
#3752=ORIENTED_EDGE('',*,*,#2625,.T.);
#3753=ORIENTED_EDGE('',*,*,#2491,.F.);
#3754=ORIENTED_EDGE('',*,*,#2626,.F.);
#3755=ORIENTED_EDGE('',*,*,#2337,.F.);
#3756=ORIENTED_EDGE('',*,*,#2626,.T.);
#3757=ORIENTED_EDGE('',*,*,#2490,.F.);
#3758=ORIENTED_EDGE('',*,*,#2627,.F.);
#3759=ORIENTED_EDGE('',*,*,#2338,.F.);
#3760=ORIENTED_EDGE('',*,*,#2627,.T.);
#3761=ORIENTED_EDGE('',*,*,#2489,.F.);
#3762=ORIENTED_EDGE('',*,*,#2628,.F.);
#3763=ORIENTED_EDGE('',*,*,#2339,.F.);
#3764=ORIENTED_EDGE('',*,*,#2628,.T.);
#3765=ORIENTED_EDGE('',*,*,#2488,.F.);
#3766=ORIENTED_EDGE('',*,*,#2629,.F.);
#3767=ORIENTED_EDGE('',*,*,#2340,.T.);
#3768=ORIENTED_EDGE('',*,*,#2629,.T.);
#3769=ORIENTED_EDGE('',*,*,#2487,.F.);
#3770=ORIENTED_EDGE('',*,*,#2630,.F.);
#3771=ORIENTED_EDGE('',*,*,#2341,.F.);
#3772=ORIENTED_EDGE('',*,*,#2630,.T.);
#3773=ORIENTED_EDGE('',*,*,#2486,.F.);
#3774=ORIENTED_EDGE('',*,*,#2631,.F.);
#3775=ORIENTED_EDGE('',*,*,#2334,.T.);
#3776=ORIENTED_EDGE('',*,*,#2631,.T.);
#3777=ORIENTED_EDGE('',*,*,#2485,.F.);
#3778=ORIENTED_EDGE('',*,*,#2624,.F.);
#3779=ORIENTED_EDGE('',*,*,#2299,.F.);
#3780=ORIENTED_EDGE('',*,*,#2632,.T.);
#3781=ORIENTED_EDGE('',*,*,#2370,.F.);
#3782=ORIENTED_EDGE('',*,*,#2633,.F.);
#3783=ORIENTED_EDGE('',*,*,#2343,.F.);
#3784=ORIENTED_EDGE('',*,*,#2634,.T.);
#3785=ORIENTED_EDGE('',*,*,#2500,.F.);
#3786=ORIENTED_EDGE('',*,*,#2635,.F.);
#3787=ORIENTED_EDGE('',*,*,#2344,.T.);
#3788=ORIENTED_EDGE('',*,*,#2635,.T.);
#3789=ORIENTED_EDGE('',*,*,#2499,.F.);
#3790=ORIENTED_EDGE('',*,*,#2636,.F.);
#3791=ORIENTED_EDGE('',*,*,#2345,.F.);
#3792=ORIENTED_EDGE('',*,*,#2636,.T.);
#3793=ORIENTED_EDGE('',*,*,#2498,.F.);
#3794=ORIENTED_EDGE('',*,*,#2637,.F.);
#3795=ORIENTED_EDGE('',*,*,#2346,.F.);
#3796=ORIENTED_EDGE('',*,*,#2637,.T.);
#3797=ORIENTED_EDGE('',*,*,#2497,.F.);
#3798=ORIENTED_EDGE('',*,*,#2638,.F.);
#3799=ORIENTED_EDGE('',*,*,#2347,.F.);
#3800=ORIENTED_EDGE('',*,*,#2638,.T.);
#3801=ORIENTED_EDGE('',*,*,#2496,.F.);
#3802=ORIENTED_EDGE('',*,*,#2639,.F.);
#3803=ORIENTED_EDGE('',*,*,#2348,.F.);
#3804=ORIENTED_EDGE('',*,*,#2639,.T.);
#3805=ORIENTED_EDGE('',*,*,#2495,.F.);
#3806=ORIENTED_EDGE('',*,*,#2640,.F.);
#3807=ORIENTED_EDGE('',*,*,#2349,.F.);
#3808=ORIENTED_EDGE('',*,*,#2640,.T.);
#3809=ORIENTED_EDGE('',*,*,#2494,.F.);
#3810=ORIENTED_EDGE('',*,*,#2641,.F.);
#3811=ORIENTED_EDGE('',*,*,#2342,.T.);
#3812=ORIENTED_EDGE('',*,*,#2641,.T.);
#3813=ORIENTED_EDGE('',*,*,#2493,.F.);
#3814=ORIENTED_EDGE('',*,*,#2634,.F.);
#3815=ORIENTED_EDGE('',*,*,#2351,.T.);
#3816=ORIENTED_EDGE('',*,*,#2642,.T.);
#3817=ORIENTED_EDGE('',*,*,#2508,.F.);
#3818=ORIENTED_EDGE('',*,*,#2643,.F.);
#3819=ORIENTED_EDGE('',*,*,#2352,.F.);
#3820=ORIENTED_EDGE('',*,*,#2643,.T.);
#3821=ORIENTED_EDGE('',*,*,#2507,.F.);
#3822=ORIENTED_EDGE('',*,*,#2644,.F.);
#3823=ORIENTED_EDGE('',*,*,#2353,.T.);
#3824=ORIENTED_EDGE('',*,*,#2644,.T.);
#3825=ORIENTED_EDGE('',*,*,#2506,.F.);
#3826=ORIENTED_EDGE('',*,*,#2645,.F.);
#3827=ORIENTED_EDGE('',*,*,#2354,.F.);
#3828=ORIENTED_EDGE('',*,*,#2645,.T.);
#3829=ORIENTED_EDGE('',*,*,#2505,.F.);
#3830=ORIENTED_EDGE('',*,*,#2646,.F.);
#3831=ORIENTED_EDGE('',*,*,#2355,.T.);
#3832=ORIENTED_EDGE('',*,*,#2646,.T.);
#3833=ORIENTED_EDGE('',*,*,#2504,.F.);
#3834=ORIENTED_EDGE('',*,*,#2647,.F.);
#3835=ORIENTED_EDGE('',*,*,#2356,.T.);
#3836=ORIENTED_EDGE('',*,*,#2647,.T.);
#3837=ORIENTED_EDGE('',*,*,#2503,.F.);
#3838=ORIENTED_EDGE('',*,*,#2648,.F.);
#3839=ORIENTED_EDGE('',*,*,#2357,.T.);
#3840=ORIENTED_EDGE('',*,*,#2648,.T.);
#3841=ORIENTED_EDGE('',*,*,#2502,.F.);
#3842=ORIENTED_EDGE('',*,*,#2649,.F.);
#3843=ORIENTED_EDGE('',*,*,#2350,.T.);
#3844=ORIENTED_EDGE('',*,*,#2649,.T.);
#3845=ORIENTED_EDGE('',*,*,#2501,.F.);
#3846=ORIENTED_EDGE('',*,*,#2642,.F.);
#3847=ORIENTED_EDGE('',*,*,#2316,.F.);
#3848=ORIENTED_EDGE('',*,*,#2592,.F.);
#3849=ORIENTED_EDGE('',*,*,#2372,.F.);
#3850=ORIENTED_EDGE('',*,*,#2650,.F.);
#3851=ORIENTED_EDGE('',*,*,#2317,.F.);
#3852=ORIENTED_EDGE('',*,*,#2650,.T.);
#3853=ORIENTED_EDGE('',*,*,#2371,.F.);
#3854=ORIENTED_EDGE('',*,*,#2632,.F.);
#3855=ORIENTED_EDGE('',*,*,#2300,.F.);
#3856=ORIENTED_EDGE('',*,*,#2633,.T.);
#3857=ORIENTED_EDGE('',*,*,#2388,.F.);
#3858=ORIENTED_EDGE('',*,*,#2651,.F.);
#3859=ORIENTED_EDGE('',*,*,#2301,.F.);
#3860=ORIENTED_EDGE('',*,*,#2651,.T.);
#3861=ORIENTED_EDGE('',*,*,#2387,.F.);
#3862=ORIENTED_EDGE('',*,*,#2203,.F.);
#3863=ORIENTED_EDGE('',*,*,#2304,.F.);
#3864=ORIENTED_EDGE('',*,*,#2652,.T.);
#3865=ORIENTED_EDGE('',*,*,#2384,.F.);
#3866=ORIENTED_EDGE('',*,*,#2653,.F.);
#3867=ORIENTED_EDGE('',*,*,#2601,.T.);
#3868=ORIENTED_EDGE('',*,*,#2305,.F.);
#3869=ORIENTED_EDGE('',*,*,#2653,.T.);
#3870=ORIENTED_EDGE('',*,*,#2383,.F.);
#3871=ORIENTED_EDGE('',*,*,#2302,.F.);
#3872=ORIENTED_EDGE('',*,*,#2205,.T.);
#3873=ORIENTED_EDGE('',*,*,#2386,.F.);
#3874=ORIENTED_EDGE('',*,*,#2654,.F.);
#3875=ORIENTED_EDGE('',*,*,#2303,.F.);
#3876=ORIENTED_EDGE('',*,*,#2654,.T.);
#3877=ORIENTED_EDGE('',*,*,#2385,.F.);
#3878=ORIENTED_EDGE('',*,*,#2652,.F.);
#3879=PLANE('',#4209);
#3880=PLANE('',#4210);
#3881=PLANE('',#4211);
#3882=PLANE('',#4215);
#3883=PLANE('',#4219);
#3884=PLANE('',#4220);
#3885=PLANE('',#4221);
#3886=PLANE('',#4225);
#3887=PLANE('',#4229);
#3888=PLANE('',#4233);
#3889=PLANE('',#4237);
#3890=PLANE('',#4238);
#3891=PLANE('',#4239);
#3892=PLANE('',#4243);
#3893=PLANE('',#4247);
#3894=PLANE('',#4248);
#3895=PLANE('',#4249);
#3896=PLANE('',#4253);
#3897=PLANE('',#4257);
#3898=PLANE('',#4261);
#3899=PLANE('',#4268);
#3900=PLANE('',#4275);
#3901=PLANE('',#4282);
#3902=PLANE('',#4289);
#3903=PLANE('',#4293);
#3904=PLANE('',#4294);
#3905=PLANE('',#4295);
#3906=PLANE('',#4296);
#3907=PLANE('',#4297);
#3908=PLANE('',#4298);
#3909=PLANE('',#4299);
#3910=PLANE('',#4300);
#3911=PLANE('',#4301);
#3912=PLANE('',#4302);
#3913=PLANE('',#4379);
#3914=PLANE('',#4458);
#3915=PLANE('',#4460);
#3916=PLANE('',#4463);
#3917=PLANE('',#4466);
#3918=PLANE('',#4469);
#3919=PLANE('',#4471);
#3920=PLANE('',#4473);
#3921=PLANE('',#4475);
#3922=PLANE('',#4477);
#3923=PLANE('',#4479);
#3924=PLANE('',#4481);
#3925=PLANE('',#4483);
#3926=PLANE('',#4485);
#3927=PLANE('',#4487);
#3928=PLANE('',#4489);
#3929=PLANE('',#4491);
#3930=PLANE('',#4493);
#3931=PLANE('',#4495);
#3932=PLANE('',#4497);
#3933=PLANE('',#4499);
#3934=PLANE('',#4501);
#3935=PLANE('',#4503);
#3936=PLANE('',#4505);
#3937=PLANE('',#4507);
#3938=PLANE('',#4509);
#3939=PLANE('',#4511);
#3940=PLANE('',#4513);
#3941=PLANE('',#4515);
#3942=PLANE('',#4517);
#3943=PLANE('',#4519);
#3944=PLANE('',#4521);
#3945=PLANE('',#4523);
#3946=PLANE('',#4524);
#3947=PLANE('',#4526);
#3948=PLANE('',#4528);
#3949=PLANE('',#4530);
#3950=PLANE('',#4533);
#3951=PLANE('',#4535);
#3952=PLANE('',#4537);
#3953=PLANE('',#4539);
#3954=PLANE('',#4540);
#3955=PLANE('',#4542);
#3956=PLANE('',#4544);
#3957=PLANE('',#4546);
#3958=PLANE('',#4548);
#3959=PLANE('',#4550);
#3960=PLANE('',#4551);
#3961=PLANE('',#4553);
#3962=PLANE('',#4555);
#3963=PLANE('',#4557);
#3964=PLANE('',#4559);
#3965=PLANE('',#4561);
#3966=PLANE('',#4563);
#3967=PLANE('',#4565);
#3968=PLANE('',#4567);
#3969=PLANE('',#4569);
#3970=PLANE('',#4571);
#3971=PLANE('',#4573);
#3972=PLANE('',#4575);
#3973=PLANE('',#4577);
#3974=PLANE('',#4579);
#3975=PLANE('',#4581);
#3976=PLANE('',#4582);
#3977=PLANE('',#4584);
#3978=PLANE('',#4586);
#3979=PLANE('',#4588);
#3980=PLANE('',#4590);
#3981=PLANE('',#4592);
#3982=PLANE('',#4594);
#3983=PLANE('',#4596);
#3984=PLANE('',#4598);
#3985=PLANE('',#4599);
#3986=PLANE('',#4602);
#3987=PLANE('',#4604);
#3988=PLANE('',#4606);
#3989=ADVANCED_FACE('',(#343),#3879,.F.);
#3990=ADVANCED_FACE('',(#344),#3880,.F.);
#3991=ADVANCED_FACE('',(#345),#3881,.F.);
#3992=ADVANCED_FACE('',(#346),#247,.F.);
#3993=ADVANCED_FACE('',(#347),#3882,.F.);
#3994=ADVANCED_FACE('',(#348),#248,.F.);
#3995=ADVANCED_FACE('',(#349),#3883,.F.);
#3996=ADVANCED_FACE('',(#350),#3884,.F.);
#3997=ADVANCED_FACE('',(#351),#3885,.F.);
#3998=ADVANCED_FACE('',(#352),#249,.F.);
#3999=ADVANCED_FACE('',(#353),#3886,.F.);
#4000=ADVANCED_FACE('',(#354),#250,.T.);
#4001=ADVANCED_FACE('',(#355),#3887,.F.);
#4002=ADVANCED_FACE('',(#356),#251,.T.);
#4003=ADVANCED_FACE('',(#357),#3888,.F.);
#4004=ADVANCED_FACE('',(#358),#252,.F.);
#4005=ADVANCED_FACE('',(#359),#3889,.F.);
#4006=ADVANCED_FACE('',(#360),#3890,.F.);
#4007=ADVANCED_FACE('',(#361),#3891,.F.);
#4008=ADVANCED_FACE('',(#362),#253,.F.);
#4009=ADVANCED_FACE('',(#363),#3892,.F.);
#4010=ADVANCED_FACE('',(#364),#254,.F.);
#4011=ADVANCED_FACE('',(#365),#3893,.F.);
#4012=ADVANCED_FACE('',(#366),#3894,.F.);
#4013=ADVANCED_FACE('',(#367),#3895,.F.);
#4014=ADVANCED_FACE('',(#368),#255,.F.);
#4015=ADVANCED_FACE('',(#369),#3896,.F.);
#4016=ADVANCED_FACE('',(#370),#256,.T.);
#4017=ADVANCED_FACE('',(#371),#3897,.F.);
#4018=ADVANCED_FACE('',(#372),#257,.T.);
#4019=ADVANCED_FACE('',(#373),#3898,.F.);
#4020=ADVANCED_FACE('',(#374),#258,.F.);
#4021=ADVANCED_FACE('',(#375),#259,.F.);
#4022=ADVANCED_FACE('',(#376),#3899,.T.);
#4023=ADVANCED_FACE('',(#377),#260,.F.);
#4024=ADVANCED_FACE('',(#378),#261,.F.);
#4025=ADVANCED_FACE('',(#379),#3900,.T.);
#4026=ADVANCED_FACE('',(#380),#262,.F.);
#4027=ADVANCED_FACE('',(#381),#263,.F.);
#4028=ADVANCED_FACE('',(#382),#3901,.T.);
#4029=ADVANCED_FACE('',(#383),#264,.F.);
#4030=ADVANCED_FACE('',(#384),#265,.F.);
#4031=ADVANCED_FACE('',(#385),#3902,.T.);
#4032=ADVANCED_FACE('',(#386),#266,.F.);
#4033=ADVANCED_FACE('',(#387),#3903,.T.);
#4034=ADVANCED_FACE('',(#388),#3904,.T.);
#4035=ADVANCED_FACE('',(#389),#3905,.T.);
#4036=ADVANCED_FACE('',(#390),#3906,.T.);
#4037=ADVANCED_FACE('',(#391),#3907,.T.);
#4038=ADVANCED_FACE('',(#392),#3908,.T.);
#4039=ADVANCED_FACE('',(#393),#3909,.T.);
#4040=ADVANCED_FACE('',(#394),#3910,.T.);
#4041=ADVANCED_FACE('',(#395),#3911,.T.);
#4042=ADVANCED_FACE('',(#396,#15,#16,#17,#18,#19,#20,#21,#22,#23,#24,#25,
#26,#27,#28,#29,#30,#31,#32,#33,#34),#3912,.F.);
#4043=ADVANCED_FACE('',(#397,#35,#36,#37,#38,#39,#40,#41,#42,#43,#44,#45,
#46,#47,#48,#49,#50,#51,#52,#53,#54),#3913,.T.);
#4044=ADVANCED_FACE('',(#398),#267,.F.);
#4045=ADVANCED_FACE('',(#399),#268,.F.);
#4046=ADVANCED_FACE('',(#400),#3914,.T.);
#4047=ADVANCED_FACE('',(#401),#269,.F.);
#4048=ADVANCED_FACE('',(#402),#3915,.T.);
#4049=ADVANCED_FACE('',(#403),#270,.F.);
#4050=ADVANCED_FACE('',(#404),#271,.F.);
#4051=ADVANCED_FACE('',(#405),#3916,.T.);
#4052=ADVANCED_FACE('',(#406),#272,.F.);
#4053=ADVANCED_FACE('',(#407),#273,.F.);
#4054=ADVANCED_FACE('',(#408),#3917,.T.);
#4055=ADVANCED_FACE('',(#409),#274,.F.);
#4056=ADVANCED_FACE('',(#410),#275,.F.);
#4057=ADVANCED_FACE('',(#411),#3918,.T.);
#4058=ADVANCED_FACE('',(#412),#276,.F.);
#4059=ADVANCED_FACE('',(#413),#3919,.T.);
#4060=ADVANCED_FACE('',(#414),#277,.F.);
#4061=ADVANCED_FACE('',(#415),#3920,.T.);
#4062=ADVANCED_FACE('',(#416),#278,.F.);
#4063=ADVANCED_FACE('',(#417),#3921,.T.);
#4064=ADVANCED_FACE('',(#418),#279,.F.);
#4065=ADVANCED_FACE('',(#419),#3922,.T.);
#4066=ADVANCED_FACE('',(#420),#280,.F.);
#4067=ADVANCED_FACE('',(#421),#3923,.T.);
#4068=ADVANCED_FACE('',(#422),#281,.F.);
#4069=ADVANCED_FACE('',(#423),#3924,.T.);
#4070=ADVANCED_FACE('',(#424),#282,.F.);
#4071=ADVANCED_FACE('',(#425),#3925,.T.);
#4072=ADVANCED_FACE('',(#426),#283,.F.);
#4073=ADVANCED_FACE('',(#427),#3926,.T.);
#4074=ADVANCED_FACE('',(#428),#284,.F.);
#4075=ADVANCED_FACE('',(#429),#3927,.T.);
#4076=ADVANCED_FACE('',(#430),#285,.F.);
#4077=ADVANCED_FACE('',(#431),#3928,.T.);
#4078=ADVANCED_FACE('',(#432),#286,.F.);
#4079=ADVANCED_FACE('',(#433),#3929,.T.);
#4080=ADVANCED_FACE('',(#434),#287,.F.);
#4081=ADVANCED_FACE('',(#435),#3930,.T.);
#4082=ADVANCED_FACE('',(#436),#288,.F.);
#4083=ADVANCED_FACE('',(#437),#3931,.T.);
#4084=ADVANCED_FACE('',(#438),#289,.F.);
#4085=ADVANCED_FACE('',(#439),#3932,.T.);
#4086=ADVANCED_FACE('',(#440),#290,.F.);
#4087=ADVANCED_FACE('',(#441),#3933,.T.);
#4088=ADVANCED_FACE('',(#442),#291,.F.);
#4089=ADVANCED_FACE('',(#443),#3934,.T.);
#4090=ADVANCED_FACE('',(#444),#292,.F.);
#4091=ADVANCED_FACE('',(#445),#3935,.T.);
#4092=ADVANCED_FACE('',(#446),#293,.F.);
#4093=ADVANCED_FACE('',(#447),#3936,.T.);
#4094=ADVANCED_FACE('',(#448),#294,.F.);
#4095=ADVANCED_FACE('',(#449),#3937,.T.);
#4096=ADVANCED_FACE('',(#450),#295,.F.);
#4097=ADVANCED_FACE('',(#451),#3938,.T.);
#4098=ADVANCED_FACE('',(#452),#296,.F.);
#4099=ADVANCED_FACE('',(#453),#3939,.T.);
#4100=ADVANCED_FACE('',(#454),#297,.F.);
#4101=ADVANCED_FACE('',(#455),#3940,.T.);
#4102=ADVANCED_FACE('',(#456),#298,.F.);
#4103=ADVANCED_FACE('',(#457),#3941,.T.);
#4104=ADVANCED_FACE('',(#458),#299,.F.);
#4105=ADVANCED_FACE('',(#459),#3942,.T.);
#4106=ADVANCED_FACE('',(#460),#300,.F.);
#4107=ADVANCED_FACE('',(#461),#3943,.T.);
#4108=ADVANCED_FACE('',(#462),#301,.F.);
#4109=ADVANCED_FACE('',(#463),#3944,.T.);
#4110=ADVANCED_FACE('',(#464),#302,.F.);
#4111=ADVANCED_FACE('',(#465),#3945,.T.);
#4112=ADVANCED_FACE('',(#466),#3946,.T.);
#4113=ADVANCED_FACE('',(#467),#303,.F.);
#4114=ADVANCED_FACE('',(#468),#3947,.T.);
#4115=ADVANCED_FACE('',(#469),#304,.F.);
#4116=ADVANCED_FACE('',(#470),#3948,.T.);
#4117=ADVANCED_FACE('',(#471),#305,.F.);
#4118=ADVANCED_FACE('',(#472),#3949,.T.);
#4119=ADVANCED_FACE('',(#473),#306,.F.);
#4120=ADVANCED_FACE('',(#474),#307,.F.);
#4121=ADVANCED_FACE('',(#475),#3950,.T.);
#4122=ADVANCED_FACE('',(#476),#308,.F.);
#4123=ADVANCED_FACE('',(#477),#3951,.T.);
#4124=ADVANCED_FACE('',(#478),#309,.F.);
#4125=ADVANCED_FACE('',(#479),#3952,.T.);
#4126=ADVANCED_FACE('',(#480),#310,.F.);
#4127=ADVANCED_FACE('',(#481),#3953,.T.);
#4128=ADVANCED_FACE('',(#482),#3954,.T.);
#4129=ADVANCED_FACE('',(#483),#311,.F.);
#4130=ADVANCED_FACE('',(#484),#3955,.T.);
#4131=ADVANCED_FACE('',(#485),#312,.F.);
#4132=ADVANCED_FACE('',(#486),#3956,.T.);
#4133=ADVANCED_FACE('',(#487),#313,.F.);
#4134=ADVANCED_FACE('',(#488),#3957,.T.);
#4135=ADVANCED_FACE('',(#489),#314,.F.);
#4136=ADVANCED_FACE('',(#490),#3958,.T.);
#4137=ADVANCED_FACE('',(#491),#315,.F.);
#4138=ADVANCED_FACE('',(#492),#3959,.T.);
#4139=ADVANCED_FACE('',(#493),#3960,.T.);
#4140=ADVANCED_FACE('',(#494),#316,.F.);
#4141=ADVANCED_FACE('',(#495),#3961,.T.);
#4142=ADVANCED_FACE('',(#496),#317,.F.);
#4143=ADVANCED_FACE('',(#497),#3962,.T.);
#4144=ADVANCED_FACE('',(#498),#318,.F.);
#4145=ADVANCED_FACE('',(#499),#3963,.T.);
#4146=ADVANCED_FACE('',(#500),#319,.F.);
#4147=ADVANCED_FACE('',(#501),#3964,.T.);
#4148=ADVANCED_FACE('',(#502),#320,.F.);
#4149=ADVANCED_FACE('',(#503),#3965,.T.);
#4150=ADVANCED_FACE('',(#504),#321,.F.);
#4151=ADVANCED_FACE('',(#505),#3966,.T.);
#4152=ADVANCED_FACE('',(#506),#322,.F.);
#4153=ADVANCED_FACE('',(#507),#3967,.T.);
#4154=ADVANCED_FACE('',(#508),#323,.F.);
#4155=ADVANCED_FACE('',(#509),#3968,.T.);
#4156=ADVANCED_FACE('',(#510),#324,.F.);
#4157=ADVANCED_FACE('',(#511),#3969,.T.);
#4158=ADVANCED_FACE('',(#512),#325,.F.);
#4159=ADVANCED_FACE('',(#513),#3970,.T.);
#4160=ADVANCED_FACE('',(#514),#326,.F.);
#4161=ADVANCED_FACE('',(#515),#3971,.T.);
#4162=ADVANCED_FACE('',(#516),#327,.F.);
#4163=ADVANCED_FACE('',(#517),#3972,.T.);
#4164=ADVANCED_FACE('',(#518),#328,.F.);
#4165=ADVANCED_FACE('',(#519),#3973,.T.);
#4166=ADVANCED_FACE('',(#520),#329,.F.);
#4167=ADVANCED_FACE('',(#521),#3974,.T.);
#4168=ADVANCED_FACE('',(#522),#330,.F.);
#4169=ADVANCED_FACE('',(#523),#3975,.T.);
#4170=ADVANCED_FACE('',(#524),#3976,.T.);
#4171=ADVANCED_FACE('',(#525),#331,.F.);
#4172=ADVANCED_FACE('',(#526),#3977,.T.);
#4173=ADVANCED_FACE('',(#527),#332,.F.);
#4174=ADVANCED_FACE('',(#528),#3978,.T.);
#4175=ADVANCED_FACE('',(#529),#333,.F.);
#4176=ADVANCED_FACE('',(#530),#3979,.T.);
#4177=ADVANCED_FACE('',(#531),#334,.F.);
#4178=ADVANCED_FACE('',(#532),#3980,.T.);
#4179=ADVANCED_FACE('',(#533),#335,.F.);
#4180=ADVANCED_FACE('',(#534),#3981,.T.);
#4181=ADVANCED_FACE('',(#535),#336,.F.);
#4182=ADVANCED_FACE('',(#536),#3982,.T.);
#4183=ADVANCED_FACE('',(#537),#337,.F.);
#4184=ADVANCED_FACE('',(#538),#3983,.T.);
#4185=ADVANCED_FACE('',(#539),#338,.F.);
#4186=ADVANCED_FACE('',(#540),#3984,.T.);
#4187=ADVANCED_FACE('',(#541),#3985,.T.);
#4188=ADVANCED_FACE('',(#542),#339,.F.);
#4189=ADVANCED_FACE('',(#543),#340,.F.);
#4190=ADVANCED_FACE('',(#544),#3986,.T.);
#4191=ADVANCED_FACE('',(#545),#341,.F.);
#4192=ADVANCED_FACE('',(#546),#3987,.T.);
#4193=ADVANCED_FACE('',(#547),#342,.F.);
#4194=ADVANCED_FACE('',(#548),#3988,.T.);
#4195=CLOSED_SHELL('',(#3989,#3990,#3991,#3992,#3993,#3994,#3995,#3996,
#3997,#3998,#3999,#4000,#4001,#4002,#4003,#4004,#4005,#4006,#4007,#4008,
#4009,#4010,#4011,#4012,#4013,#4014,#4015,#4016,#4017,#4018,#4019,#4020,
#4021,#4022,#4023,#4024,#4025,#4026,#4027,#4028,#4029,#4030,#4031,#4032,
#4033,#4034,#4035,#4036,#4037,#4038,#4039,#4040,#4041,#4042,#4043,#4044,
#4045,#4046,#4047,#4048,#4049,#4050,#4051,#4052,#4053,#4054,#4055,#4056,
#4057,#4058,#4059,#4060,#4061,#4062,#4063,#4064,#4065,#4066,#4067,#4068,
#4069,#4070,#4071,#4072,#4073,#4074,#4075,#4076,#4077,#4078,#4079,#4080,
#4081,#4082,#4083,#4084,#4085,#4086,#4087,#4088,#4089,#4090,#4091,#4092,
#4093,#4094,#4095,#4096,#4097,#4098,#4099,#4100,#4101,#4102,#4103,#4104,
#4105,#4106,#4107,#4108,#4109,#4110,#4111,#4112,#4113,#4114,#4115,#4116,
#4117,#4118,#4119,#4120,#4121,#4122,#4123,#4124,#4125,#4126,#4127,#4128,
#4129,#4130,#4131,#4132,#4133,#4134,#4135,#4136,#4137,#4138,#4139,#4140,
#4141,#4142,#4143,#4144,#4145,#4146,#4147,#4148,#4149,#4150,#4151,#4152,
#4153,#4154,#4155,#4156,#4157,#4158,#4159,#4160,#4161,#4162,#4163,#4164,
#4165,#4166,#4167,#4168,#4169,#4170,#4171,#4172,#4173,#4174,#4175,#4176,
#4177,#4178,#4179,#4180,#4181,#4182,#4183,#4184,#4185,#4186,#4187,#4188,
#4189,#4190,#4191,#4192,#4193,#4194));
#4196=DERIVED_UNIT_ELEMENT(#4198,1.);
#4197=DERIVED_UNIT_ELEMENT(#7057,-3.);
#4198=(
MASS_UNIT()
NAMED_UNIT(*)
SI_UNIT(.KILO.,.GRAM.)
);
#4199=DERIVED_UNIT((#4196,#4197));
#4200=MEASURE_REPRESENTATION_ITEM('density measure',
POSITIVE_RATIO_MEASURE(7850.),#4199);
#4201=PROPERTY_DEFINITION_REPRESENTATION(#4206,#4203);
#4202=PROPERTY_DEFINITION_REPRESENTATION(#4207,#4204);
#4203=REPRESENTATION('material name',(#4205),#7054);
#4204=REPRESENTATION('density',(#4200),#7054);
#4205=DESCRIPTIVE_REPRESENTATION_ITEM('Steel','Steel');
#4206=PROPERTY_DEFINITION('material property','material name',#7064);
#4207=PROPERTY_DEFINITION('material property','density of part',#7064);
#4208=AXIS2_PLACEMENT_3D('placement',#5825,#4607,#4608);
#4209=AXIS2_PLACEMENT_3D('',#5826,#4609,#4610);
#4210=AXIS2_PLACEMENT_3D('',#5835,#4615,#4616);
#4211=AXIS2_PLACEMENT_3D('',#5841,#4620,#4621);
#4212=AXIS2_PLACEMENT_3D('',#5847,#4625,#4626);
#4213=AXIS2_PLACEMENT_3D('',#5849,#4627,#4628);
#4214=AXIS2_PLACEMENT_3D('',#5851,#4629,#4630);
#4215=AXIS2_PLACEMENT_3D('',#5853,#4632,#4633);
#4216=AXIS2_PLACEMENT_3D('',#5859,#4637,#4638);
#4217=AXIS2_PLACEMENT_3D('',#5861,#4639,#4640);
#4218=AXIS2_PLACEMENT_3D('',#5863,#4641,#4642);
#4219=AXIS2_PLACEMENT_3D('',#5865,#4644,#4645);
#4220=AXIS2_PLACEMENT_3D('',#5871,#4649,#4650);
#4221=AXIS2_PLACEMENT_3D('',#5877,#4654,#4655);
#4222=AXIS2_PLACEMENT_3D('',#5883,#4659,#4660);
#4223=AXIS2_PLACEMENT_3D('',#5885,#4661,#4662);
#4224=AXIS2_PLACEMENT_3D('',#5887,#4663,#4664);
#4225=AXIS2_PLACEMENT_3D('',#5889,#4666,#4667);
#4226=AXIS2_PLACEMENT_3D('',#5895,#4671,#4672);
#4227=AXIS2_PLACEMENT_3D('',#5897,#4673,#4674);
#4228=AXIS2_PLACEMENT_3D('',#5899,#4675,#4676);
#4229=AXIS2_PLACEMENT_3D('',#5901,#4678,#4679);
#4230=AXIS2_PLACEMENT_3D('',#5907,#4683,#4684);
#4231=AXIS2_PLACEMENT_3D('',#5909,#4685,#4686);
#4232=AXIS2_PLACEMENT_3D('',#5911,#4687,#4688);
#4233=AXIS2_PLACEMENT_3D('',#5913,#4690,#4691);
#4234=AXIS2_PLACEMENT_3D('',#5919,#4695,#4696);
#4235=AXIS2_PLACEMENT_3D('',#5921,#4697,#4698);
#4236=AXIS2_PLACEMENT_3D('',#5923,#4699,#4700);
#4237=AXIS2_PLACEMENT_3D('',#5925,#4702,#4703);
#4238=AXIS2_PLACEMENT_3D('',#5931,#4707,#4708);
#4239=AXIS2_PLACEMENT_3D('',#5937,#4712,#4713);
#4240=AXIS2_PLACEMENT_3D('',#5943,#4717,#4718);
#4241=AXIS2_PLACEMENT_3D('',#5945,#4719,#4720);
#4242=AXIS2_PLACEMENT_3D('',#5947,#4721,#4722);
#4243=AXIS2_PLACEMENT_3D('',#5949,#4724,#4725);
#4244=AXIS2_PLACEMENT_3D('',#5955,#4729,#4730);
#4245=AXIS2_PLACEMENT_3D('',#5957,#4731,#4732);
#4246=AXIS2_PLACEMENT_3D('',#5959,#4733,#4734);
#4247=AXIS2_PLACEMENT_3D('',#5961,#4736,#4737);
#4248=AXIS2_PLACEMENT_3D('',#5967,#4741,#4742);
#4249=AXIS2_PLACEMENT_3D('',#5973,#4746,#4747);
#4250=AXIS2_PLACEMENT_3D('',#5979,#4751,#4752);
#4251=AXIS2_PLACEMENT_3D('',#5981,#4753,#4754);
#4252=AXIS2_PLACEMENT_3D('',#5983,#4755,#4756);
#4253=AXIS2_PLACEMENT_3D('',#5985,#4758,#4759);
#4254=AXIS2_PLACEMENT_3D('',#5991,#4763,#4764);
#4255=AXIS2_PLACEMENT_3D('',#5993,#4765,#4766);
#4256=AXIS2_PLACEMENT_3D('',#5995,#4767,#4768);
#4257=AXIS2_PLACEMENT_3D('',#5997,#4770,#4771);
#4258=AXIS2_PLACEMENT_3D('',#6003,#4775,#4776);
#4259=AXIS2_PLACEMENT_3D('',#6005,#4777,#4778);
#4260=AXIS2_PLACEMENT_3D('',#6007,#4779,#4780);
#4261=AXIS2_PLACEMENT_3D('',#6009,#4782,#4783);
#4262=AXIS2_PLACEMENT_3D('',#6015,#4787,#4788);
#4263=AXIS2_PLACEMENT_3D('',#6016,#4789,#4790);
#4264=AXIS2_PLACEMENT_3D('',#6017,#4791,#4792);
#4265=AXIS2_PLACEMENT_3D('',#6018,#4793,#4794);
#4266=AXIS2_PLACEMENT_3D('',#6021,#4795,#4796);
#4267=AXIS2_PLACEMENT_3D('',#6025,#4798,#4799);
#4268=AXIS2_PLACEMENT_3D('',#6027,#4801,#4802);
#4269=AXIS2_PLACEMENT_3D('',#6033,#4806,#4807);
#4270=AXIS2_PLACEMENT_3D('',#6035,#4808,#4809);
#4271=AXIS2_PLACEMENT_3D('',#6037,#4810,#4811);
#4272=AXIS2_PLACEMENT_3D('',#6039,#4813,#4814);
#4273=AXIS2_PLACEMENT_3D('',#6042,#4815,#4816);
#4274=AXIS2_PLACEMENT_3D('',#6046,#4818,#4819);
#4275=AXIS2_PLACEMENT_3D('',#6048,#4821,#4822);
#4276=AXIS2_PLACEMENT_3D('',#6054,#4826,#4827);
#4277=AXIS2_PLACEMENT_3D('',#6056,#4828,#4829);
#4278=AXIS2_PLACEMENT_3D('',#6058,#4830,#4831);
#4279=AXIS2_PLACEMENT_3D('',#6060,#4833,#4834);
#4280=AXIS2_PLACEMENT_3D('',#6063,#4835,#4836);
#4281=AXIS2_PLACEMENT_3D('',#6067,#4838,#4839);
#4282=AXIS2_PLACEMENT_3D('',#6069,#4841,#4842);
#4283=AXIS2_PLACEMENT_3D('',#6075,#4846,#4847);
#4284=AXIS2_PLACEMENT_3D('',#6077,#4848,#4849);
#4285=AXIS2_PLACEMENT_3D('',#6079,#4850,#4851);
#4286=AXIS2_PLACEMENT_3D('',#6081,#4853,#4854);
#4287=AXIS2_PLACEMENT_3D('',#6084,#4855,#4856);
#4288=AXIS2_PLACEMENT_3D('',#6088,#4858,#4859);
#4289=AXIS2_PLACEMENT_3D('',#6090,#4861,#4862);
#4290=AXIS2_PLACEMENT_3D('',#6096,#4866,#4867);
#4291=AXIS2_PLACEMENT_3D('',#6098,#4868,#4869);
#4292=AXIS2_PLACEMENT_3D('',#6101,#4871,#4872);
#4293=AXIS2_PLACEMENT_3D('',#6102,#4873,#4874);
#4294=AXIS2_PLACEMENT_3D('',#6108,#4878,#4879);
#4295=AXIS2_PLACEMENT_3D('',#6114,#4883,#4884);
#4296=AXIS2_PLACEMENT_3D('',#6120,#4888,#4889);
#4297=AXIS2_PLACEMENT_3D('',#6126,#4893,#4894);
#4298=AXIS2_PLACEMENT_3D('',#6132,#4898,#4899);
#4299=AXIS2_PLACEMENT_3D('',#6138,#4903,#4904);
#4300=AXIS2_PLACEMENT_3D('',#6144,#4908,#4909);
#4301=AXIS2_PLACEMENT_3D('',#6150,#4913,#4914);
#4302=AXIS2_PLACEMENT_3D('',#6159,#4919,#4920);
#4303=AXIS2_PLACEMENT_3D('',#6161,#4921,#4922);
#4304=AXIS2_PLACEMENT_3D('',#6164,#4924,#4925);
#4305=AXIS2_PLACEMENT_3D('',#6166,#4926,#4927);
#4306=AXIS2_PLACEMENT_3D('',#6169,#4929,#4930);
#4307=AXIS2_PLACEMENT_3D('',#6171,#4931,#4932);
#4308=AXIS2_PLACEMENT_3D('',#6174,#4934,#4935);
#4309=AXIS2_PLACEMENT_3D('',#6176,#4936,#4937);
#4310=AXIS2_PLACEMENT_3D('',#6179,#4939,#4940);
#4311=AXIS2_PLACEMENT_3D('',#6184,#4942,#4943);
#4312=AXIS2_PLACEMENT_3D('',#6188,#4945,#4946);
#4313=AXIS2_PLACEMENT_3D('',#6192,#4948,#4949);
#4314=AXIS2_PLACEMENT_3D('',#6195,#4951,#4952);
#4315=AXIS2_PLACEMENT_3D('',#6200,#4954,#4955);
#4316=AXIS2_PLACEMENT_3D('',#6204,#4957,#4958);
#4317=AXIS2_PLACEMENT_3D('',#6208,#4960,#4961);
#4318=AXIS2_PLACEMENT_3D('',#6211,#4963,#4964);
#4319=AXIS2_PLACEMENT_3D('',#6216,#4966,#4967);
#4320=AXIS2_PLACEMENT_3D('',#6220,#4969,#4970);
#4321=AXIS2_PLACEMENT_3D('',#6224,#4972,#4973);
#4322=AXIS2_PLACEMENT_3D('',#6227,#4975,#4976);
#4323=AXIS2_PLACEMENT_3D('',#6232,#4978,#4979);
#4324=AXIS2_PLACEMENT_3D('',#6236,#4981,#4982);
#4325=AXIS2_PLACEMENT_3D('',#6240,#4984,#4985);
#4326=AXIS2_PLACEMENT_3D('',#6243,#4987,#4988);
#4327=AXIS2_PLACEMENT_3D('',#6248,#4990,#4991);
#4328=AXIS2_PLACEMENT_3D('',#6252,#4993,#4994);
#4329=AXIS2_PLACEMENT_3D('',#6256,#4996,#4997);
#4330=AXIS2_PLACEMENT_3D('',#6259,#4999,#5000);
#4331=AXIS2_PLACEMENT_3D('',#6264,#5002,#5003);
#4332=AXIS2_PLACEMENT_3D('',#6268,#5005,#5006);
#4333=AXIS2_PLACEMENT_3D('',#6272,#5008,#5009);
#4334=AXIS2_PLACEMENT_3D('',#6275,#5011,#5012);
#4335=AXIS2_PLACEMENT_3D('',#6280,#5014,#5015);
#4336=AXIS2_PLACEMENT_3D('',#6284,#5017,#5018);
#4337=AXIS2_PLACEMENT_3D('',#6288,#5020,#5021);
#4338=AXIS2_PLACEMENT_3D('',#6291,#5023,#5024);
#4339=AXIS2_PLACEMENT_3D('',#6294,#5025,#5026);
#4340=AXIS2_PLACEMENT_3D('',#6298,#5028,#5029);
#4341=AXIS2_PLACEMENT_3D('',#6302,#5031,#5032);
#4342=AXIS2_PLACEMENT_3D('',#6306,#5034,#5035);
#4343=AXIS2_PLACEMENT_3D('',#6312,#5038,#5039);
#4344=AXIS2_PLACEMENT_3D('',#6316,#5041,#5042);
#4345=AXIS2_PLACEMENT_3D('',#6320,#5044,#5045);
#4346=AXIS2_PLACEMENT_3D('',#6323,#5047,#5048);
#4347=AXIS2_PLACEMENT_3D('',#6328,#5050,#5051);
#4348=AXIS2_PLACEMENT_3D('',#6332,#5053,#5054);
#4349=AXIS2_PLACEMENT_3D('',#6336,#5056,#5057);
#4350=AXIS2_PLACEMENT_3D('',#6339,#5059,#5060);
#4351=AXIS2_PLACEMENT_3D('',#6344,#5062,#5063);
#4352=AXIS2_PLACEMENT_3D('',#6347,#5065,#5066);
#4353=AXIS2_PLACEMENT_3D('',#6351,#5068,#5069);
#4354=AXIS2_PLACEMENT_3D('',#6357,#5072,#5073);
#4355=AXIS2_PLACEMENT_3D('',#6361,#5075,#5076);
#4356=AXIS2_PLACEMENT_3D('',#6365,#5078,#5079);
#4357=AXIS2_PLACEMENT_3D('',#6371,#5082,#5083);
#4358=AXIS2_PLACEMENT_3D('',#6376,#5086,#5087);
#4359=AXIS2_PLACEMENT_3D('',#6381,#5089,#5090);
#4360=AXIS2_PLACEMENT_3D('',#6385,#5092,#5093);
#4361=AXIS2_PLACEMENT_3D('',#6389,#5095,#5096);
#4362=AXIS2_PLACEMENT_3D('',#6392,#5098,#5099);
#4363=AXIS2_PLACEMENT_3D('',#6397,#5101,#5102);
#4364=AXIS2_PLACEMENT_3D('',#6401,#5104,#5105);
#4365=AXIS2_PLACEMENT_3D('',#6405,#5107,#5108);
#4366=AXIS2_PLACEMENT_3D('',#6408,#5110,#5111);
#4367=AXIS2_PLACEMENT_3D('',#6413,#5113,#5114);
#4368=AXIS2_PLACEMENT_3D('',#6417,#5116,#5117);
#4369=AXIS2_PLACEMENT_3D('',#6421,#5119,#5120);
#4370=AXIS2_PLACEMENT_3D('',#6424,#5122,#5123);
#4371=AXIS2_PLACEMENT_3D('',#6429,#5125,#5126);
#4372=AXIS2_PLACEMENT_3D('',#6433,#5128,#5129);
#4373=AXIS2_PLACEMENT_3D('',#6437,#5131,#5132);
#4374=AXIS2_PLACEMENT_3D('',#6440,#5134,#5135);
#4375=AXIS2_PLACEMENT_3D('',#6445,#5137,#5138);
#4376=AXIS2_PLACEMENT_3D('',#6449,#5140,#5141);
#4377=AXIS2_PLACEMENT_3D('',#6453,#5143,#5144);
#4378=AXIS2_PLACEMENT_3D('',#6456,#5146,#5147);
#4379=AXIS2_PLACEMENT_3D('',#6457,#5148,#5149);
#4380=AXIS2_PLACEMENT_3D('',#6459,#5150,#5151);
#4381=AXIS2_PLACEMENT_3D('',#6462,#5153,#5154);
#4382=AXIS2_PLACEMENT_3D('',#6464,#5155,#5156);
#4383=AXIS2_PLACEMENT_3D('',#6467,#5158,#5159);
#4384=AXIS2_PLACEMENT_3D('',#6469,#5160,#5161);
#4385=AXIS2_PLACEMENT_3D('',#6472,#5163,#5164);
#4386=AXIS2_PLACEMENT_3D('',#6474,#5165,#5166);
#4387=AXIS2_PLACEMENT_3D('',#6477,#5168,#5169);
#4388=AXIS2_PLACEMENT_3D('',#6482,#5171,#5172);
#4389=AXIS2_PLACEMENT_3D('',#6488,#5175,#5176);
#4390=AXIS2_PLACEMENT_3D('',#6494,#5179,#5180);
#4391=AXIS2_PLACEMENT_3D('',#6498,#5182,#5183);
#4392=AXIS2_PLACEMENT_3D('',#6502,#5185,#5186);
#4393=AXIS2_PLACEMENT_3D('',#6508,#5189,#5190);
#4394=AXIS2_PLACEMENT_3D('',#6511,#5192,#5193);
#4395=AXIS2_PLACEMENT_3D('',#6514,#5195,#5196);
#4396=AXIS2_PLACEMENT_3D('',#6519,#5198,#5199);
#4397=AXIS2_PLACEMENT_3D('',#6523,#5201,#5202);
#4398=AXIS2_PLACEMENT_3D('',#6527,#5204,#5205);
#4399=AXIS2_PLACEMENT_3D('',#6530,#5207,#5208);
#4400=AXIS2_PLACEMENT_3D('',#6535,#5210,#5211);
#4401=AXIS2_PLACEMENT_3D('',#6539,#5213,#5214);
#4402=AXIS2_PLACEMENT_3D('',#6543,#5216,#5217);
#4403=AXIS2_PLACEMENT_3D('',#6546,#5219,#5220);
#4404=AXIS2_PLACEMENT_3D('',#6551,#5222,#5223);
#4405=AXIS2_PLACEMENT_3D('',#6555,#5225,#5226);
#4406=AXIS2_PLACEMENT_3D('',#6559,#5228,#5229);
#4407=AXIS2_PLACEMENT_3D('',#6562,#5231,#5232);
#4408=AXIS2_PLACEMENT_3D('',#6567,#5234,#5235);
#4409=AXIS2_PLACEMENT_3D('',#6571,#5237,#5238);
#4410=AXIS2_PLACEMENT_3D('',#6575,#5240,#5241);
#4411=AXIS2_PLACEMENT_3D('',#6578,#5243,#5244);
#4412=AXIS2_PLACEMENT_3D('',#6583,#5246,#5247);
#4413=AXIS2_PLACEMENT_3D('',#6587,#5249,#5250);
#4414=AXIS2_PLACEMENT_3D('',#6591,#5252,#5253);
#4415=AXIS2_PLACEMENT_3D('',#6594,#5255,#5256);
#4416=AXIS2_PLACEMENT_3D('',#6599,#5258,#5259);
#4417=AXIS2_PLACEMENT_3D('',#6603,#5261,#5262);
#4418=AXIS2_PLACEMENT_3D('',#6607,#5264,#5265);
#4419=AXIS2_PLACEMENT_3D('',#6610,#5267,#5268);
#4420=AXIS2_PLACEMENT_3D('',#6615,#5270,#5271);
#4421=AXIS2_PLACEMENT_3D('',#6619,#5273,#5274);
#4422=AXIS2_PLACEMENT_3D('',#6623,#5276,#5277);
#4423=AXIS2_PLACEMENT_3D('',#6626,#5279,#5280);
#4424=AXIS2_PLACEMENT_3D('',#6629,#5281,#5282);
#4425=AXIS2_PLACEMENT_3D('',#6633,#5284,#5285);
#4426=AXIS2_PLACEMENT_3D('',#6637,#5287,#5288);
#4427=AXIS2_PLACEMENT_3D('',#6641,#5290,#5291);
#4428=AXIS2_PLACEMENT_3D('',#6647,#5294,#5295);
#4429=AXIS2_PLACEMENT_3D('',#6651,#5297,#5298);
#4430=AXIS2_PLACEMENT_3D('',#6655,#5300,#5301);
#4431=AXIS2_PLACEMENT_3D('',#6658,#5303,#5304);
#4432=AXIS2_PLACEMENT_3D('',#6663,#5306,#5307);
#4433=AXIS2_PLACEMENT_3D('',#6667,#5309,#5310);
#4434=AXIS2_PLACEMENT_3D('',#6671,#5312,#5313);
#4435=AXIS2_PLACEMENT_3D('',#6674,#5315,#5316);
#4436=AXIS2_PLACEMENT_3D('',#6679,#5318,#5319);
#4437=AXIS2_PLACEMENT_3D('',#6683,#5321,#5322);
#4438=AXIS2_PLACEMENT_3D('',#6687,#5324,#5325);
#4439=AXIS2_PLACEMENT_3D('',#6690,#5327,#5328);
#4440=AXIS2_PLACEMENT_3D('',#6695,#5330,#5331);
#4441=AXIS2_PLACEMENT_3D('',#6699,#5333,#5334);
#4442=AXIS2_PLACEMENT_3D('',#6703,#5336,#5337);
#4443=AXIS2_PLACEMENT_3D('',#6706,#5339,#5340);
#4444=AXIS2_PLACEMENT_3D('',#6711,#5342,#5343);
#4445=AXIS2_PLACEMENT_3D('',#6715,#5345,#5346);
#4446=AXIS2_PLACEMENT_3D('',#6719,#5348,#5349);
#4447=AXIS2_PLACEMENT_3D('',#6722,#5351,#5352);
#4448=AXIS2_PLACEMENT_3D('',#6727,#5354,#5355);
#4449=AXIS2_PLACEMENT_3D('',#6731,#5357,#5358);
#4450=AXIS2_PLACEMENT_3D('',#6735,#5360,#5361);
#4451=AXIS2_PLACEMENT_3D('',#6738,#5363,#5364);
#4452=AXIS2_PLACEMENT_3D('',#6743,#5366,#5367);
#4453=AXIS2_PLACEMENT_3D('',#6747,#5369,#5370);
#4454=AXIS2_PLACEMENT_3D('',#6751,#5372,#5373);
#4455=AXIS2_PLACEMENT_3D('',#6754,#5375,#5376);
#4456=AXIS2_PLACEMENT_3D('',#6755,#5377,#5378);
#4457=AXIS2_PLACEMENT_3D('',#6757,#5380,#5381);
#4458=AXIS2_PLACEMENT_3D('',#6759,#5383,#5384);
#4459=AXIS2_PLACEMENT_3D('',#6760,#5385,#5386);
#4460=AXIS2_PLACEMENT_3D('',#6762,#5388,#5389);
#4461=AXIS2_PLACEMENT_3D('',#6764,#5391,#5392);
#4462=AXIS2_PLACEMENT_3D('',#6765,#5393,#5394);
#4463=AXIS2_PLACEMENT_3D('',#6767,#5396,#5397);
#4464=AXIS2_PLACEMENT_3D('',#6769,#5399,#5400);
#4465=AXIS2_PLACEMENT_3D('',#6770,#5401,#5402);
#4466=AXIS2_PLACEMENT_3D('',#6772,#5404,#5405);
#4467=AXIS2_PLACEMENT_3D('',#6774,#5407,#5408);
#4468=AXIS2_PLACEMENT_3D('',#6775,#5409,#5410);
#4469=AXIS2_PLACEMENT_3D('',#6778,#5413,#5414);
#4470=AXIS2_PLACEMENT_3D('',#6780,#5416,#5417);
#4471=AXIS2_PLACEMENT_3D('',#6782,#5419,#5420);
#4472=AXIS2_PLACEMENT_3D('',#6784,#5422,#5423);
#4473=AXIS2_PLACEMENT_3D('',#6786,#5425,#5426);
#4474=AXIS2_PLACEMENT_3D('',#6788,#5428,#5429);
#4475=AXIS2_PLACEMENT_3D('',#6790,#5431,#5432);
#4476=AXIS2_PLACEMENT_3D('',#6791,#5433,#5434);
#4477=AXIS2_PLACEMENT_3D('',#6794,#5437,#5438);
#4478=AXIS2_PLACEMENT_3D('',#6796,#5440,#5441);
#4479=AXIS2_PLACEMENT_3D('',#6798,#5443,#5444);
#4480=AXIS2_PLACEMENT_3D('',#6800,#5446,#5447);
#4481=AXIS2_PLACEMENT_3D('',#6802,#5449,#5450);
#4482=AXIS2_PLACEMENT_3D('',#6804,#5452,#5453);
#4483=AXIS2_PLACEMENT_3D('',#6806,#5455,#5456);
#4484=AXIS2_PLACEMENT_3D('',#6807,#5457,#5458);
#4485=AXIS2_PLACEMENT_3D('',#6810,#5461,#5462);
#4486=AXIS2_PLACEMENT_3D('',#6812,#5464,#5465);
#4487=AXIS2_PLACEMENT_3D('',#6814,#5467,#5468);
#4488=AXIS2_PLACEMENT_3D('',#6816,#5470,#5471);
#4489=AXIS2_PLACEMENT_3D('',#6818,#5473,#5474);
#4490=AXIS2_PLACEMENT_3D('',#6820,#5476,#5477);
#4491=AXIS2_PLACEMENT_3D('',#6822,#5479,#5480);
#4492=AXIS2_PLACEMENT_3D('',#6823,#5481,#5482);
#4493=AXIS2_PLACEMENT_3D('',#6826,#5485,#5486);
#4494=AXIS2_PLACEMENT_3D('',#6828,#5488,#5489);
#4495=AXIS2_PLACEMENT_3D('',#6830,#5491,#5492);
#4496=AXIS2_PLACEMENT_3D('',#6832,#5494,#5495);
#4497=AXIS2_PLACEMENT_3D('',#6834,#5497,#5498);
#4498=AXIS2_PLACEMENT_3D('',#6836,#5500,#5501);
#4499=AXIS2_PLACEMENT_3D('',#6838,#5503,#5504);
#4500=AXIS2_PLACEMENT_3D('',#6839,#5505,#5506);
#4501=AXIS2_PLACEMENT_3D('',#6842,#5509,#5510);
#4502=AXIS2_PLACEMENT_3D('',#6844,#5512,#5513);
#4503=AXIS2_PLACEMENT_3D('',#6846,#5515,#5516);
#4504=AXIS2_PLACEMENT_3D('',#6848,#5518,#5519);
#4505=AXIS2_PLACEMENT_3D('',#6850,#5521,#5522);
#4506=AXIS2_PLACEMENT_3D('',#6852,#5524,#5525);
#4507=AXIS2_PLACEMENT_3D('',#6854,#5527,#5528);
#4508=AXIS2_PLACEMENT_3D('',#6855,#5529,#5530);
#4509=AXIS2_PLACEMENT_3D('',#6858,#5533,#5534);
#4510=AXIS2_PLACEMENT_3D('',#6860,#5536,#5537);
#4511=AXIS2_PLACEMENT_3D('',#6862,#5539,#5540);
#4512=AXIS2_PLACEMENT_3D('',#6864,#5542,#5543);
#4513=AXIS2_PLACEMENT_3D('',#6866,#5545,#5546);
#4514=AXIS2_PLACEMENT_3D('',#6868,#5548,#5549);
#4515=AXIS2_PLACEMENT_3D('',#6870,#5551,#5552);
#4516=AXIS2_PLACEMENT_3D('',#6871,#5553,#5554);
#4517=AXIS2_PLACEMENT_3D('',#6874,#5557,#5558);
#4518=AXIS2_PLACEMENT_3D('',#6876,#5560,#5561);
#4519=AXIS2_PLACEMENT_3D('',#6878,#5563,#5564);
#4520=AXIS2_PLACEMENT_3D('',#6880,#5566,#5567);
#4521=AXIS2_PLACEMENT_3D('',#6882,#5569,#5570);
#4522=AXIS2_PLACEMENT_3D('',#6884,#5572,#5573);
#4523=AXIS2_PLACEMENT_3D('',#6886,#5575,#5576);
#4524=AXIS2_PLACEMENT_3D('',#6887,#5577,#5578);
#4525=AXIS2_PLACEMENT_3D('',#6890,#5581,#5582);
#4526=AXIS2_PLACEMENT_3D('',#6892,#5584,#5585);
#4527=AXIS2_PLACEMENT_3D('',#6894,#5587,#5588);
#4528=AXIS2_PLACEMENT_3D('',#6896,#5590,#5591);
#4529=AXIS2_PLACEMENT_3D('',#6898,#5593,#5594);
#4530=AXIS2_PLACEMENT_3D('',#6900,#5596,#5597);
#4531=AXIS2_PLACEMENT_3D('',#6902,#5599,#5600);
#4532=AXIS2_PLACEMENT_3D('',#6903,#5601,#5602);
#4533=AXIS2_PLACEMENT_3D('',#6906,#5605,#5606);
#4534=AXIS2_PLACEMENT_3D('',#6908,#5608,#5609);
#4535=AXIS2_PLACEMENT_3D('',#6910,#5611,#5612);
#4536=AXIS2_PLACEMENT_3D('',#6912,#5614,#5615);
#4537=AXIS2_PLACEMENT_3D('',#6914,#5617,#5618);
#4538=AXIS2_PLACEMENT_3D('',#6916,#5620,#5621);
#4539=AXIS2_PLACEMENT_3D('',#6918,#5623,#5624);
#4540=AXIS2_PLACEMENT_3D('',#6919,#5625,#5626);
#4541=AXIS2_PLACEMENT_3D('',#6922,#5629,#5630);
#4542=AXIS2_PLACEMENT_3D('',#6924,#5632,#5633);
#4543=AXIS2_PLACEMENT_3D('',#6926,#5635,#5636);
#4544=AXIS2_PLACEMENT_3D('',#6929,#5639,#5640);
#4545=AXIS2_PLACEMENT_3D('',#6931,#5642,#5643);
#4546=AXIS2_PLACEMENT_3D('',#6933,#5645,#5646);
#4547=AXIS2_PLACEMENT_3D('',#6935,#5648,#5649);
#4548=AXIS2_PLACEMENT_3D('',#6937,#5651,#5652);
#4549=AXIS2_PLACEMENT_3D('',#6939,#5654,#5655);
#4550=AXIS2_PLACEMENT_3D('',#6941,#5657,#5658);
#4551=AXIS2_PLACEMENT_3D('',#6942,#5659,#5660);
#4552=AXIS2_PLACEMENT_3D('',#6945,#5663,#5664);
#4553=AXIS2_PLACEMENT_3D('',#6947,#5666,#5667);
#4554=AXIS2_PLACEMENT_3D('',#6949,#5669,#5670);
#4555=AXIS2_PLACEMENT_3D('',#6952,#5673,#5674);
#4556=AXIS2_PLACEMENT_3D('',#6954,#5676,#5677);
#4557=AXIS2_PLACEMENT_3D('',#6956,#5679,#5680);
#4558=AXIS2_PLACEMENT_3D('',#6958,#5682,#5683);
#4559=AXIS2_PLACEMENT_3D('',#6960,#5685,#5686);
#4560=AXIS2_PLACEMENT_3D('',#6962,#5688,#5689);
#4561=AXIS2_PLACEMENT_3D('',#6964,#5691,#5692);
#4562=AXIS2_PLACEMENT_3D('',#6965,#5693,#5694);
#4563=AXIS2_PLACEMENT_3D('',#6967,#5696,#5697);
#4564=AXIS2_PLACEMENT_3D('',#6969,#5699,#5700);
#4565=AXIS2_PLACEMENT_3D('',#6971,#5702,#5703);
#4566=AXIS2_PLACEMENT_3D('',#6972,#5704,#5705);
#4567=AXIS2_PLACEMENT_3D('',#6975,#5708,#5709);
#4568=AXIS2_PLACEMENT_3D('',#6977,#5711,#5712);
#4569=AXIS2_PLACEMENT_3D('',#6979,#5714,#5715);
#4570=AXIS2_PLACEMENT_3D('',#6981,#5717,#5718);
#4571=AXIS2_PLACEMENT_3D('',#6983,#5720,#5721);
#4572=AXIS2_PLACEMENT_3D('',#6985,#5723,#5724);
#4573=AXIS2_PLACEMENT_3D('',#6987,#5726,#5727);
#4574=AXIS2_PLACEMENT_3D('',#6988,#5728,#5729);
#4575=AXIS2_PLACEMENT_3D('',#6991,#5732,#5733);
#4576=AXIS2_PLACEMENT_3D('',#6993,#5735,#5736);
#4577=AXIS2_PLACEMENT_3D('',#6995,#5738,#5739);
#4578=AXIS2_PLACEMENT_3D('',#6997,#5741,#5742);
#4579=AXIS2_PLACEMENT_3D('',#6999,#5744,#5745);
#4580=AXIS2_PLACEMENT_3D('',#7001,#5747,#5748);
#4581=AXIS2_PLACEMENT_3D('',#7003,#5750,#5751);
#4582=AXIS2_PLACEMENT_3D('',#7004,#5752,#5753);
#4583=AXIS2_PLACEMENT_3D('',#7007,#5756,#5757);
#4584=AXIS2_PLACEMENT_3D('',#7010,#5760,#5761);
#4585=AXIS2_PLACEMENT_3D('',#7012,#5763,#5764);
#4586=AXIS2_PLACEMENT_3D('',#7014,#5766,#5767);
#4587=AXIS2_PLACEMENT_3D('',#7016,#5769,#5770);
#4588=AXIS2_PLACEMENT_3D('',#7018,#5772,#5773);
#4589=AXIS2_PLACEMENT_3D('',#7020,#5775,#5776);
#4590=AXIS2_PLACEMENT_3D('',#7022,#5778,#5779);
#4591=AXIS2_PLACEMENT_3D('',#7023,#5780,#5781);
#4592=AXIS2_PLACEMENT_3D('',#7026,#5784,#5785);
#4593=AXIS2_PLACEMENT_3D('',#7028,#5787,#5788);
#4594=AXIS2_PLACEMENT_3D('',#7030,#5790,#5791);
#4595=AXIS2_PLACEMENT_3D('',#7032,#5793,#5794);
#4596=AXIS2_PLACEMENT_3D('',#7034,#5796,#5797);
#4597=AXIS2_PLACEMENT_3D('',#7036,#5799,#5800);
#4598=AXIS2_PLACEMENT_3D('',#7038,#5802,#5803);
#4599=AXIS2_PLACEMENT_3D('',#7039,#5804,#5805);
#4600=AXIS2_PLACEMENT_3D('',#7041,#5807,#5808);
#4601=AXIS2_PLACEMENT_3D('',#7042,#5809,#5810);
#4602=AXIS2_PLACEMENT_3D('',#7044,#5812,#5813);
#4603=AXIS2_PLACEMENT_3D('',#7045,#5814,#5815);
#4604=AXIS2_PLACEMENT_3D('',#7048,#5818,#5819);
#4605=AXIS2_PLACEMENT_3D('',#7049,#5820,#5821);
#4606=AXIS2_PLACEMENT_3D('',#7051,#5823,#5824);
#4607=DIRECTION('axis',(0.,0.,1.));
#4608=DIRECTION('refdir',(1.,0.,0.));
#4609=DIRECTION('center_axis',(0.866025403784442,0.,0.499999999999995));
#4610=DIRECTION('ref_axis',(-0.499999999999995,-1.92296268638357E-16,0.866025403784442));
#4611=DIRECTION('',(0.499999999999995,1.92296268638357E-16,-0.866025403784442));
#4612=DIRECTION('',(0.,-1.,0.));
#4613=DIRECTION('',(-0.499999999999995,-1.92296268638357E-16,0.866025403784442));
#4614=DIRECTION('',(0.,-1.,0.));
#4615=DIRECTION('center_axis',(0.,0.,1.));
#4616=DIRECTION('ref_axis',(-1.,2.71926214689378E-32,0.));
#4617=DIRECTION('',(1.,-2.71926214689378E-32,0.));
#4618=DIRECTION('',(-1.,2.71926214689378E-32,0.));
#4619=DIRECTION('',(0.,-1.,0.));
#4620=DIRECTION('center_axis',(-0.866025403784437,0.,0.500000000000002));
#4621=DIRECTION('ref_axis',(-0.500000000000002,1.92296268638356E-16,-0.866025403784437));
#4622=DIRECTION('',(0.500000000000002,-1.92296268638356E-16,0.866025403784437));
#4623=DIRECTION('',(-0.500000000000002,1.92296268638356E-16,-0.866025403784437));
#4624=DIRECTION('',(0.,-1.,0.));
#4625=DIRECTION('center_axis',(0.,-1.,0.));
#4626=DIRECTION('ref_axis',(-0.866025403784442,0.,0.499999999999994));
#4627=DIRECTION('center_axis',(2.71926214689378E-32,1.,2.22044604925031E-16));
#4628=DIRECTION('ref_axis',(-0.866025403784442,0.,0.499999999999994));
#4629=DIRECTION('center_axis',(-2.71926214689378E-32,-1.,-2.22044604925031E-16));
#4630=DIRECTION('ref_axis',(-0.866025403784442,0.,0.499999999999994));
#4631=DIRECTION('',(0.,-1.,0.));
#4632=DIRECTION('center_axis',(4.26199896539979E-17,0.,1.));
#4633=DIRECTION('ref_axis',(-1.,1.77290827043069E-32,4.26199896539979E-17));
#4634=DIRECTION('',(1.,-1.77290827043069E-32,-4.26199896539979E-17));
#4635=DIRECTION('',(-1.,1.77290827043069E-32,4.26199896539979E-17));
#4636=DIRECTION('',(0.,-1.,0.));
#4637=DIRECTION('center_axis',(0.,-1.,0.));
#4638=DIRECTION('ref_axis',(-6.03797489094622E-48,0.,1.));
#4639=DIRECTION('center_axis',(2.71926214689378E-32,1.,2.22044604925031E-16));
#4640=DIRECTION('ref_axis',(-6.03797489094622E-48,0.,1.));
#4641=DIRECTION('center_axis',(-2.71926214689378E-32,-1.,-2.22044604925031E-16));
#4642=DIRECTION('ref_axis',(-6.03797489094622E-48,0.,1.));
#4643=DIRECTION('',(0.,-1.,0.));
#4644=DIRECTION('center_axis',(0.866025403784439,0.,0.499999999999999));
#4645=DIRECTION('ref_axis',(-0.499999999999999,-1.92296268638356E-16,0.866025403784439));
#4646=DIRECTION('',(0.499999999999999,1.92296268638356E-16,-0.866025403784439));
#4647=DIRECTION('',(-0.499999999999999,-1.92296268638356E-16,0.866025403784439));
#4648=DIRECTION('',(0.,-1.,0.));
#4649=DIRECTION('center_axis',(0.,0.,1.));
#4650=DIRECTION('ref_axis',(-1.,2.71926214689378E-32,0.));
#4651=DIRECTION('',(1.,-2.71926214689378E-32,0.));
#4652=DIRECTION('',(-1.,2.71926214689378E-32,0.));
#4653=DIRECTION('',(0.,-1.,0.));
#4654=DIRECTION('center_axis',(-0.866025403784437,0.,0.500000000000003));
#4655=DIRECTION('ref_axis',(-0.500000000000003,1.92296268638356E-16,-0.866025403784437));
#4656=DIRECTION('',(0.500000000000003,-1.92296268638356E-16,0.866025403784437));
#4657=DIRECTION('',(-0.500000000000003,1.92296268638356E-16,-0.866025403784437));
#4658=DIRECTION('',(0.,-1.,0.));
#4659=DIRECTION('center_axis',(0.,-1.,0.));
#4660=DIRECTION('ref_axis',(-0.866025403784438,0.,0.500000000000001));
#4661=DIRECTION('center_axis',(2.71926214689378E-32,1.,2.22044604925031E-16));
#4662=DIRECTION('ref_axis',(-0.866025403784438,0.,0.500000000000001));
#4663=DIRECTION('center_axis',(-2.71926214689378E-32,-1.,-2.22044604925031E-16));
#4664=DIRECTION('ref_axis',(-0.866025403784438,0.,0.500000000000001));
#4665=DIRECTION('',(0.,-1.,0.));
#4666=DIRECTION('center_axis',(-2.6652123239155E-13,0.,1.));
#4667=DIRECTION('ref_axis',(-1.,5.92067943719832E-29,-2.6652123239155E-13));
#4668=DIRECTION('',(1.,-5.92067943719832E-29,2.6652123239155E-13));
#4669=DIRECTION('',(-1.,5.92067943719832E-29,-2.6652123239155E-13));
#4670=DIRECTION('',(0.,-1.,0.));
#4671=DIRECTION('center_axis',(0.,-1.,0.));
#4672=DIRECTION('ref_axis',(1.,0.,-1.77635683940035E-14));
#4673=DIRECTION('center_axis',(-2.71926214689378E-32,-1.,-2.22044604925031E-16));
#4674=DIRECTION('ref_axis',(1.,0.,-1.77635683940035E-14));
#4675=DIRECTION('center_axis',(2.71926214689378E-32,1.,2.22044604925031E-16));
#4676=DIRECTION('ref_axis',(1.,0.,-1.77635683940035E-14));
#4677=DIRECTION('',(0.,-1.,0.));
#4678=DIRECTION('center_axis',(-1.,0.,-3.59509900789313E-48));
#4679=DIRECTION('ref_axis',(3.59509900789313E-48,1.32208621813083E-16,-1.));
#4680=DIRECTION('',(-3.59509900789313E-48,-2.22044604925031E-16,1.));
#4681=DIRECTION('',(3.59509900789313E-48,2.22044604925031E-16,-1.));
#4682=DIRECTION('',(0.,-1.,0.));
#4683=DIRECTION('center_axis',(0.,-1.,0.));
#4684=DIRECTION('ref_axis',(-6.03797489094622E-48,0.,1.));
#4685=DIRECTION('center_axis',(-2.71926214689378E-32,-1.,-2.22044604925031E-16));
#4686=DIRECTION('ref_axis',(-6.03797489094622E-48,0.,1.));
#4687=DIRECTION('center_axis',(2.71926214689378E-32,1.,2.22044604925031E-16));
#4688=DIRECTION('ref_axis',(-6.03797489094622E-48,0.,1.));
#4689=DIRECTION('',(0.,-1.,0.));
#4690=DIRECTION('center_axis',(-2.66521232388283E-13,0.,-1.));
#4691=DIRECTION('ref_axis',(1.,5.91524091283198E-29,-2.66521232388283E-13));
#4692=DIRECTION('',(-1.,-5.91524091283198E-29,2.66521232388283E-13));
#4693=DIRECTION('',(1.,5.91524091283198E-29,-2.66521232388283E-13));
#4694=DIRECTION('',(0.,-1.,0.));
#4695=DIRECTION('center_axis',(0.,-1.,0.));
#4696=DIRECTION('ref_axis',(-1.42108547152021E-13,0.,-1.));
#4697=DIRECTION('center_axis',(2.71926214689378E-32,1.,2.22044604925031E-16));
#4698=DIRECTION('ref_axis',(-1.42108547152021E-13,0.,-1.));
#4699=DIRECTION('center_axis',(-2.71926214689378E-32,-1.,-2.22044604925031E-16));
#4700=DIRECTION('ref_axis',(-1.42108547152021E-13,0.,-1.));
#4701=DIRECTION('',(0.,-1.,0.));
#4702=DIRECTION('center_axis',(-0.86602540378444,0.,-0.499999999999998));
#4703=DIRECTION('ref_axis',(0.499999999999998,1.63451828342603E-15,-0.86602540378444));
#4704=DIRECTION('',(-0.499999999999998,-1.92296268638357E-16,0.86602540378444));
#4705=DIRECTION('',(0.499999999999998,1.92296268638357E-16,-0.86602540378444));
#4706=DIRECTION('',(0.,-1.,0.));
#4707=DIRECTION('center_axis',(-2.2006956940033E-15,0.,-1.));
#4708=DIRECTION('ref_axis',(1.,4.61459984466242E-31,-2.2006956940033E-15));
#4709=DIRECTION('',(-1.,-4.61459984466242E-31,2.2006956940033E-15));
#4710=DIRECTION('',(1.,4.61459984466242E-31,-2.2006956940033E-15));
#4711=DIRECTION('',(0.,-1.,0.));
#4712=DIRECTION('center_axis',(0.866025403784442,0.,-0.499999999999994));
#4713=DIRECTION('ref_axis',(0.499999999999994,-1.63451828342604E-15,0.866025403784442));
#4714=DIRECTION('',(-0.499999999999994,1.92296268638357E-16,-0.866025403784442));
#4715=DIRECTION('',(0.499999999999994,-1.92296268638357E-16,0.866025403784442));
#4716=DIRECTION('',(0.,-1.,0.));
#4717=DIRECTION('center_axis',(0.,-1.,0.));
#4718=DIRECTION('ref_axis',(0.86602540378445,0.,-0.499999999999981));
#4719=DIRECTION('center_axis',(2.71926214689378E-32,1.,2.22044604925031E-16));
#4720=DIRECTION('ref_axis',(0.86602540378445,0.,-0.499999999999981));
#4721=DIRECTION('center_axis',(-2.71926214689378E-32,-1.,-2.22044604925031E-16));
#4722=DIRECTION('ref_axis',(0.86602540378445,0.,-0.499999999999981));
#4723=DIRECTION('',(0.,-1.,0.));
#4724=DIRECTION('center_axis',(-1.70479958615992E-16,0.,-1.));
#4725=DIRECTION('ref_axis',(1.,1.06615335895857E-32,-1.70479958615992E-16));
#4726=DIRECTION('',(-1.,-1.06615335895857E-32,1.70479958615992E-16));
#4727=DIRECTION('',(1.,1.06615335895857E-32,-1.70479958615992E-16));
#4728=DIRECTION('',(0.,-1.,0.));
#4729=DIRECTION('center_axis',(0.,-1.,0.));
#4730=DIRECTION('ref_axis',(6.03797489094622E-48,0.,-1.));
#4731=DIRECTION('center_axis',(2.71926214689378E-32,1.,2.22044604925031E-16));
#4732=DIRECTION('ref_axis',(6.03797489094622E-48,0.,-1.));
#4733=DIRECTION('center_axis',(-2.71926214689378E-32,-1.,-2.22044604925031E-16));
#4734=DIRECTION('ref_axis',(6.03797489094622E-48,0.,-1.));
#4735=DIRECTION('',(0.,-1.,0.));
#4736=DIRECTION('center_axis',(-0.866025403784439,0.,-0.5));
#4737=DIRECTION('ref_axis',(0.5,1.63451828342602E-15,-0.866025403784439));
#4738=DIRECTION('',(-0.5,-1.92296268638356E-16,0.866025403784439));
#4739=DIRECTION('',(0.5,1.92296268638356E-16,-0.866025403784439));
#4740=DIRECTION('',(0.,-1.,0.));
#4741=DIRECTION('center_axis',(0.,0.,-1.));
#4742=DIRECTION('ref_axis',(1.,-2.71926214689378E-32,0.));
#4743=DIRECTION('',(-1.,2.71926214689378E-32,0.));
#4744=DIRECTION('',(1.,-2.71926214689378E-32,0.));
#4745=DIRECTION('',(0.,-1.,0.));
#4746=DIRECTION('center_axis',(0.86602540378444,0.,-0.499999999999997));
#4747=DIRECTION('ref_axis',(0.499999999999997,-1.63451828342603E-15,0.86602540378444));
#4748=DIRECTION('',(-0.499999999999997,1.92296268638357E-16,-0.86602540378444));
#4749=DIRECTION('',(0.499999999999997,-1.92296268638357E-16,0.86602540378444));
#4750=DIRECTION('',(0.,-1.,0.));
#4751=DIRECTION('center_axis',(0.,-1.,0.));
#4752=DIRECTION('ref_axis',(0.866025403784439,0.,-0.5));
#4753=DIRECTION('center_axis',(2.71926214689378E-32,1.,2.22044604925031E-16));
#4754=DIRECTION('ref_axis',(0.866025403784439,0.,-0.5));
#4755=DIRECTION('center_axis',(-2.71926214689378E-32,-1.,-2.22044604925031E-16));
#4756=DIRECTION('ref_axis',(0.866025403784439,0.,-0.5));
#4757=DIRECTION('',(0.,-1.,0.));
#4758=DIRECTION('center_axis',(5.33042464781254E-13,0.,-1.));
#4759=DIRECTION('ref_axis',(1.,-1.18386396122087E-28,5.33042464781254E-13));
#4760=DIRECTION('',(-1.,1.18386396122087E-28,-5.33042464781254E-13));
#4761=DIRECTION('',(1.,-1.18386396122087E-28,5.33042464781254E-13));
#4762=DIRECTION('',(0.,-1.,0.));
#4763=DIRECTION('center_axis',(0.,-1.,0.));
#4764=DIRECTION('ref_axis',(-1.,0.,0.));
#4765=DIRECTION('center_axis',(-2.71926214689378E-32,-1.,-2.22044604925031E-16));
#4766=DIRECTION('ref_axis',(-1.,0.,0.));
#4767=DIRECTION('center_axis',(2.71926214689378E-32,1.,2.22044604925031E-16));
#4768=DIRECTION('ref_axis',(-1.,0.,0.));
#4769=DIRECTION('',(0.,-1.,0.));
#4770=DIRECTION('center_axis',(1.,0.,1.19781310815931E-16));
#4771=DIRECTION('ref_axis',(-1.19781310815931E-16,-1.32208621813083E-16,
1.));
#4772=DIRECTION('',(1.19781310815931E-16,2.22044604925031E-16,-1.));
#4773=DIRECTION('',(-1.19781310815931E-16,-2.22044604925031E-16,1.));
#4774=DIRECTION('',(0.,-1.,0.));
#4775=DIRECTION('center_axis',(0.,-1.,0.));
#4776=DIRECTION('ref_axis',(-2.66453525910024E-14,0.,-1.));
#4777=DIRECTION('center_axis',(-2.71926214689378E-32,-1.,-2.22044604925031E-16));
#4778=DIRECTION('ref_axis',(-2.66453525910024E-14,0.,-1.));
#4779=DIRECTION('center_axis',(2.71926214689378E-32,1.,2.22044604925031E-16));
#4780=DIRECTION('ref_axis',(-2.66453525910024E-14,0.,-1.));
#4781=DIRECTION('',(0.,-1.,0.));
#4782=DIRECTION('center_axis',(1.33260616194559E-13,0.,1.));
#4783=DIRECTION('ref_axis',(-1.,-6.66303080972785E-14,1.33260616194559E-13));
#4784=DIRECTION('',(1.,2.95626082535181E-29,-1.33260616194559E-13));
#4785=DIRECTION('',(-1.,-2.95626082535181E-29,1.33260616194559E-13));
#4786=DIRECTION('',(0.,-1.,0.));
#4787=DIRECTION('center_axis',(0.,-1.,0.));
#4788=DIRECTION('ref_axis',(6.66133814775093E-14,0.,1.));
#4789=DIRECTION('center_axis',(2.71926214689378E-32,1.,2.22044604925031E-16));
#4790=DIRECTION('ref_axis',(6.66133814775093E-14,0.,1.));
#4791=DIRECTION('center_axis',(-2.71926214689378E-32,-1.,-2.22044604925031E-16));
#4792=DIRECTION('ref_axis',(6.66133814775093E-14,0.,1.));
#4793=DIRECTION('center_axis',(2.71926214689378E-32,1.,2.22044604925031E-16));
#4794=DIRECTION('ref_axis',(-0.707106781186535,0.,-0.70710678118656));
#4795=DIRECTION('center_axis',(-2.71926214689378E-32,-1.,-2.22044604925031E-16));
#4796=DIRECTION('ref_axis',(-0.707106781186535,0.,-0.70710678118656));
#4797=DIRECTION('',(2.71926214689378E-32,1.,2.22044604925031E-16));
#4798=DIRECTION('center_axis',(2.71926214689378E-32,1.,2.22044604925031E-16));
#4799=DIRECTION('ref_axis',(-0.707106781186535,0.,-0.70710678118656));
#4800=DIRECTION('',(-2.71926214689378E-32,-1.,-2.22044604925031E-16));
#4801=DIRECTION('center_axis',(1.22464679914735E-16,-2.22044604925031E-16,
1.));
#4802=DIRECTION('ref_axis',(1.,0.,-1.22464679914735E-16));
#4803=DIRECTION('',(-1.,0.,1.22464679914735E-16));
#4804=DIRECTION('',(-2.71926214689378E-32,-1.,-2.22044604925031E-16));
#4805=DIRECTION('',(1.,0.,-1.22464679914735E-16));
#4806=DIRECTION('center_axis',(-2.71926214689378E-32,-1.,-2.22044604925031E-16));
#4807=DIRECTION('ref_axis',(0.707106781186535,0.,-0.70710678118656));
#4808=DIRECTION('center_axis',(2.71926214689378E-32,1.,2.22044604925031E-16));
#4809=DIRECTION('ref_axis',(0.707106781186535,0.,-0.70710678118656));
#4810=DIRECTION('center_axis',(-2.71926214689378E-32,-1.,-2.22044604925031E-16));
#4811=DIRECTION('ref_axis',(0.707106781186535,0.,-0.70710678118656));
#4812=DIRECTION('',(2.71926214689378E-32,1.,2.22044604925031E-16));
#4813=DIRECTION('center_axis',(2.71926214689378E-32,1.,2.22044604925031E-16));
#4814=DIRECTION('ref_axis',(-0.707106781186548,0.,-0.707106781186548));
#4815=DIRECTION('center_axis',(-2.71926214689378E-32,-1.,-2.22044604925031E-16));
#4816=DIRECTION('ref_axis',(-0.707106781186548,0.,-0.707106781186548));
#4817=DIRECTION('',(2.71926214689378E-32,1.,2.22044604925031E-16));
#4818=DIRECTION('center_axis',(2.71926214689378E-32,1.,2.22044604925031E-16));
#4819=DIRECTION('ref_axis',(-0.707106781186548,0.,-0.707106781186548));
#4820=DIRECTION('',(-2.71926214689378E-32,-1.,-2.22044604925031E-16));
#4821=DIRECTION('center_axis',(1.22464679914735E-16,-2.22044604925031E-16,
1.));
#4822=DIRECTION('ref_axis',(1.,0.,-1.22464679914735E-16));
#4823=DIRECTION('',(-1.,0.,1.22464679914735E-16));
#4824=DIRECTION('',(-2.71926214689378E-32,-1.,-2.22044604925031E-16));
#4825=DIRECTION('',(1.,0.,-1.22464679914735E-16));
#4826=DIRECTION('center_axis',(-2.71926214689378E-32,-1.,-2.22044604925031E-16));
#4827=DIRECTION('ref_axis',(0.707106781186522,0.,-0.707106781186573));
#4828=DIRECTION('center_axis',(2.71926214689378E-32,1.,2.22044604925031E-16));
#4829=DIRECTION('ref_axis',(0.707106781186522,0.,-0.707106781186573));
#4830=DIRECTION('center_axis',(-2.71926214689378E-32,-1.,-2.22044604925031E-16));
#4831=DIRECTION('ref_axis',(0.707106781186522,0.,-0.707106781186573));
#4832=DIRECTION('',(2.71926214689378E-32,1.,2.22044604925031E-16));
#4833=DIRECTION('center_axis',(2.71926214689378E-32,1.,2.22044604925031E-16));
#4834=DIRECTION('ref_axis',(-0.70710678118656,0.,-0.707106781186535));
#4835=DIRECTION('center_axis',(-2.71926214689378E-32,-1.,-2.22044604925031E-16));
#4836=DIRECTION('ref_axis',(-0.70710678118656,0.,-0.707106781186535));
#4837=DIRECTION('',(2.71926214689378E-32,1.,2.22044604925031E-16));
#4838=DIRECTION('center_axis',(2.71926214689378E-32,1.,2.22044604925031E-16));
#4839=DIRECTION('ref_axis',(-0.70710678118656,0.,-0.707106781186535));
#4840=DIRECTION('',(-2.71926214689378E-32,-1.,-2.22044604925031E-16));
#4841=DIRECTION('center_axis',(1.22464679914735E-16,-2.22044604925031E-16,
1.));
#4842=DIRECTION('ref_axis',(1.,0.,-1.22464679914735E-16));
#4843=DIRECTION('',(-1.,0.,1.22464679914735E-16));
#4844=DIRECTION('',(-2.71926214689378E-32,-1.,-2.22044604925031E-16));
#4845=DIRECTION('',(1.,0.,-1.22464679914735E-16));
#4846=DIRECTION('center_axis',(-2.71926214689378E-32,-1.,-2.22044604925031E-16));
#4847=DIRECTION('ref_axis',(0.707106781186522,0.,-0.707106781186573));
#4848=DIRECTION('center_axis',(2.71926214689378E-32,1.,2.22044604925031E-16));
#4849=DIRECTION('ref_axis',(0.707106781186522,0.,-0.707106781186573));
#4850=DIRECTION('center_axis',(-2.71926214689378E-32,-1.,-2.22044604925031E-16));
#4851=DIRECTION('ref_axis',(0.707106781186522,0.,-0.707106781186573));
#4852=DIRECTION('',(2.71926214689378E-32,1.,2.22044604925031E-16));
#4853=DIRECTION('center_axis',(2.71926214689378E-32,1.,2.22044604925031E-16));
#4854=DIRECTION('ref_axis',(-0.707106781186535,0.,-0.70710678118656));
#4855=DIRECTION('center_axis',(-2.71926214689378E-32,-1.,-2.22044604925031E-16));
#4856=DIRECTION('ref_axis',(-0.707106781186535,0.,-0.70710678118656));
#4857=DIRECTION('',(2.71926214689378E-32,1.,2.22044604925031E-16));
#4858=DIRECTION('center_axis',(2.71926214689378E-32,1.,2.22044604925031E-16));
#4859=DIRECTION('ref_axis',(-0.707106781186535,0.,-0.70710678118656));
#4860=DIRECTION('',(-2.71926214689378E-32,-1.,-2.22044604925031E-16));
#4861=DIRECTION('center_axis',(1.22464679914735E-16,-2.22044604925031E-16,
1.));
#4862=DIRECTION('ref_axis',(1.,0.,-1.22464679914735E-16));
#4863=DIRECTION('',(-1.,0.,1.22464679914735E-16));
#4864=DIRECTION('',(-2.71926214689378E-32,-1.,-2.22044604925031E-16));
#4865=DIRECTION('',(1.,0.,-1.22464679914735E-16));
#4866=DIRECTION('center_axis',(2.71926214689378E-32,1.,2.22044604925031E-16));
#4867=DIRECTION('ref_axis',(0.707106781186535,0.,-0.70710678118656));
#4868=DIRECTION('center_axis',(-2.71926214689378E-32,-1.,-2.22044604925031E-16));
#4869=DIRECTION('ref_axis',(0.707106781186535,0.,-0.70710678118656));
#4870=DIRECTION('',(2.71926214689378E-32,1.,2.22044604925031E-16));
#4871=DIRECTION('center_axis',(2.71926214689378E-32,1.,2.22044604925031E-16));
#4872=DIRECTION('ref_axis',(0.707106781186535,0.,-0.70710678118656));
#4873=DIRECTION('center_axis',(-1.,0.,1.22464679914735E-16));
#4874=DIRECTION('ref_axis',(1.22464679914735E-16,-2.22044604925031E-16,
1.));
#4875=DIRECTION('',(-1.22464679914735E-16,2.22044604925031E-16,-1.));
#4876=DIRECTION('',(2.71926214689378E-32,1.,2.22044604925031E-16));
#4877=DIRECTION('',(1.22464679914735E-16,-2.22044604925031E-16,1.));
#4878=DIRECTION('center_axis',(1.,0.,-1.22464679914735E-16));
#4879=DIRECTION('ref_axis',(-1.22464679914735E-16,2.22044604925031E-16,
-1.));
#4880=DIRECTION('',(-1.22464679914735E-16,2.22044604925031E-16,-1.));
#4881=DIRECTION('',(2.71926214689378E-32,1.,2.22044604925031E-16));
#4882=DIRECTION('',(-1.22464679914735E-16,2.22044604925031E-16,-1.));
#4883=DIRECTION('center_axis',(1.,0.,-1.22464679914735E-16));
#4884=DIRECTION('ref_axis',(-1.22464679914735E-16,2.22044604925031E-16,
-1.));
#4885=DIRECTION('',(-1.22464679914735E-16,2.22044604925031E-16,-1.));
#4886=DIRECTION('',(2.71926214689378E-32,1.,2.22044604925031E-16));
#4887=DIRECTION('',(-1.22464679914735E-16,2.22044604925031E-16,-1.));
#4888=DIRECTION('center_axis',(1.,0.,-1.22464679914735E-16));
#4889=DIRECTION('ref_axis',(-1.22464679914735E-16,2.22044604925031E-16,
-1.));
#4890=DIRECTION('',(-1.22464679914735E-16,2.22044604925031E-16,-1.));
#4891=DIRECTION('',(2.71926214689378E-32,1.,2.22044604925031E-16));
#4892=DIRECTION('',(-1.22464679914735E-16,2.22044604925031E-16,-1.));
#4893=DIRECTION('center_axis',(1.,0.,-1.22464679914735E-16));
#4894=DIRECTION('ref_axis',(-1.22464679914735E-16,2.22044604925031E-16,
-1.));
#4895=DIRECTION('',(-1.22464679914735E-16,2.22044604925031E-16,-1.));
#4896=DIRECTION('',(2.71926214689378E-32,1.,2.22044604925031E-16));
#4897=DIRECTION('',(-1.22464679914735E-16,2.22044604925031E-16,-1.));
#4898=DIRECTION('center_axis',(-1.,2.81736037578933E-31,-1.14636163394259E-15));
#4899=DIRECTION('ref_axis',(-1.14636163394259E-15,-2.22044604925031E-16,
1.));
#4900=DIRECTION('',(1.14636163394259E-15,2.22044604925031E-16,-1.));
#4901=DIRECTION('',(2.71926214689378E-32,1.,2.22044604925031E-16));
#4902=DIRECTION('',(-1.14636163394259E-15,-2.22044604925031E-16,1.));
#4903=DIRECTION('center_axis',(-1.,0.,1.22464679914735E-16));
#4904=DIRECTION('ref_axis',(1.22464679914735E-16,-2.22044604925031E-16,
1.));
#4905=DIRECTION('',(-1.22464679914735E-16,2.22044604925031E-16,-1.));
#4906=DIRECTION('',(2.71926214689378E-32,1.,2.22044604925031E-16));
#4907=DIRECTION('',(1.22464679914735E-16,-2.22044604925031E-16,1.));
#4908=DIRECTION('center_axis',(-1.,0.,1.22464679914735E-16));
#4909=DIRECTION('ref_axis',(1.22464679914735E-16,-2.22044604925031E-16,
1.));
#4910=DIRECTION('',(-1.22464679914735E-16,2.22044604925031E-16,-1.));
#4911=DIRECTION('',(2.71926214689378E-32,1.,2.22044604925031E-16));
#4912=DIRECTION('',(1.22464679914735E-16,-2.22044604925031E-16,1.));
#4913=DIRECTION('center_axis',(-5.60749489085361E-16,-2.22044604925031E-16,
1.));
#4914=DIRECTION('ref_axis',(1.,-1.5170402023481E-31,5.60749489085361E-16));
#4915=DIRECTION('',(2.71926214689378E-32,1.,2.22044604925031E-16));
#4916=DIRECTION('',(1.,-1.5170402023481E-31,5.60749489085361E-16));
#4917=DIRECTION('',(2.71926214689378E-32,1.,2.22044604925031E-16));
#4918=DIRECTION('',(-1.,1.5170402023481E-31,-5.60749489085361E-16));
#4919=DIRECTION('center_axis',(2.71926214689378E-32,1.,2.22044604925031E-16));
#4920=DIRECTION('ref_axis',(-1.,0.,1.22464679914735E-16));
#4921=DIRECTION('center_axis',(2.71926214689378E-32,1.,2.22044604925031E-16));
#4922=DIRECTION('ref_axis',(-1.,-1.18329135783146E-29,5.34131698619196E-14));
#4923=DIRECTION('',(1.,0.,-1.22464679914735E-16));
#4924=DIRECTION('center_axis',(2.71926214689378E-32,1.,2.22044604925031E-16));
#4925=DIRECTION('ref_axis',(1.22464679914735E-16,-2.22044604925031E-16,
1.));
#4926=DIRECTION('center_axis',(2.71926214689378E-32,1.,2.22044604925031E-16));
#4927=DIRECTION('ref_axis',(-1.,-1.18329135783146E-29,5.34131698619196E-14));
#4928=DIRECTION('',(1.,0.,-1.22464679914735E-16));
#4929=DIRECTION('center_axis',(2.71926214689378E-32,1.,2.22044604925031E-16));
#4930=DIRECTION('ref_axis',(1.22464679914735E-16,-2.22044604925031E-16,
1.));
#4931=DIRECTION('center_axis',(2.71926214689378E-32,1.,2.22044604925031E-16));
#4932=DIRECTION('ref_axis',(-1.,0.,1.22464679914735E-16));
#4933=DIRECTION('',(-1.,3.28692043842088E-31,-1.35783268625214E-15));
#4934=DIRECTION('center_axis',(2.71926214689378E-32,1.,2.22044604925031E-16));
#4935=DIRECTION('ref_axis',(3.5649601467918E-14,-2.22044604925031E-16,1.));
#4936=DIRECTION('center_axis',(2.71926214689378E-32,1.,2.22044604925031E-16));
#4937=DIRECTION('ref_axis',(-1.,-3.944304526105E-30,1.7886033073917E-14));
#4938=DIRECTION('',(-1.,0.,1.22464679914735E-16));
#4939=DIRECTION('center_axis',(2.71926214689378E-32,1.,2.22044604925031E-16));
#4940=DIRECTION('ref_axis',(7.11767382559212E-14,-2.22044604925031E-16,
1.));
#4941=DIRECTION('',(-1.,0.,1.22464679914735E-16));
#4942=DIRECTION('center_axis',(2.71926214689378E-32,1.,2.22044604925031E-16));
#4943=DIRECTION('ref_axis',(1.22464679914735E-16,-2.22044604925031E-16,
1.));
#4944=DIRECTION('',(-1.22464679914735E-16,2.22044604925031E-16,-1.));
#4945=DIRECTION('center_axis',(2.71926214689378E-32,1.,2.22044604925031E-16));
#4946=DIRECTION('ref_axis',(1.,0.,-1.22464679914735E-16));
#4947=DIRECTION('',(-1.,0.,1.22464679914735E-16));
#4948=DIRECTION('center_axis',(2.71926214689378E-32,1.,2.22044604925031E-16));
#4949=DIRECTION('ref_axis',(-1.22464679914735E-16,2.22044604925031E-16,
-1.));
#4950=DIRECTION('',(-1.22464679914735E-16,2.22044604925031E-16,-1.));
#4951=DIRECTION('center_axis',(2.71926214689378E-32,1.,2.22044604925031E-16));
#4952=DIRECTION('ref_axis',(-1.,0.,1.22464679914735E-16));
#4953=DIRECTION('',(-1.,0.,1.22464679914735E-16));
#4954=DIRECTION('center_axis',(2.71926214689378E-32,1.,2.22044604925031E-16));
#4955=DIRECTION('ref_axis',(1.22464679914735E-16,-2.22044604925031E-16,
1.));
#4956=DIRECTION('',(-1.22464679914735E-16,2.22044604925031E-16,-1.));
#4957=DIRECTION('center_axis',(2.71926214689378E-32,1.,2.22044604925031E-16));
#4958=DIRECTION('ref_axis',(1.,0.,-1.22464679914735E-16));
#4959=DIRECTION('',(-1.,0.,1.22464679914735E-16));
#4960=DIRECTION('center_axis',(2.71926214689378E-32,1.,2.22044604925031E-16));
#4961=DIRECTION('ref_axis',(-1.22464679914735E-16,2.22044604925031E-16,
-1.));
#4962=DIRECTION('',(-1.22464679914735E-16,2.22044604925031E-16,-1.));
#4963=DIRECTION('center_axis',(2.71926214689378E-32,1.,2.22044604925031E-16));
#4964=DIRECTION('ref_axis',(-1.,0.,1.22464679914735E-16));
#4965=DIRECTION('',(-1.,0.,1.22464679914735E-16));
#4966=DIRECTION('center_axis',(2.71926214689378E-32,1.,2.22044604925031E-16));
#4967=DIRECTION('ref_axis',(1.22464679914735E-16,-2.22044604925031E-16,
1.));
#4968=DIRECTION('',(-1.22464679914735E-16,2.22044604925031E-16,-1.));
#4969=DIRECTION('center_axis',(2.71926214689378E-32,1.,2.22044604925031E-16));
#4970=DIRECTION('ref_axis',(1.,0.,-1.22464679914735E-16));
#4971=DIRECTION('',(-1.,0.,1.22464679914735E-16));
#4972=DIRECTION('center_axis',(2.71926214689378E-32,1.,2.22044604925031E-16));
#4973=DIRECTION('ref_axis',(-1.22464679914735E-16,2.22044604925031E-16,
-1.));
#4974=DIRECTION('',(-1.22464679914735E-16,2.22044604925031E-16,-1.));
#4975=DIRECTION('center_axis',(2.71926214689378E-32,1.,2.22044604925031E-16));
#4976=DIRECTION('ref_axis',(-1.,0.,1.22464679914735E-16));
#4977=DIRECTION('',(-1.,0.,1.22464679914735E-16));
#4978=DIRECTION('center_axis',(2.71926214689378E-32,1.,2.22044604925031E-16));
#4979=DIRECTION('ref_axis',(1.22464679914735E-16,-2.22044604925031E-16,
1.));
#4980=DIRECTION('',(-1.22464679914735E-16,2.22044604925031E-16,-1.));
#4981=DIRECTION('center_axis',(2.71926214689378E-32,1.,2.22044604925031E-16));
#4982=DIRECTION('ref_axis',(1.,0.,-1.22464679914735E-16));
#4983=DIRECTION('',(-1.,0.,1.22464679914735E-16));
#4984=DIRECTION('center_axis',(2.71926214689378E-32,1.,2.22044604925031E-16));
#4985=DIRECTION('ref_axis',(-1.22464679914735E-16,2.22044604925031E-16,
-1.));
#4986=DIRECTION('',(-1.22464679914735E-16,2.22044604925031E-16,-1.));
#4987=DIRECTION('center_axis',(2.71926214689378E-32,1.,2.22044604925031E-16));
#4988=DIRECTION('ref_axis',(-1.,0.,1.22464679914735E-16));
#4989=DIRECTION('',(-1.,0.,1.22464679914735E-16));
#4990=DIRECTION('center_axis',(2.71926214689378E-32,1.,2.22044604925031E-16));
#4991=DIRECTION('ref_axis',(1.22464679914735E-16,-2.22044604925031E-16,
1.));
#4992=DIRECTION('',(-1.22464679914735E-16,2.22044604925031E-16,-1.));
#4993=DIRECTION('center_axis',(2.71926214689378E-32,1.,2.22044604925031E-16));
#4994=DIRECTION('ref_axis',(1.,0.,-1.22464679914735E-16));
#4995=DIRECTION('',(-1.,0.,1.22464679914735E-16));
#4996=DIRECTION('center_axis',(2.71926214689378E-32,1.,2.22044604925031E-16));
#4997=DIRECTION('ref_axis',(-1.22464679914735E-16,2.22044604925031E-16,
-1.));
#4998=DIRECTION('',(-1.22464679914735E-16,2.22044604925031E-16,-1.));
#4999=DIRECTION('center_axis',(2.71926214689378E-32,1.,2.22044604925031E-16));
#5000=DIRECTION('ref_axis',(-1.,0.,1.22464679914735E-16));
#5001=DIRECTION('',(-1.,0.,1.22464679914735E-16));
#5002=DIRECTION('center_axis',(2.71926214689378E-32,1.,2.22044604925031E-16));
#5003=DIRECTION('ref_axis',(1.22464679914735E-16,-2.22044604925031E-16,
1.));
#5004=DIRECTION('',(-1.22464679914735E-16,2.22044604925031E-16,-1.));
#5005=DIRECTION('center_axis',(2.71926214689378E-32,1.,2.22044604925031E-16));
#5006=DIRECTION('ref_axis',(1.,0.,-1.22464679914735E-16));
#5007=DIRECTION('',(-1.,0.,1.22464679914735E-16));
#5008=DIRECTION('center_axis',(2.71926214689378E-32,1.,2.22044604925031E-16));
#5009=DIRECTION('ref_axis',(-1.22464679914735E-16,2.22044604925031E-16,
-1.));
#5010=DIRECTION('',(-1.22464679914735E-16,2.22044604925031E-16,-1.));
#5011=DIRECTION('center_axis',(2.71926214689378E-32,1.,2.22044604925031E-16));
#5012=DIRECTION('ref_axis',(-1.,0.,1.22464679914735E-16));
#5013=DIRECTION('',(-1.,0.,1.22464679914735E-16));
#5014=DIRECTION('center_axis',(2.71926214689378E-32,1.,2.22044604925031E-16));
#5015=DIRECTION('ref_axis',(1.22464679914735E-16,-2.22044604925031E-16,
1.));
#5016=DIRECTION('',(-1.22464679914735E-16,2.22044604925031E-16,-1.));
#5017=DIRECTION('center_axis',(2.71926214689378E-32,1.,2.22044604925031E-16));
#5018=DIRECTION('ref_axis',(1.,0.,-1.22464679914735E-16));
#5019=DIRECTION('',(-1.,0.,1.22464679914735E-16));
#5020=DIRECTION('center_axis',(2.71926214689378E-32,1.,2.22044604925031E-16));
#5021=DIRECTION('ref_axis',(-1.22464679914735E-16,2.22044604925031E-16,
-1.));
#5022=DIRECTION('',(-1.22464679914735E-16,2.22044604925031E-16,-1.));
#5023=DIRECTION('center_axis',(2.71926214689378E-32,1.,2.22044604925031E-16));
#5024=DIRECTION('ref_axis',(-1.,0.,1.22464679914735E-16));
#5025=DIRECTION('center_axis',(2.71926214689378E-32,1.,2.22044604925031E-16));
#5026=DIRECTION('ref_axis',(1.22464679914735E-16,-2.22044604925031E-16,
1.));
#5027=DIRECTION('',(-1.22464679914735E-16,2.22044604925031E-16,-1.));
#5028=DIRECTION('center_axis',(2.71926214689378E-32,1.,2.22044604925031E-16));
#5029=DIRECTION('ref_axis',(1.,0.,-1.22464679914735E-16));
#5030=DIRECTION('',(-1.,0.,1.22464679914735E-16));
#5031=DIRECTION('center_axis',(2.71926214689378E-32,1.,2.22044604925031E-16));
#5032=DIRECTION('ref_axis',(-1.22464679914735E-16,2.22044604925031E-16,
-1.));
#5033=DIRECTION('',(-1.22464679914735E-16,2.22044604925031E-16,-1.));
#5034=DIRECTION('center_axis',(2.71926214689378E-32,1.,2.22044604925031E-16));
#5035=DIRECTION('ref_axis',(-1.,0.,1.22464679914735E-16));
#5036=DIRECTION('',(-1.,0.,1.22464679914735E-16));
#5037=DIRECTION('',(-1.,-7.58520101174049E-32,4.64071764414783E-16));
#5038=DIRECTION('center_axis',(2.71926214689378E-32,1.,2.22044604925031E-16));
#5039=DIRECTION('ref_axis',(2.34291072916506E-15,-2.22044604925031E-16,
1.));
#5040=DIRECTION('',(2.19142404585313E-16,2.22044604925031E-16,-1.));
#5041=DIRECTION('center_axis',(2.71926214689378E-32,1.,2.22044604925031E-16));
#5042=DIRECTION('ref_axis',(1.,0.,-1.22464679914735E-16));
#5043=DIRECTION('',(-1.,0.,1.22464679914735E-16));
#5044=DIRECTION('center_axis',(2.71926214689378E-32,1.,2.22044604925031E-16));
#5045=DIRECTION('ref_axis',(-1.22464679914735E-16,2.22044604925031E-16,
-1.));
#5046=DIRECTION('',(4.83388623352888E-17,2.22044604925031E-16,-1.));
#5047=DIRECTION('center_axis',(2.71926214689378E-32,1.,2.22044604925031E-16));
#5048=DIRECTION('ref_axis',(-1.,3.94430452610505E-30,-1.76411037140878E-14));
#5049=DIRECTION('',(-1.,-9.48150126467562E-32,5.49473535539795E-16));
#5050=DIRECTION('center_axis',(2.71926214689378E-32,1.,2.22044604925031E-16));
#5051=DIRECTION('ref_axis',(1.22464679914735E-16,-2.22044604925031E-16,
1.));
#5052=DIRECTION('',(2.61039199608565E-15,2.22044604925031E-16,-1.));
#5053=DIRECTION('center_axis',(2.71926214689378E-32,1.,2.22044604925031E-16));
#5054=DIRECTION('ref_axis',(1.,0.,-1.22464679914735E-16));
#5055=DIRECTION('',(-1.,-4.93038065763132E-31,2.34291072916505E-15));
#5056=DIRECTION('center_axis',(2.71926214689378E-32,1.,2.22044604925031E-16));
#5057=DIRECTION('ref_axis',(-1.22464679914735E-16,2.22044604925031E-16,
-1.));
#5058=DIRECTION('',(-1.22464679914735E-16,2.22044604925031E-16,-1.));
#5059=DIRECTION('center_axis',(2.71926214689378E-32,1.,2.22044604925031E-16));
#5060=DIRECTION('ref_axis',(-1.,0.,1.22464679914735E-16));
#5061=DIRECTION('',(-1.,-4.5511206070443E-31,2.17210718691502E-15));
#5062=DIRECTION('center_axis',(2.71926214689378E-32,1.,2.22044604925031E-16));
#5063=DIRECTION('ref_axis',(-1.22464679914735E-16,2.22044604925031E-16,
-1.));
#5064=DIRECTION('',(1.22464679914735E-16,-2.22044604925031E-16,1.));
#5065=DIRECTION('center_axis',(2.71926214689378E-32,1.,2.22044604925031E-16));
#5066=DIRECTION('ref_axis',(-1.22464679914735E-16,2.22044604925031E-16,
-1.));
#5067=DIRECTION('',(1.22464679914735E-16,-2.22044604925031E-16,1.));
#5068=DIRECTION('center_axis',(2.71926214689378E-32,1.,2.22044604925031E-16));
#5069=DIRECTION('ref_axis',(-1.,0.,1.22464679914735E-16));
#5070=DIRECTION('',(1.,3.0340804046962E-31,-1.48889301791493E-15));
#5071=DIRECTION('',(-2.85532135591512E-15,2.22044604925031E-16,-1.));
#5072=DIRECTION('center_axis',(2.71926214689378E-32,1.,2.22044604925031E-16));
#5073=DIRECTION('ref_axis',(-1.,0.,1.22464679914735E-16));
#5074=DIRECTION('',(-1.,-3.6977854932235E-31,1.78779921685247E-15));
#5075=DIRECTION('center_axis',(2.71926214689378E-32,1.,2.22044604925031E-16));
#5076=DIRECTION('ref_axis',(1.22464679914735E-16,-2.22044604925031E-16,
1.));
#5077=DIRECTION('',(-1.22464679914735E-16,2.22044604925031E-16,-1.));
#5078=DIRECTION('center_axis',(2.71926214689378E-32,1.,2.22044604925031E-16));
#5079=DIRECTION('ref_axis',(1.,0.,-1.22464679914735E-16));
#5080=DIRECTION('',(-1.,7.58520101174049E-32,-2.19142404585313E-16));
#5081=DIRECTION('',(2.19142404585313E-16,2.22044604925031E-16,-1.));
#5082=DIRECTION('center_axis',(2.71926214689378E-32,1.,2.22044604925031E-16));
#5083=DIRECTION('ref_axis',(1.,0.,-1.22464679914735E-16));
#5084=DIRECTION('',(-1.,0.,1.22464679914735E-16));
#5085=DIRECTION('',(1.24396365808545E-15,2.22044604925031E-16,-1.));
#5086=DIRECTION('center_axis',(2.71926214689378E-32,1.,2.22044604925031E-16));
#5087=DIRECTION('ref_axis',(1.,3.94430452610507E-30,-1.78860330739173E-14));
#5088=DIRECTION('',(-1.22464679914735E-16,2.22044604925031E-16,-1.));
#5089=DIRECTION('center_axis',(2.71926214689378E-32,1.,2.22044604925031E-16));
#5090=DIRECTION('ref_axis',(-1.,0.,1.22464679914735E-16));
#5091=DIRECTION('',(-1.,0.,1.22464679914735E-16));
#5092=DIRECTION('center_axis',(2.71926214689378E-32,1.,2.22044604925031E-16));
#5093=DIRECTION('ref_axis',(1.22464679914735E-16,-2.22044604925031E-16,
1.));
#5094=DIRECTION('',(-7.97637943522293E-17,2.22044604925031E-16,-1.));
#5095=DIRECTION('center_axis',(2.71926214689378E-32,1.,2.22044604925031E-16));
#5096=DIRECTION('ref_axis',(1.,0.,-1.22464679914735E-16));
#5097=DIRECTION('',(-1.,0.,1.22464679914735E-16));
#5098=DIRECTION('center_axis',(2.71926214689378E-32,1.,2.22044604925031E-16));
#5099=DIRECTION('ref_axis',(-1.22464679914735E-16,2.22044604925031E-16,
-1.));
#5100=DIRECTION('',(-1.,-9.10224121408852E-31,4.22174969391528E-15));
#5101=DIRECTION('center_axis',(2.71926214689378E-32,1.,2.22044604925031E-16));
#5102=DIRECTION('ref_axis',(1.22464679914735E-16,-2.22044604925031E-16,
1.));
#5103=DIRECTION('',(5.34324867208602E-15,2.22044604925031E-16,-1.));
#5104=DIRECTION('center_axis',(2.71926214689378E-32,1.,2.22044604925031E-16));
#5105=DIRECTION('ref_axis',(1.,3.944304526105E-30,-1.7886033073917E-14));
#5106=DIRECTION('',(-1.,-3.0340804046962E-31,1.48889301791493E-15));
#5107=DIRECTION('center_axis',(2.71926214689378E-32,1.,2.22044604925031E-16));
#5108=DIRECTION('ref_axis',(-1.22464679914735E-16,2.22044604925031E-16,
-1.));
#5109=DIRECTION('',(-1.22464679914735E-16,2.22044604925031E-16,-1.));
#5110=DIRECTION('center_axis',(2.71926214689378E-32,1.,2.22044604925031E-16));
#5111=DIRECTION('ref_axis',(-1.,0.,1.22464679914735E-16));
#5112=DIRECTION('',(-1.,6.06816080939239E-31,-2.61039199608565E-15));
#5113=DIRECTION('center_axis',(2.71926214689378E-32,1.,2.22044604925031E-16));
#5114=DIRECTION('ref_axis',(1.22464679914735E-16,-2.22044604925031E-16,
1.));
#5115=DIRECTION('',(-1.22464679914735E-16,2.22044604925031E-16,-1.));
#5116=DIRECTION('center_axis',(2.71926214689378E-32,1.,2.22044604925031E-16));
#5117=DIRECTION('ref_axis',(1.,3.944304526105E-30,-1.7886033073917E-14));
#5118=DIRECTION('',(-1.,-3.0340804046962E-31,1.48889301791493E-15));
#5119=DIRECTION('center_axis',(2.71926214689378E-32,1.,2.22044604925031E-16));
#5120=DIRECTION('ref_axis',(-1.22464679914735E-16,2.22044604925031E-16,
-1.));
#5121=DIRECTION('',(-1.22464679914735E-16,2.22044604925031E-16,-1.));
#5122=DIRECTION('center_axis',(2.71926214689378E-32,1.,2.22044604925031E-16));
#5123=DIRECTION('ref_axis',(-1.,0.,1.22464679914735E-16));
#5124=DIRECTION('',(-1.22464679914735E-16,2.22044604925031E-16,-1.));
#5125=DIRECTION('center_axis',(2.71926214689378E-32,1.,2.22044604925031E-16));
#5126=DIRECTION('ref_axis',(-1.,1.57772181044211E-29,-7.09318088960993E-14));
#5127=DIRECTION('',(-1.,-3.0340804046962E-31,1.48889301791493E-15));
#5128=DIRECTION('center_axis',(2.71926214689378E-32,1.,2.22044604925031E-16));
#5129=DIRECTION('ref_axis',(1.22464679914735E-16,-2.22044604925031E-16,
1.));
#5130=DIRECTION('',(-1.22464679914735E-16,2.22044604925031E-16,-1.));
#5131=DIRECTION('center_axis',(2.71926214689378E-32,1.,2.22044604925031E-16));
#5132=DIRECTION('ref_axis',(1.,-7.88860905221057E-30,3.54046721080923E-14));
#5133=DIRECTION('',(-1.,-1.5170402023481E-31,8.05678848914831E-16));
#5134=DIRECTION('center_axis',(2.71926214689378E-32,1.,2.22044604925031E-16));
#5135=DIRECTION('ref_axis',(7.09318088960987E-14,2.22044604925031E-16,-1.));
#5136=DIRECTION('',(-1.,0.,1.22464679914735E-16));
#5137=DIRECTION('center_axis',(-2.71926214689378E-32,-1.,-2.22044604925031E-16));
#5138=DIRECTION('ref_axis',(1.,3.94430452610511E-30,-1.78860330739175E-14));
#5139=DIRECTION('',(4.83388623352885E-17,2.22044604925031E-16,-1.));
#5140=DIRECTION('center_axis',(-2.71926214689378E-32,-1.,-2.22044604925031E-16));
#5141=DIRECTION('ref_axis',(3.54046721080891E-14,2.22044604925031E-16,-1.));
#5142=DIRECTION('',(-1.,0.,1.22464679914735E-16));
#5143=DIRECTION('center_axis',(-2.71926214689378E-32,-1.,-2.22044604925031E-16));
#5144=DIRECTION('ref_axis',(-1.,3.94430452610504E-30,-1.76411037140877E-14));
#5145=DIRECTION('',(-1.22464679914735E-16,2.22044604925031E-16,-1.));
#5146=DIRECTION('center_axis',(-2.71926214689378E-32,-1.,-2.22044604925031E-16));
#5147=DIRECTION('ref_axis',(-4.42864563050901E-14,-2.22044604925031E-16,
1.));
#5148=DIRECTION('center_axis',(2.71926214689378E-32,1.,2.22044604925031E-16));
#5149=DIRECTION('ref_axis',(-1.,0.,1.22464679914735E-16));
#5150=DIRECTION('center_axis',(-2.71926214689378E-32,-1.,-2.22044604925031E-16));
#5151=DIRECTION('ref_axis',(7.11767382559212E-14,-2.22044604925031E-16,
1.));
#5152=DIRECTION('',(-1.,0.,1.22464679914735E-16));
#5153=DIRECTION('center_axis',(-2.71926214689378E-32,-1.,-2.22044604925031E-16));
#5154=DIRECTION('ref_axis',(-1.,-3.944304526105E-30,1.7886033073917E-14));
#5155=DIRECTION('center_axis',(-2.71926214689378E-32,-1.,-2.22044604925031E-16));
#5156=DIRECTION('ref_axis',(1.22464679914735E-16,-2.22044604925031E-16,
1.));
#5157=DIRECTION('',(-1.,0.,1.22464679914735E-16));
#5158=DIRECTION('center_axis',(-2.71926214689378E-32,-1.,-2.22044604925031E-16));
#5159=DIRECTION('ref_axis',(-1.,-1.18329135783146E-29,5.34131698619196E-14));
#5160=DIRECTION('center_axis',(-2.71926214689378E-32,-1.,-2.22044604925031E-16));
#5161=DIRECTION('ref_axis',(1.22464679914735E-16,-2.22044604925031E-16,
1.));
#5162=DIRECTION('',(-1.,0.,1.22464679914735E-16));
#5163=DIRECTION('center_axis',(-2.71926214689378E-32,-1.,-2.22044604925031E-16));
#5164=DIRECTION('ref_axis',(-1.,-1.18329135783146E-29,5.34131698619196E-14));
#5165=DIRECTION('center_axis',(-2.71926214689378E-32,-1.,-2.22044604925031E-16));
#5166=DIRECTION('ref_axis',(3.5649601467918E-14,-2.22044604925031E-16,1.));
#5167=DIRECTION('',(-1.,3.28692043842088E-31,-1.35783268625214E-15));
#5168=DIRECTION('center_axis',(-2.71926214689378E-32,-1.,-2.22044604925031E-16));
#5169=DIRECTION('ref_axis',(-1.,0.,1.22464679914735E-16));
#5170=DIRECTION('',(1.,4.5511206070443E-31,-2.17210718691502E-15));
#5171=DIRECTION('center_axis',(-2.71926214689378E-32,-1.,-2.22044604925031E-16));
#5172=DIRECTION('ref_axis',(1.,3.94430452610507E-30,-1.78860330739173E-14));
#5173=DIRECTION('',(-1.24396365808545E-15,-2.22044604925031E-16,1.));
#5174=DIRECTION('',(1.,0.,-1.22464679914735E-16));
#5175=DIRECTION('center_axis',(-2.71926214689378E-32,-1.,-2.22044604925031E-16));
#5176=DIRECTION('ref_axis',(1.,0.,-1.22464679914735E-16));
#5177=DIRECTION('',(-2.19142404585313E-16,-2.22044604925031E-16,1.));
#5178=DIRECTION('',(1.,-7.58520101174049E-32,2.19142404585313E-16));
#5179=DIRECTION('center_axis',(-2.71926214689378E-32,-1.,-2.22044604925031E-16));
#5180=DIRECTION('ref_axis',(1.,0.,-1.22464679914735E-16));
#5181=DIRECTION('',(1.22464679914735E-16,-2.22044604925031E-16,1.));
#5182=DIRECTION('center_axis',(-2.71926214689378E-32,-1.,-2.22044604925031E-16));
#5183=DIRECTION('ref_axis',(1.22464679914735E-16,-2.22044604925031E-16,
1.));
#5184=DIRECTION('',(-1.,1.89630025293512E-32,3.70629087897233E-17));
#5185=DIRECTION('center_axis',(-2.71926214689378E-32,-1.,-2.22044604925031E-16));
#5186=DIRECTION('ref_axis',(-1.,0.,1.22464679914735E-16));
#5187=DIRECTION('',(-2.85532135591512E-15,2.22044604925031E-16,-1.));
#5188=DIRECTION('',(-1.,-3.0340804046962E-31,1.48889301791493E-15));
#5189=DIRECTION('center_axis',(-2.71926214689378E-32,-1.,-2.22044604925031E-16));
#5190=DIRECTION('ref_axis',(-1.,0.,1.22464679914735E-16));
#5191=DIRECTION('',(-1.22464679914735E-16,2.22044604925031E-16,-1.));
#5192=DIRECTION('center_axis',(-2.71926214689378E-32,-1.,-2.22044604925031E-16));
#5193=DIRECTION('ref_axis',(-1.22464679914735E-16,2.22044604925031E-16,
-1.));
#5194=DIRECTION('',(-1.22464679914735E-16,2.22044604925031E-16,-1.));
#5195=DIRECTION('center_axis',(-2.71926214689378E-32,-1.,-2.22044604925031E-16));
#5196=DIRECTION('ref_axis',(-1.22464679914735E-16,2.22044604925031E-16,
-1.));
#5197=DIRECTION('',(-1.,0.,1.22464679914735E-16));
#5198=DIRECTION('center_axis',(-2.71926214689378E-32,-1.,-2.22044604925031E-16));
#5199=DIRECTION('ref_axis',(-1.,0.,1.22464679914735E-16));
#5200=DIRECTION('',(-1.22464679914735E-16,2.22044604925031E-16,-1.));
#5201=DIRECTION('center_axis',(-2.71926214689378E-32,-1.,-2.22044604925031E-16));
#5202=DIRECTION('ref_axis',(-1.22464679914735E-16,2.22044604925031E-16,
-1.));
#5203=DIRECTION('',(1.,0.,-1.22464679914735E-16));
#5204=DIRECTION('center_axis',(-2.71926214689378E-32,-1.,-2.22044604925031E-16));
#5205=DIRECTION('ref_axis',(1.,0.,-1.22464679914735E-16));
#5206=DIRECTION('',(1.22464679914735E-16,-2.22044604925031E-16,1.));
#5207=DIRECTION('center_axis',(-2.71926214689378E-32,-1.,-2.22044604925031E-16));
#5208=DIRECTION('ref_axis',(1.22464679914735E-16,-2.22044604925031E-16,
1.));
#5209=DIRECTION('',(-1.,0.,1.22464679914735E-16));
#5210=DIRECTION('center_axis',(-2.71926214689378E-32,-1.,-2.22044604925031E-16));
#5211=DIRECTION('ref_axis',(-1.,0.,1.22464679914735E-16));
#5212=DIRECTION('',(-1.22464679914735E-16,2.22044604925031E-16,-1.));
#5213=DIRECTION('center_axis',(-2.71926214689378E-32,-1.,-2.22044604925031E-16));
#5214=DIRECTION('ref_axis',(-1.22464679914735E-16,2.22044604925031E-16,
-1.));
#5215=DIRECTION('',(1.,0.,-1.22464679914735E-16));
#5216=DIRECTION('center_axis',(-2.71926214689378E-32,-1.,-2.22044604925031E-16));
#5217=DIRECTION('ref_axis',(1.,0.,-1.22464679914735E-16));
#5218=DIRECTION('',(1.22464679914735E-16,-2.22044604925031E-16,1.));
#5219=DIRECTION('center_axis',(-2.71926214689378E-32,-1.,-2.22044604925031E-16));
#5220=DIRECTION('ref_axis',(1.22464679914735E-16,-2.22044604925031E-16,
1.));
#5221=DIRECTION('',(-1.,0.,1.22464679914735E-16));
#5222=DIRECTION('center_axis',(-2.71926214689378E-32,-1.,-2.22044604925031E-16));
#5223=DIRECTION('ref_axis',(-1.,0.,1.22464679914735E-16));
#5224=DIRECTION('',(-1.22464679914735E-16,2.22044604925031E-16,-1.));
#5225=DIRECTION('center_axis',(-2.71926214689378E-32,-1.,-2.22044604925031E-16));
#5226=DIRECTION('ref_axis',(-1.22464679914735E-16,2.22044604925031E-16,
-1.));
#5227=DIRECTION('',(1.,0.,-1.22464679914735E-16));
#5228=DIRECTION('center_axis',(-2.71926214689378E-32,-1.,-2.22044604925031E-16));
#5229=DIRECTION('ref_axis',(1.,0.,-1.22464679914735E-16));
#5230=DIRECTION('',(1.22464679914735E-16,-2.22044604925031E-16,1.));
#5231=DIRECTION('center_axis',(-2.71926214689378E-32,-1.,-2.22044604925031E-16));
#5232=DIRECTION('ref_axis',(1.22464679914735E-16,-2.22044604925031E-16,
1.));
#5233=DIRECTION('',(-1.,0.,1.22464679914735E-16));
#5234=DIRECTION('center_axis',(-2.71926214689378E-32,-1.,-2.22044604925031E-16));
#5235=DIRECTION('ref_axis',(-1.,0.,1.22464679914735E-16));
#5236=DIRECTION('',(-1.22464679914735E-16,2.22044604925031E-16,-1.));
#5237=DIRECTION('center_axis',(-2.71926214689378E-32,-1.,-2.22044604925031E-16));
#5238=DIRECTION('ref_axis',(-1.22464679914735E-16,2.22044604925031E-16,
-1.));
#5239=DIRECTION('',(1.,0.,-1.22464679914735E-16));
#5240=DIRECTION('center_axis',(-2.71926214689378E-32,-1.,-2.22044604925031E-16));
#5241=DIRECTION('ref_axis',(1.,0.,-1.22464679914735E-16));
#5242=DIRECTION('',(1.22464679914735E-16,-2.22044604925031E-16,1.));
#5243=DIRECTION('center_axis',(-2.71926214689378E-32,-1.,-2.22044604925031E-16));
#5244=DIRECTION('ref_axis',(1.22464679914735E-16,-2.22044604925031E-16,
1.));
#5245=DIRECTION('',(-1.,0.,1.22464679914735E-16));
#5246=DIRECTION('center_axis',(-2.71926214689378E-32,-1.,-2.22044604925031E-16));
#5247=DIRECTION('ref_axis',(-1.,0.,1.22464679914735E-16));
#5248=DIRECTION('',(-1.22464679914735E-16,2.22044604925031E-16,-1.));
#5249=DIRECTION('center_axis',(-2.71926214689378E-32,-1.,-2.22044604925031E-16));
#5250=DIRECTION('ref_axis',(-1.22464679914735E-16,2.22044604925031E-16,
-1.));
#5251=DIRECTION('',(1.,0.,-1.22464679914735E-16));
#5252=DIRECTION('center_axis',(-2.71926214689378E-32,-1.,-2.22044604925031E-16));
#5253=DIRECTION('ref_axis',(1.,0.,-1.22464679914735E-16));
#5254=DIRECTION('',(1.22464679914735E-16,-2.22044604925031E-16,1.));
#5255=DIRECTION('center_axis',(-2.71926214689378E-32,-1.,-2.22044604925031E-16));
#5256=DIRECTION('ref_axis',(1.22464679914735E-16,-2.22044604925031E-16,
1.));
#5257=DIRECTION('',(-1.,0.,1.22464679914735E-16));
#5258=DIRECTION('center_axis',(-2.71926214689378E-32,-1.,-2.22044604925031E-16));
#5259=DIRECTION('ref_axis',(-1.,0.,1.22464679914735E-16));
#5260=DIRECTION('',(-1.22464679914735E-16,2.22044604925031E-16,-1.));
#5261=DIRECTION('center_axis',(-2.71926214689378E-32,-1.,-2.22044604925031E-16));
#5262=DIRECTION('ref_axis',(-1.22464679914735E-16,2.22044604925031E-16,
-1.));
#5263=DIRECTION('',(1.,0.,-1.22464679914735E-16));
#5264=DIRECTION('center_axis',(-2.71926214689378E-32,-1.,-2.22044604925031E-16));
#5265=DIRECTION('ref_axis',(1.,0.,-1.22464679914735E-16));
#5266=DIRECTION('',(1.22464679914735E-16,-2.22044604925031E-16,1.));
#5267=DIRECTION('center_axis',(-2.71926214689378E-32,-1.,-2.22044604925031E-16));
#5268=DIRECTION('ref_axis',(1.22464679914735E-16,-2.22044604925031E-16,
1.));
#5269=DIRECTION('',(-1.,0.,1.22464679914735E-16));
#5270=DIRECTION('center_axis',(-2.71926214689378E-32,-1.,-2.22044604925031E-16));
#5271=DIRECTION('ref_axis',(-1.,0.,1.22464679914735E-16));
#5272=DIRECTION('',(-1.22464679914735E-16,2.22044604925031E-16,-1.));
#5273=DIRECTION('center_axis',(-2.71926214689378E-32,-1.,-2.22044604925031E-16));
#5274=DIRECTION('ref_axis',(-1.22464679914735E-16,2.22044604925031E-16,
-1.));
#5275=DIRECTION('',(1.,0.,-1.22464679914735E-16));
#5276=DIRECTION('center_axis',(-2.71926214689378E-32,-1.,-2.22044604925031E-16));
#5277=DIRECTION('ref_axis',(1.,0.,-1.22464679914735E-16));
#5278=DIRECTION('',(1.22464679914735E-16,-2.22044604925031E-16,1.));
#5279=DIRECTION('center_axis',(-2.71926214689378E-32,-1.,-2.22044604925031E-16));
#5280=DIRECTION('ref_axis',(1.22464679914735E-16,-2.22044604925031E-16,
1.));
#5281=DIRECTION('center_axis',(-2.71926214689378E-32,-1.,-2.22044604925031E-16));
#5282=DIRECTION('ref_axis',(1.22464679914735E-16,-2.22044604925031E-16,
1.));
#5283=DIRECTION('',(-1.,0.,1.22464679914735E-16));
#5284=DIRECTION('center_axis',(-2.71926214689378E-32,-1.,-2.22044604925031E-16));
#5285=DIRECTION('ref_axis',(-1.,0.,1.22464679914735E-16));
#5286=DIRECTION('',(-1.22464679914735E-16,2.22044604925031E-16,-1.));
#5287=DIRECTION('center_axis',(-2.71926214689378E-32,-1.,-2.22044604925031E-16));
#5288=DIRECTION('ref_axis',(-1.22464679914735E-16,2.22044604925031E-16,
-1.));
#5289=DIRECTION('',(1.,0.,-1.22464679914735E-16));
#5290=DIRECTION('center_axis',(-2.71926214689378E-32,-1.,-2.22044604925031E-16));
#5291=DIRECTION('ref_axis',(1.,0.,-1.22464679914735E-16));
#5292=DIRECTION('',(1.22464679914735E-16,-2.22044604925031E-16,1.));
#5293=DIRECTION('',(-1.,-7.58520101174049E-32,4.64071764414783E-16));
#5294=DIRECTION('center_axis',(-2.71926214689378E-32,-1.,-2.22044604925031E-16));
#5295=DIRECTION('ref_axis',(-1.,3.94430452610505E-30,-1.76411037140878E-14));
#5296=DIRECTION('',(4.83388623352888E-17,2.22044604925031E-16,-1.));
#5297=DIRECTION('center_axis',(-2.71926214689378E-32,-1.,-2.22044604925031E-16));
#5298=DIRECTION('ref_axis',(-1.22464679914735E-16,2.22044604925031E-16,
-1.));
#5299=DIRECTION('',(1.,0.,-1.22464679914735E-16));
#5300=DIRECTION('center_axis',(-2.71926214689378E-32,-1.,-2.22044604925031E-16));
#5301=DIRECTION('ref_axis',(1.,0.,-1.22464679914735E-16));
#5302=DIRECTION('',(-2.19142404585313E-16,-2.22044604925031E-16,1.));
#5303=DIRECTION('center_axis',(-2.71926214689378E-32,-1.,-2.22044604925031E-16));
#5304=DIRECTION('ref_axis',(2.34291072916506E-15,-2.22044604925031E-16,
1.));
#5305=DIRECTION('',(-1.,-9.48150126467562E-32,5.49473535539795E-16));
#5306=DIRECTION('center_axis',(-2.71926214689378E-32,-1.,-2.22044604925031E-16));
#5307=DIRECTION('ref_axis',(-1.,0.,1.22464679914735E-16));
#5308=DIRECTION('',(-1.22464679914735E-16,2.22044604925031E-16,-1.));
#5309=DIRECTION('center_axis',(-2.71926214689378E-32,-1.,-2.22044604925031E-16));
#5310=DIRECTION('ref_axis',(-1.22464679914735E-16,2.22044604925031E-16,
-1.));
#5311=DIRECTION('',(1.,4.93038065763132E-31,-2.34291072916505E-15));
#5312=DIRECTION('center_axis',(-2.71926214689378E-32,-1.,-2.22044604925031E-16));
#5313=DIRECTION('ref_axis',(1.,0.,-1.22464679914735E-16));
#5314=DIRECTION('',(-2.61039199608565E-15,-2.22044604925031E-16,1.));
#5315=DIRECTION('center_axis',(-2.71926214689378E-32,-1.,-2.22044604925031E-16));
#5316=DIRECTION('ref_axis',(1.22464679914735E-16,-2.22044604925031E-16,
1.));
#5317=DIRECTION('',(-1.22464679914735E-16,2.22044604925031E-16,-1.));
#5318=DIRECTION('center_axis',(-2.71926214689378E-32,-1.,-2.22044604925031E-16));
#5319=DIRECTION('ref_axis',(-1.22464679914735E-16,2.22044604925031E-16,
-1.));
#5320=DIRECTION('',(1.,0.,-1.22464679914735E-16));
#5321=DIRECTION('center_axis',(-2.71926214689378E-32,-1.,-2.22044604925031E-16));
#5322=DIRECTION('ref_axis',(1.,0.,-1.22464679914735E-16));
#5323=DIRECTION('',(7.97637943522293E-17,-2.22044604925031E-16,1.));
#5324=DIRECTION('center_axis',(-2.71926214689378E-32,-1.,-2.22044604925031E-16));
#5325=DIRECTION('ref_axis',(1.22464679914735E-16,-2.22044604925031E-16,
1.));
#5326=DIRECTION('',(-1.,0.,1.22464679914735E-16));
#5327=DIRECTION('center_axis',(-2.71926214689378E-32,-1.,-2.22044604925031E-16));
#5328=DIRECTION('ref_axis',(-1.,0.,1.22464679914735E-16));
#5329=DIRECTION('',(-1.,-9.10224121408852E-31,4.22174969391528E-15));
#5330=DIRECTION('center_axis',(-2.71926214689378E-32,-1.,-2.22044604925031E-16));
#5331=DIRECTION('ref_axis',(-1.,0.,1.22464679914735E-16));
#5332=DIRECTION('',(-1.22464679914735E-16,2.22044604925031E-16,-1.));
#5333=DIRECTION('center_axis',(-2.71926214689378E-32,-1.,-2.22044604925031E-16));
#5334=DIRECTION('ref_axis',(-1.22464679914735E-16,2.22044604925031E-16,
-1.));
#5335=DIRECTION('',(1.,3.0340804046962E-31,-1.48889301791493E-15));
#5336=DIRECTION('center_axis',(-2.71926214689378E-32,-1.,-2.22044604925031E-16));
#5337=DIRECTION('ref_axis',(1.,3.944304526105E-30,-1.7886033073917E-14));
#5338=DIRECTION('',(-5.34324867208602E-15,-2.22044604925031E-16,1.));
#5339=DIRECTION('center_axis',(-2.71926214689378E-32,-1.,-2.22044604925031E-16));
#5340=DIRECTION('ref_axis',(1.22464679914735E-16,-2.22044604925031E-16,
1.));
#5341=DIRECTION('',(-1.,6.06816080939239E-31,-2.61039199608565E-15));
#5342=DIRECTION('center_axis',(-2.71926214689378E-32,-1.,-2.22044604925031E-16));
#5343=DIRECTION('ref_axis',(-1.,0.,1.22464679914735E-16));
#5344=DIRECTION('',(-1.22464679914735E-16,2.22044604925031E-16,-1.));
#5345=DIRECTION('center_axis',(-2.71926214689378E-32,-1.,-2.22044604925031E-16));
#5346=DIRECTION('ref_axis',(-1.22464679914735E-16,2.22044604925031E-16,
-1.));
#5347=DIRECTION('',(1.,3.0340804046962E-31,-1.48889301791493E-15));
#5348=DIRECTION('center_axis',(-2.71926214689378E-32,-1.,-2.22044604925031E-16));
#5349=DIRECTION('ref_axis',(1.,3.944304526105E-30,-1.7886033073917E-14));
#5350=DIRECTION('',(1.22464679914735E-16,-2.22044604925031E-16,1.));
#5351=DIRECTION('center_axis',(-2.71926214689378E-32,-1.,-2.22044604925031E-16));
#5352=DIRECTION('ref_axis',(1.22464679914735E-16,-2.22044604925031E-16,
1.));
#5353=DIRECTION('',(-1.22464679914735E-16,2.22044604925031E-16,-1.));
#5354=DIRECTION('center_axis',(-2.71926214689378E-32,-1.,-2.22044604925031E-16));
#5355=DIRECTION('ref_axis',(7.09318088960987E-14,2.22044604925031E-16,-1.));
#5356=DIRECTION('',(1.,1.5170402023481E-31,-8.05678848914831E-16));
#5357=DIRECTION('center_axis',(-2.71926214689378E-32,-1.,-2.22044604925031E-16));
#5358=DIRECTION('ref_axis',(1.,-7.88860905221057E-30,3.54046721080923E-14));
#5359=DIRECTION('',(1.22464679914735E-16,-2.22044604925031E-16,1.));
#5360=DIRECTION('center_axis',(-2.71926214689378E-32,-1.,-2.22044604925031E-16));
#5361=DIRECTION('ref_axis',(1.22464679914735E-16,-2.22044604925031E-16,
1.));
#5362=DIRECTION('',(-1.,-3.0340804046962E-31,1.48889301791493E-15));
#5363=DIRECTION('center_axis',(-2.71926214689378E-32,-1.,-2.22044604925031E-16));
#5364=DIRECTION('ref_axis',(-1.,1.57772181044211E-29,-7.09318088960993E-14));
#5365=DIRECTION('',(-1.,0.,1.22464679914735E-16));
#5366=DIRECTION('center_axis',(-2.71926214689378E-32,-1.,-2.22044604925031E-16));
#5367=DIRECTION('ref_axis',(-4.42864563050901E-14,-2.22044604925031E-16,
1.));
#5368=DIRECTION('',(-1.22464679914735E-16,2.22044604925031E-16,-1.));
#5369=DIRECTION('center_axis',(-2.71926214689378E-32,-1.,-2.22044604925031E-16));
#5370=DIRECTION('ref_axis',(-1.,3.94430452610504E-30,-1.76411037140877E-14));
#5371=DIRECTION('',(1.,0.,-1.22464679914735E-16));
#5372=DIRECTION('center_axis',(-2.71926214689378E-32,-1.,-2.22044604925031E-16));
#5373=DIRECTION('ref_axis',(3.54046721080891E-14,2.22044604925031E-16,-1.));
#5374=DIRECTION('',(-4.83388623352885E-17,-2.22044604925031E-16,1.));
#5375=DIRECTION('center_axis',(-2.71926214689378E-32,-1.,-2.22044604925031E-16));
#5376=DIRECTION('ref_axis',(1.,3.94430452610511E-30,-1.78860330739175E-14));
#5377=DIRECTION('center_axis',(2.71926214689378E-32,1.,2.22044604925031E-16));
#5378=DIRECTION('ref_axis',(7.11767382559212E-14,-2.22044604925031E-16,
1.));
#5379=DIRECTION('',(2.71926214689378E-32,1.,2.22044604925031E-16));
#5380=DIRECTION('center_axis',(2.71926214689378E-32,1.,2.22044604925031E-16));
#5381=DIRECTION('ref_axis',(-1.,-3.944304526105E-30,1.7886033073917E-14));
#5382=DIRECTION('',(2.71926214689378E-32,1.,2.22044604925031E-16));
#5383=DIRECTION('center_axis',(-1.22464679914735E-16,2.22044604925031E-16,
-1.));
#5384=DIRECTION('ref_axis',(-1.,0.,1.22464679914735E-16));
#5385=DIRECTION('center_axis',(2.71926214689378E-32,1.,2.22044604925031E-16));
#5386=DIRECTION('ref_axis',(-1.,-1.18329135783146E-29,5.34131698619196E-14));
#5387=DIRECTION('',(2.71926214689378E-32,1.,2.22044604925031E-16));
#5388=DIRECTION('center_axis',(-1.22464679914735E-16,2.22044604925031E-16,
-1.));
#5389=DIRECTION('ref_axis',(-1.,0.,1.22464679914735E-16));
#5390=DIRECTION('',(2.71926214689378E-32,1.,2.22044604925031E-16));
#5391=DIRECTION('center_axis',(2.71926214689378E-32,1.,2.22044604925031E-16));
#5392=DIRECTION('ref_axis',(1.22464679914735E-16,-2.22044604925031E-16,
1.));
#5393=DIRECTION('center_axis',(2.71926214689378E-32,1.,2.22044604925031E-16));
#5394=DIRECTION('ref_axis',(-1.,0.,1.22464679914735E-16));
#5395=DIRECTION('',(2.71926214689378E-32,1.,2.22044604925031E-16));
#5396=DIRECTION('center_axis',(1.35783268625214E-15,2.22044604925031E-16,
-1.));
#5397=DIRECTION('ref_axis',(-1.,3.28692043842088E-31,-1.35783268625214E-15));
#5398=DIRECTION('',(2.71926214689378E-32,1.,2.22044604925031E-16));
#5399=DIRECTION('center_axis',(2.71926214689378E-32,1.,2.22044604925031E-16));
#5400=DIRECTION('ref_axis',(3.5649601467918E-14,-2.22044604925031E-16,1.));
#5401=DIRECTION('center_axis',(2.71926214689378E-32,1.,2.22044604925031E-16));
#5402=DIRECTION('ref_axis',(-1.,-1.18329135783146E-29,5.34131698619196E-14));
#5403=DIRECTION('',(2.71926214689378E-32,1.,2.22044604925031E-16));
#5404=DIRECTION('center_axis',(-1.22464679914735E-16,2.22044604925031E-16,
-1.));
#5405=DIRECTION('ref_axis',(-1.,0.,1.22464679914735E-16));
#5406=DIRECTION('',(2.71926214689378E-32,1.,2.22044604925031E-16));
#5407=DIRECTION('center_axis',(2.71926214689378E-32,1.,2.22044604925031E-16));
#5408=DIRECTION('ref_axis',(1.22464679914735E-16,-2.22044604925031E-16,
1.));
#5409=DIRECTION('center_axis',(2.71926214689378E-32,1.,2.22044604925031E-16));
#5410=DIRECTION('ref_axis',(1.22464679914735E-16,-2.22044604925031E-16,
1.));
#5411=DIRECTION('',(2.71926214689378E-32,1.,2.22044604925031E-16));
#5412=DIRECTION('',(2.71926214689378E-32,1.,2.22044604925031E-16));
#5413=DIRECTION('center_axis',(-1.,0.,1.22464679914735E-16));
#5414=DIRECTION('ref_axis',(1.22464679914735E-16,-2.22044604925031E-16,
1.));
#5415=DIRECTION('',(2.71926214689378E-32,1.,2.22044604925031E-16));
#5416=DIRECTION('center_axis',(2.71926214689378E-32,1.,2.22044604925031E-16));
#5417=DIRECTION('ref_axis',(1.,0.,-1.22464679914735E-16));
#5418=DIRECTION('',(2.71926214689378E-32,1.,2.22044604925031E-16));
#5419=DIRECTION('center_axis',(1.22464679914735E-16,-2.22044604925031E-16,
1.));
#5420=DIRECTION('ref_axis',(1.,0.,-1.22464679914735E-16));
#5421=DIRECTION('',(2.71926214689378E-32,1.,2.22044604925031E-16));
#5422=DIRECTION('center_axis',(2.71926214689378E-32,1.,2.22044604925031E-16));
#5423=DIRECTION('ref_axis',(-1.22464679914735E-16,2.22044604925031E-16,
-1.));
#5424=DIRECTION('',(2.71926214689378E-32,1.,2.22044604925031E-16));
#5425=DIRECTION('center_axis',(1.,0.,-1.22464679914735E-16));
#5426=DIRECTION('ref_axis',(-1.22464679914735E-16,2.22044604925031E-16,
-1.));
#5427=DIRECTION('',(2.71926214689378E-32,1.,2.22044604925031E-16));
#5428=DIRECTION('center_axis',(2.71926214689378E-32,1.,2.22044604925031E-16));
#5429=DIRECTION('ref_axis',(-1.,0.,1.22464679914735E-16));
#5430=DIRECTION('',(2.71926214689378E-32,1.,2.22044604925031E-16));
#5431=DIRECTION('center_axis',(-1.22464679914735E-16,2.22044604925031E-16,
-1.));
#5432=DIRECTION('ref_axis',(-1.,0.,1.22464679914735E-16));
#5433=DIRECTION('center_axis',(2.71926214689378E-32,1.,2.22044604925031E-16));
#5434=DIRECTION('ref_axis',(1.22464679914735E-16,-2.22044604925031E-16,
1.));
#5435=DIRECTION('',(2.71926214689378E-32,1.,2.22044604925031E-16));
#5436=DIRECTION('',(2.71926214689378E-32,1.,2.22044604925031E-16));
#5437=DIRECTION('center_axis',(-1.,0.,1.22464679914735E-16));
#5438=DIRECTION('ref_axis',(1.22464679914735E-16,-2.22044604925031E-16,
1.));
#5439=DIRECTION('',(2.71926214689378E-32,1.,2.22044604925031E-16));
#5440=DIRECTION('center_axis',(2.71926214689378E-32,1.,2.22044604925031E-16));
#5441=DIRECTION('ref_axis',(1.,0.,-1.22464679914735E-16));
#5442=DIRECTION('',(2.71926214689378E-32,1.,2.22044604925031E-16));
#5443=DIRECTION('center_axis',(1.22464679914735E-16,-2.22044604925031E-16,
1.));
#5444=DIRECTION('ref_axis',(1.,0.,-1.22464679914735E-16));
#5445=DIRECTION('',(2.71926214689378E-32,1.,2.22044604925031E-16));
#5446=DIRECTION('center_axis',(2.71926214689378E-32,1.,2.22044604925031E-16));
#5447=DIRECTION('ref_axis',(-1.22464679914735E-16,2.22044604925031E-16,
-1.));
#5448=DIRECTION('',(2.71926214689378E-32,1.,2.22044604925031E-16));
#5449=DIRECTION('center_axis',(1.,0.,-1.22464679914735E-16));
#5450=DIRECTION('ref_axis',(-1.22464679914735E-16,2.22044604925031E-16,
-1.));
#5451=DIRECTION('',(2.71926214689378E-32,1.,2.22044604925031E-16));
#5452=DIRECTION('center_axis',(2.71926214689378E-32,1.,2.22044604925031E-16));
#5453=DIRECTION('ref_axis',(-1.,0.,1.22464679914735E-16));
#5454=DIRECTION('',(2.71926214689378E-32,1.,2.22044604925031E-16));
#5455=DIRECTION('center_axis',(-1.22464679914735E-16,2.22044604925031E-16,
-1.));
#5456=DIRECTION('ref_axis',(-1.,0.,1.22464679914735E-16));
#5457=DIRECTION('center_axis',(2.71926214689378E-32,1.,2.22044604925031E-16));
#5458=DIRECTION('ref_axis',(1.22464679914735E-16,-2.22044604925031E-16,
1.));
#5459=DIRECTION('',(2.71926214689378E-32,1.,2.22044604925031E-16));
#5460=DIRECTION('',(2.71926214689378E-32,1.,2.22044604925031E-16));
#5461=DIRECTION('center_axis',(-1.,0.,1.22464679914735E-16));
#5462=DIRECTION('ref_axis',(1.22464679914735E-16,-2.22044604925031E-16,
1.));
#5463=DIRECTION('',(2.71926214689378E-32,1.,2.22044604925031E-16));
#5464=DIRECTION('center_axis',(2.71926214689378E-32,1.,2.22044604925031E-16));
#5465=DIRECTION('ref_axis',(1.,0.,-1.22464679914735E-16));
#5466=DIRECTION('',(2.71926214689378E-32,1.,2.22044604925031E-16));
#5467=DIRECTION('center_axis',(1.22464679914735E-16,-2.22044604925031E-16,
1.));
#5468=DIRECTION('ref_axis',(1.,0.,-1.22464679914735E-16));
#5469=DIRECTION('',(2.71926214689378E-32,1.,2.22044604925031E-16));
#5470=DIRECTION('center_axis',(2.71926214689378E-32,1.,2.22044604925031E-16));
#5471=DIRECTION('ref_axis',(-1.22464679914735E-16,2.22044604925031E-16,
-1.));
#5472=DIRECTION('',(2.71926214689378E-32,1.,2.22044604925031E-16));
#5473=DIRECTION('center_axis',(1.,0.,-1.22464679914735E-16));
#5474=DIRECTION('ref_axis',(-1.22464679914735E-16,2.22044604925031E-16,
-1.));
#5475=DIRECTION('',(2.71926214689378E-32,1.,2.22044604925031E-16));
#5476=DIRECTION('center_axis',(2.71926214689378E-32,1.,2.22044604925031E-16));
#5477=DIRECTION('ref_axis',(-1.,0.,1.22464679914735E-16));
#5478=DIRECTION('',(2.71926214689378E-32,1.,2.22044604925031E-16));
#5479=DIRECTION('center_axis',(-1.22464679914735E-16,2.22044604925031E-16,
-1.));
#5480=DIRECTION('ref_axis',(-1.,0.,1.22464679914735E-16));
#5481=DIRECTION('center_axis',(2.71926214689378E-32,1.,2.22044604925031E-16));
#5482=DIRECTION('ref_axis',(1.22464679914735E-16,-2.22044604925031E-16,
1.));
#5483=DIRECTION('',(2.71926214689378E-32,1.,2.22044604925031E-16));
#5484=DIRECTION('',(2.71926214689378E-32,1.,2.22044604925031E-16));
#5485=DIRECTION('center_axis',(-1.,0.,1.22464679914735E-16));
#5486=DIRECTION('ref_axis',(1.22464679914735E-16,-2.22044604925031E-16,
1.));
#5487=DIRECTION('',(2.71926214689378E-32,1.,2.22044604925031E-16));
#5488=DIRECTION('center_axis',(2.71926214689378E-32,1.,2.22044604925031E-16));
#5489=DIRECTION('ref_axis',(1.,0.,-1.22464679914735E-16));
#5490=DIRECTION('',(2.71926214689378E-32,1.,2.22044604925031E-16));
#5491=DIRECTION('center_axis',(1.22464679914735E-16,-2.22044604925031E-16,
1.));
#5492=DIRECTION('ref_axis',(1.,0.,-1.22464679914735E-16));
#5493=DIRECTION('',(2.71926214689378E-32,1.,2.22044604925031E-16));
#5494=DIRECTION('center_axis',(2.71926214689378E-32,1.,2.22044604925031E-16));
#5495=DIRECTION('ref_axis',(-1.22464679914735E-16,2.22044604925031E-16,
-1.));
#5496=DIRECTION('',(2.71926214689378E-32,1.,2.22044604925031E-16));
#5497=DIRECTION('center_axis',(1.,0.,-1.22464679914735E-16));
#5498=DIRECTION('ref_axis',(-1.22464679914735E-16,2.22044604925031E-16,
-1.));
#5499=DIRECTION('',(2.71926214689378E-32,1.,2.22044604925031E-16));
#5500=DIRECTION('center_axis',(2.71926214689378E-32,1.,2.22044604925031E-16));
#5501=DIRECTION('ref_axis',(-1.,0.,1.22464679914735E-16));
#5502=DIRECTION('',(2.71926214689378E-32,1.,2.22044604925031E-16));
#5503=DIRECTION('center_axis',(-1.22464679914735E-16,2.22044604925031E-16,
-1.));
#5504=DIRECTION('ref_axis',(-1.,0.,1.22464679914735E-16));
#5505=DIRECTION('center_axis',(2.71926214689378E-32,1.,2.22044604925031E-16));
#5506=DIRECTION('ref_axis',(1.22464679914735E-16,-2.22044604925031E-16,
1.));
#5507=DIRECTION('',(2.71926214689378E-32,1.,2.22044604925031E-16));
#5508=DIRECTION('',(2.71926214689378E-32,1.,2.22044604925031E-16));
#5509=DIRECTION('center_axis',(-1.,0.,1.22464679914735E-16));
#5510=DIRECTION('ref_axis',(1.22464679914735E-16,-2.22044604925031E-16,
1.));
#5511=DIRECTION('',(2.71926214689378E-32,1.,2.22044604925031E-16));
#5512=DIRECTION('center_axis',(2.71926214689378E-32,1.,2.22044604925031E-16));
#5513=DIRECTION('ref_axis',(1.,0.,-1.22464679914735E-16));
#5514=DIRECTION('',(2.71926214689378E-32,1.,2.22044604925031E-16));
#5515=DIRECTION('center_axis',(1.22464679914735E-16,-2.22044604925031E-16,
1.));
#5516=DIRECTION('ref_axis',(1.,0.,-1.22464679914735E-16));
#5517=DIRECTION('',(2.71926214689378E-32,1.,2.22044604925031E-16));
#5518=DIRECTION('center_axis',(2.71926214689378E-32,1.,2.22044604925031E-16));
#5519=DIRECTION('ref_axis',(-1.22464679914735E-16,2.22044604925031E-16,
-1.));
#5520=DIRECTION('',(2.71926214689378E-32,1.,2.22044604925031E-16));
#5521=DIRECTION('center_axis',(1.,0.,-1.22464679914735E-16));
#5522=DIRECTION('ref_axis',(-1.22464679914735E-16,2.22044604925031E-16,
-1.));
#5523=DIRECTION('',(2.71926214689378E-32,1.,2.22044604925031E-16));
#5524=DIRECTION('center_axis',(2.71926214689378E-32,1.,2.22044604925031E-16));
#5525=DIRECTION('ref_axis',(-1.,0.,1.22464679914735E-16));
#5526=DIRECTION('',(2.71926214689378E-32,1.,2.22044604925031E-16));
#5527=DIRECTION('center_axis',(-1.22464679914735E-16,2.22044604925031E-16,
-1.));
#5528=DIRECTION('ref_axis',(-1.,0.,1.22464679914735E-16));
#5529=DIRECTION('center_axis',(2.71926214689378E-32,1.,2.22044604925031E-16));
#5530=DIRECTION('ref_axis',(1.22464679914735E-16,-2.22044604925031E-16,
1.));
#5531=DIRECTION('',(2.71926214689378E-32,1.,2.22044604925031E-16));
#5532=DIRECTION('',(2.71926214689378E-32,1.,2.22044604925031E-16));
#5533=DIRECTION('center_axis',(-1.,0.,1.22464679914735E-16));
#5534=DIRECTION('ref_axis',(1.22464679914735E-16,-2.22044604925031E-16,
1.));
#5535=DIRECTION('',(2.71926214689378E-32,1.,2.22044604925031E-16));
#5536=DIRECTION('center_axis',(2.71926214689378E-32,1.,2.22044604925031E-16));
#5537=DIRECTION('ref_axis',(1.,0.,-1.22464679914735E-16));
#5538=DIRECTION('',(2.71926214689378E-32,1.,2.22044604925031E-16));
#5539=DIRECTION('center_axis',(1.22464679914735E-16,-2.22044604925031E-16,
1.));
#5540=DIRECTION('ref_axis',(1.,0.,-1.22464679914735E-16));
#5541=DIRECTION('',(2.71926214689378E-32,1.,2.22044604925031E-16));
#5542=DIRECTION('center_axis',(2.71926214689378E-32,1.,2.22044604925031E-16));
#5543=DIRECTION('ref_axis',(-1.22464679914735E-16,2.22044604925031E-16,
-1.));
#5544=DIRECTION('',(2.71926214689378E-32,1.,2.22044604925031E-16));
#5545=DIRECTION('center_axis',(1.,0.,-1.22464679914735E-16));
#5546=DIRECTION('ref_axis',(-1.22464679914735E-16,2.22044604925031E-16,
-1.));
#5547=DIRECTION('',(2.71926214689378E-32,1.,2.22044604925031E-16));
#5548=DIRECTION('center_axis',(2.71926214689378E-32,1.,2.22044604925031E-16));
#5549=DIRECTION('ref_axis',(-1.,0.,1.22464679914735E-16));
#5550=DIRECTION('',(2.71926214689378E-32,1.,2.22044604925031E-16));
#5551=DIRECTION('center_axis',(-1.22464679914735E-16,2.22044604925031E-16,
-1.));
#5552=DIRECTION('ref_axis',(-1.,0.,1.22464679914735E-16));
#5553=DIRECTION('center_axis',(2.71926214689378E-32,1.,2.22044604925031E-16));
#5554=DIRECTION('ref_axis',(1.22464679914735E-16,-2.22044604925031E-16,
1.));
#5555=DIRECTION('',(2.71926214689378E-32,1.,2.22044604925031E-16));
#5556=DIRECTION('',(2.71926214689378E-32,1.,2.22044604925031E-16));
#5557=DIRECTION('center_axis',(-1.,0.,1.22464679914735E-16));
#5558=DIRECTION('ref_axis',(1.22464679914735E-16,-2.22044604925031E-16,
1.));
#5559=DIRECTION('',(2.71926214689378E-32,1.,2.22044604925031E-16));
#5560=DIRECTION('center_axis',(2.71926214689378E-32,1.,2.22044604925031E-16));
#5561=DIRECTION('ref_axis',(1.,0.,-1.22464679914735E-16));
#5562=DIRECTION('',(2.71926214689378E-32,1.,2.22044604925031E-16));
#5563=DIRECTION('center_axis',(1.22464679914735E-16,-2.22044604925031E-16,
1.));
#5564=DIRECTION('ref_axis',(1.,0.,-1.22464679914735E-16));
#5565=DIRECTION('',(2.71926214689378E-32,1.,2.22044604925031E-16));
#5566=DIRECTION('center_axis',(2.71926214689378E-32,1.,2.22044604925031E-16));
#5567=DIRECTION('ref_axis',(-1.22464679914735E-16,2.22044604925031E-16,
-1.));
#5568=DIRECTION('',(2.71926214689378E-32,1.,2.22044604925031E-16));
#5569=DIRECTION('center_axis',(1.,0.,-1.22464679914735E-16));
#5570=DIRECTION('ref_axis',(-1.22464679914735E-16,2.22044604925031E-16,
-1.));
#5571=DIRECTION('',(2.71926214689378E-32,1.,2.22044604925031E-16));
#5572=DIRECTION('center_axis',(2.71926214689378E-32,1.,2.22044604925031E-16));
#5573=DIRECTION('ref_axis',(-1.,0.,1.22464679914735E-16));
#5574=DIRECTION('',(2.71926214689378E-32,1.,2.22044604925031E-16));
#5575=DIRECTION('center_axis',(-1.22464679914735E-16,2.22044604925031E-16,
-1.));
#5576=DIRECTION('ref_axis',(-1.,0.,1.22464679914735E-16));
#5577=DIRECTION('center_axis',(-1.,0.,1.22464679914735E-16));
#5578=DIRECTION('ref_axis',(1.22464679914735E-16,-2.22044604925031E-16,
1.));
#5579=DIRECTION('',(2.71926214689378E-32,1.,2.22044604925031E-16));
#5580=DIRECTION('',(2.71926214689378E-32,1.,2.22044604925031E-16));
#5581=DIRECTION('center_axis',(2.71926214689378E-32,1.,2.22044604925031E-16));
#5582=DIRECTION('ref_axis',(1.,0.,-1.22464679914735E-16));
#5583=DIRECTION('',(2.71926214689378E-32,1.,2.22044604925031E-16));
#5584=DIRECTION('center_axis',(1.22464679914735E-16,-2.22044604925031E-16,
1.));
#5585=DIRECTION('ref_axis',(1.,0.,-1.22464679914735E-16));
#5586=DIRECTION('',(2.71926214689378E-32,1.,2.22044604925031E-16));
#5587=DIRECTION('center_axis',(2.71926214689378E-32,1.,2.22044604925031E-16));
#5588=DIRECTION('ref_axis',(-1.22464679914735E-16,2.22044604925031E-16,
-1.));
#5589=DIRECTION('',(2.71926214689378E-32,1.,2.22044604925031E-16));
#5590=DIRECTION('center_axis',(1.,0.,-1.22464679914735E-16));
#5591=DIRECTION('ref_axis',(-1.22464679914735E-16,2.22044604925031E-16,
-1.));
#5592=DIRECTION('',(2.71926214689378E-32,1.,2.22044604925031E-16));
#5593=DIRECTION('center_axis',(2.71926214689378E-32,1.,2.22044604925031E-16));
#5594=DIRECTION('ref_axis',(-1.,0.,1.22464679914735E-16));
#5595=DIRECTION('',(2.71926214689378E-32,1.,2.22044604925031E-16));
#5596=DIRECTION('center_axis',(-1.22464679914735E-16,2.22044604925031E-16,
-1.));
#5597=DIRECTION('ref_axis',(-1.,0.,1.22464679914735E-16));
#5598=DIRECTION('',(2.71926214689378E-32,1.,2.22044604925031E-16));
#5599=DIRECTION('center_axis',(2.71926214689378E-32,1.,2.22044604925031E-16));
#5600=DIRECTION('ref_axis',(1.22464679914735E-16,-2.22044604925031E-16,
1.));
#5601=DIRECTION('center_axis',(2.71926214689378E-32,1.,2.22044604925031E-16));
#5602=DIRECTION('ref_axis',(2.34291072916506E-15,-2.22044604925031E-16,
1.));
#5603=DIRECTION('',(2.71926214689378E-32,1.,2.22044604925031E-16));
#5604=DIRECTION('',(2.71926214689378E-32,1.,2.22044604925031E-16));
#5605=DIRECTION('center_axis',(-1.,7.58520101174049E-32,-2.19142404585313E-16));
#5606=DIRECTION('ref_axis',(-2.19142404585313E-16,-2.22044604925031E-16,
1.));
#5607=DIRECTION('',(2.71926214689378E-32,1.,2.22044604925031E-16));
#5608=DIRECTION('center_axis',(2.71926214689378E-32,1.,2.22044604925031E-16));
#5609=DIRECTION('ref_axis',(1.,0.,-1.22464679914735E-16));
#5610=DIRECTION('',(2.71926214689378E-32,1.,2.22044604925031E-16));
#5611=DIRECTION('center_axis',(1.22464679914735E-16,-2.22044604925031E-16,
1.));
#5612=DIRECTION('ref_axis',(1.,0.,-1.22464679914735E-16));
#5613=DIRECTION('',(2.71926214689378E-32,1.,2.22044604925031E-16));
#5614=DIRECTION('center_axis',(2.71926214689378E-32,1.,2.22044604925031E-16));
#5615=DIRECTION('ref_axis',(-1.22464679914735E-16,2.22044604925031E-16,
-1.));
#5616=DIRECTION('',(2.71926214689378E-32,1.,2.22044604925031E-16));
#5617=DIRECTION('center_axis',(1.,-3.79260050587025E-32,4.83388623352888E-17));
#5618=DIRECTION('ref_axis',(4.83388623352888E-17,2.22044604925031E-16,-1.));
#5619=DIRECTION('',(2.71926214689378E-32,1.,2.22044604925031E-16));
#5620=DIRECTION('center_axis',(2.71926214689378E-32,1.,2.22044604925031E-16));
#5621=DIRECTION('ref_axis',(-1.,3.94430452610505E-30,-1.76411037140878E-14));
#5622=DIRECTION('',(2.71926214689378E-32,1.,2.22044604925031E-16));
#5623=DIRECTION('center_axis',(-4.64071764414783E-16,2.22044604925031E-16,
-1.));
#5624=DIRECTION('ref_axis',(-1.,-7.58520101174049E-32,4.64071764414783E-16));
#5625=DIRECTION('center_axis',(-1.,7.58520101174049E-32,-2.19142404585313E-16));
#5626=DIRECTION('ref_axis',(-2.19142404585313E-16,-2.22044604925031E-16,
1.));
#5627=DIRECTION('',(-2.71926214689378E-32,-1.,-2.22044604925031E-16));
#5628=DIRECTION('',(2.71926214689378E-32,1.,2.22044604925031E-16));
#5629=DIRECTION('center_axis',(2.71926214689378E-32,1.,2.22044604925031E-16));
#5630=DIRECTION('ref_axis',(1.,0.,-1.22464679914735E-16));
#5631=DIRECTION('',(2.71926214689378E-32,1.,2.22044604925031E-16));
#5632=DIRECTION('center_axis',(1.22464679914735E-16,-2.22044604925031E-16,
1.));
#5633=DIRECTION('ref_axis',(1.,0.,-1.22464679914735E-16));
#5634=DIRECTION('',(-2.71926214689378E-32,-1.,-2.22044604925031E-16));
#5635=DIRECTION('center_axis',(2.71926214689378E-32,1.,2.22044604925031E-16));
#5636=DIRECTION('ref_axis',(1.22464679914735E-16,-2.22044604925031E-16,
1.));
#5637=DIRECTION('',(2.71926214689378E-32,1.,2.22044604925031E-16));
#5638=DIRECTION('',(2.71926214689378E-32,1.,2.22044604925031E-16));
#5639=DIRECTION('center_axis',(-1.,6.0681608093924E-31,-2.61039199608565E-15));
#5640=DIRECTION('ref_axis',(-2.61039199608565E-15,-2.22044604925031E-16,
1.));
#5641=DIRECTION('',(2.71926214689378E-32,1.,2.22044604925031E-16));
#5642=DIRECTION('center_axis',(2.71926214689378E-32,1.,2.22044604925031E-16));
#5643=DIRECTION('ref_axis',(1.,0.,-1.22464679914735E-16));
#5644=DIRECTION('',(2.71926214689378E-32,1.,2.22044604925031E-16));
#5645=DIRECTION('center_axis',(2.34291072916505E-15,-2.22044604925031E-16,
1.));
#5646=DIRECTION('ref_axis',(1.,4.93038065763132E-31,-2.34291072916505E-15));
#5647=DIRECTION('',(2.71926214689378E-32,1.,2.22044604925031E-16));
#5648=DIRECTION('center_axis',(2.71926214689378E-32,1.,2.22044604925031E-16));
#5649=DIRECTION('ref_axis',(-1.22464679914735E-16,2.22044604925031E-16,
-1.));
#5650=DIRECTION('',(2.71926214689378E-32,1.,2.22044604925031E-16));
#5651=DIRECTION('center_axis',(1.,0.,-1.22464679914735E-16));
#5652=DIRECTION('ref_axis',(-1.22464679914735E-16,2.22044604925031E-16,
-1.));
#5653=DIRECTION('',(2.71926214689378E-32,1.,2.22044604925031E-16));
#5654=DIRECTION('center_axis',(2.71926214689378E-32,1.,2.22044604925031E-16));
#5655=DIRECTION('ref_axis',(-1.,0.,1.22464679914735E-16));
#5656=DIRECTION('',(2.71926214689378E-32,1.,2.22044604925031E-16));
#5657=DIRECTION('center_axis',(-5.49473535539795E-16,2.22044604925031E-16,
-1.));
#5658=DIRECTION('ref_axis',(-1.,-9.48150126467562E-32,5.49473535539795E-16));
#5659=DIRECTION('center_axis',(1.,6.0681608093924E-31,-2.85532135591512E-15));
#5660=DIRECTION('ref_axis',(-2.85532135591512E-15,2.22044604925031E-16,
-1.));
#5661=DIRECTION('',(-2.71926214689378E-32,-1.,-2.22044604925031E-16));
#5662=DIRECTION('',(2.71926214689378E-32,1.,2.22044604925031E-16));
#5663=DIRECTION('center_axis',(2.71926214689378E-32,1.,2.22044604925031E-16));
#5664=DIRECTION('ref_axis',(-1.,0.,1.22464679914735E-16));
#5665=DIRECTION('',(2.71926214689378E-32,1.,2.22044604925031E-16));
#5666=DIRECTION('center_axis',(-1.78779921685247E-15,2.22044604925031E-16,
-1.));
#5667=DIRECTION('ref_axis',(-1.,-3.6977854932235E-31,1.78779921685247E-15));
#5668=DIRECTION('',(2.71926214689378E-32,1.,2.22044604925031E-16));
#5669=DIRECTION('center_axis',(2.71926214689378E-32,1.,2.22044604925031E-16));
#5670=DIRECTION('ref_axis',(-1.,0.,1.22464679914735E-16));
#5671=DIRECTION('',(2.71926214689378E-32,1.,2.22044604925031E-16));
#5672=DIRECTION('',(2.71926214689378E-32,1.,2.22044604925031E-16));
#5673=DIRECTION('center_axis',(-1.22464679914735E-16,2.22044604925031E-16,
-1.));
#5674=DIRECTION('ref_axis',(-1.,0.,1.22464679914735E-16));
#5675=DIRECTION('',(2.71926214689378E-32,1.,2.22044604925031E-16));
#5676=DIRECTION('center_axis',(2.71926214689378E-32,1.,2.22044604925031E-16));
#5677=DIRECTION('ref_axis',(1.22464679914735E-16,-2.22044604925031E-16,
1.));
#5678=DIRECTION('',(2.71926214689378E-32,1.,2.22044604925031E-16));
#5679=DIRECTION('center_axis',(-1.,9.48150126467562E-33,7.97637943522293E-17));
#5680=DIRECTION('ref_axis',(7.97637943522293E-17,-2.22044604925031E-16,
1.));
#5681=DIRECTION('',(2.71926214689378E-32,1.,2.22044604925031E-16));
#5682=DIRECTION('center_axis',(2.71926214689378E-32,1.,2.22044604925031E-16));
#5683=DIRECTION('ref_axis',(1.,0.,-1.22464679914735E-16));
#5684=DIRECTION('',(2.71926214689378E-32,1.,2.22044604925031E-16));
#5685=DIRECTION('center_axis',(1.22464679914735E-16,-2.22044604925031E-16,
1.));
#5686=DIRECTION('ref_axis',(1.,0.,-1.22464679914735E-16));
#5687=DIRECTION('',(2.71926214689378E-32,1.,2.22044604925031E-16));
#5688=DIRECTION('center_axis',(2.71926214689378E-32,1.,2.22044604925031E-16));
#5689=DIRECTION('ref_axis',(-1.22464679914735E-16,2.22044604925031E-16,
-1.));
#5690=DIRECTION('',(2.71926214689378E-32,1.,2.22044604925031E-16));
#5691=DIRECTION('center_axis',(1.,0.,-1.22464679914735E-16));
#5692=DIRECTION('ref_axis',(-1.22464679914735E-16,2.22044604925031E-16,
-1.));
#5693=DIRECTION('center_axis',(2.71926214689378E-32,1.,2.22044604925031E-16));
#5694=DIRECTION('ref_axis',(1.22464679914735E-16,-2.22044604925031E-16,
1.));
#5695=DIRECTION('',(2.71926214689378E-32,1.,2.22044604925031E-16));
#5696=DIRECTION('center_axis',(-1.,0.,1.22464679914735E-16));
#5697=DIRECTION('ref_axis',(1.22464679914735E-16,-2.22044604925031E-16,
1.));
#5698=DIRECTION('',(2.71926214689378E-32,1.,2.22044604925031E-16));
#5699=DIRECTION('center_axis',(2.71926214689378E-32,1.,2.22044604925031E-16));
#5700=DIRECTION('ref_axis',(1.,0.,-1.22464679914735E-16));
#5701=DIRECTION('',(2.71926214689378E-32,1.,2.22044604925031E-16));
#5702=DIRECTION('center_axis',(-2.19142404585313E-16,-2.22044604925031E-16,
1.));
#5703=DIRECTION('ref_axis',(1.,-7.58520101174049E-32,2.19142404585313E-16));
#5704=DIRECTION('center_axis',(2.71926214689378E-32,1.,2.22044604925031E-16));
#5705=DIRECTION('ref_axis',(1.22464679914735E-16,-2.22044604925031E-16,
1.));
#5706=DIRECTION('',(2.71926214689378E-32,1.,2.22044604925031E-16));
#5707=DIRECTION('',(2.71926214689378E-32,1.,2.22044604925031E-16));
#5708=DIRECTION('center_axis',(-1.,1.21363216187848E-30,-5.34324867208602E-15));
#5709=DIRECTION('ref_axis',(-5.34324867208602E-15,-2.22044604925031E-16,
1.));
#5710=DIRECTION('',(2.71926214689378E-32,1.,2.22044604925031E-16));
#5711=DIRECTION('center_axis',(2.71926214689378E-32,1.,2.22044604925031E-16));
#5712=DIRECTION('ref_axis',(1.,3.944304526105E-30,-1.7886033073917E-14));
#5713=DIRECTION('',(2.71926214689378E-32,1.,2.22044604925031E-16));
#5714=DIRECTION('center_axis',(1.48889301791493E-15,-2.22044604925031E-16,
1.));
#5715=DIRECTION('ref_axis',(1.,3.0340804046962E-31,-1.48889301791493E-15));
#5716=DIRECTION('',(2.71926214689378E-32,1.,2.22044604925031E-16));
#5717=DIRECTION('center_axis',(2.71926214689378E-32,1.,2.22044604925031E-16));
#5718=DIRECTION('ref_axis',(-1.22464679914735E-16,2.22044604925031E-16,
-1.));
#5719=DIRECTION('',(2.71926214689378E-32,1.,2.22044604925031E-16));
#5720=DIRECTION('center_axis',(1.,0.,-1.22464679914735E-16));
#5721=DIRECTION('ref_axis',(-1.22464679914735E-16,2.22044604925031E-16,
-1.));
#5722=DIRECTION('',(2.71926214689378E-32,1.,2.22044604925031E-16));
#5723=DIRECTION('center_axis',(2.71926214689378E-32,1.,2.22044604925031E-16));
#5724=DIRECTION('ref_axis',(-1.,0.,1.22464679914735E-16));
#5725=DIRECTION('',(2.71926214689378E-32,1.,2.22044604925031E-16));
#5726=DIRECTION('center_axis',(-4.22174969391528E-15,2.22044604925031E-16,
-1.));
#5727=DIRECTION('ref_axis',(-1.,-9.10224121408852E-31,4.22174969391528E-15));
#5728=DIRECTION('center_axis',(2.71926214689378E-32,1.,2.22044604925031E-16));
#5729=DIRECTION('ref_axis',(1.22464679914735E-16,-2.22044604925031E-16,
1.));
#5730=DIRECTION('',(2.71926214689378E-32,1.,2.22044604925031E-16));
#5731=DIRECTION('',(2.71926214689378E-32,1.,2.22044604925031E-16));
#5732=DIRECTION('center_axis',(-1.,0.,1.22464679914735E-16));
#5733=DIRECTION('ref_axis',(1.22464679914735E-16,-2.22044604925031E-16,
1.));
#5734=DIRECTION('',(2.71926214689378E-32,1.,2.22044604925031E-16));
#5735=DIRECTION('center_axis',(2.71926214689378E-32,1.,2.22044604925031E-16));
#5736=DIRECTION('ref_axis',(1.,3.944304526105E-30,-1.7886033073917E-14));
#5737=DIRECTION('',(2.71926214689378E-32,1.,2.22044604925031E-16));
#5738=DIRECTION('center_axis',(1.48889301791493E-15,-2.22044604925031E-16,
1.));
#5739=DIRECTION('ref_axis',(1.,3.0340804046962E-31,-1.48889301791493E-15));
#5740=DIRECTION('',(2.71926214689378E-32,1.,2.22044604925031E-16));
#5741=DIRECTION('center_axis',(2.71926214689378E-32,1.,2.22044604925031E-16));
#5742=DIRECTION('ref_axis',(-1.22464679914735E-16,2.22044604925031E-16,
-1.));
#5743=DIRECTION('',(2.71926214689378E-32,1.,2.22044604925031E-16));
#5744=DIRECTION('center_axis',(1.,0.,-1.22464679914735E-16));
#5745=DIRECTION('ref_axis',(-1.22464679914735E-16,2.22044604925031E-16,
-1.));
#5746=DIRECTION('',(2.71926214689378E-32,1.,2.22044604925031E-16));
#5747=DIRECTION('center_axis',(2.71926214689378E-32,1.,2.22044604925031E-16));
#5748=DIRECTION('ref_axis',(-1.,0.,1.22464679914735E-16));
#5749=DIRECTION('',(2.71926214689378E-32,1.,2.22044604925031E-16));
#5750=DIRECTION('center_axis',(2.61039199608565E-15,2.22044604925031E-16,
-1.));
#5751=DIRECTION('ref_axis',(-1.,6.06816080939239E-31,-2.61039199608565E-15));
#5752=DIRECTION('center_axis',(2.85532135591511E-15,-2.22044604925031E-16,
1.));
#5753=DIRECTION('ref_axis',(1.,6.06816080939238E-31,-2.85532135591511E-15));
#5754=DIRECTION('',(2.71926214689378E-32,1.,2.22044604925031E-16));
#5755=DIRECTION('',(2.71926214689378E-32,1.,2.22044604925031E-16));
#5756=DIRECTION('center_axis',(2.71926214689378E-32,1.,2.22044604925031E-16));
#5757=DIRECTION('ref_axis',(-1.,1.57772181044211E-29,-7.09318088960993E-14));
#5758=DIRECTION('',(2.71926214689378E-32,1.,2.22044604925031E-16));
#5759=DIRECTION('',(2.71926214689378E-32,1.,2.22044604925031E-16));
#5760=DIRECTION('center_axis',(-1.48889301791493E-15,2.22044604925031E-16,
-1.));
#5761=DIRECTION('ref_axis',(-1.,-3.0340804046962E-31,1.48889301791493E-15));
#5762=DIRECTION('',(2.71926214689378E-32,1.,2.22044604925031E-16));
#5763=DIRECTION('center_axis',(2.71926214689378E-32,1.,2.22044604925031E-16));
#5764=DIRECTION('ref_axis',(1.22464679914735E-16,-2.22044604925031E-16,
1.));
#5765=DIRECTION('',(2.71926214689378E-32,1.,2.22044604925031E-16));
#5766=DIRECTION('center_axis',(-1.,0.,1.22464679914735E-16));
#5767=DIRECTION('ref_axis',(1.22464679914735E-16,-2.22044604925031E-16,
1.));
#5768=DIRECTION('',(2.71926214689378E-32,1.,2.22044604925031E-16));
#5769=DIRECTION('center_axis',(2.71926214689378E-32,1.,2.22044604925031E-16));
#5770=DIRECTION('ref_axis',(1.,-7.88860905221057E-30,3.54046721080923E-14));
#5771=DIRECTION('',(2.71926214689378E-32,1.,2.22044604925031E-16));
#5772=DIRECTION('center_axis',(8.05678848914831E-16,-2.22044604925031E-16,
1.));
#5773=DIRECTION('ref_axis',(1.,1.5170402023481E-31,-8.05678848914831E-16));
#5774=DIRECTION('',(2.71926214689378E-32,1.,2.22044604925031E-16));
#5775=DIRECTION('center_axis',(2.71926214689378E-32,1.,2.22044604925031E-16));
#5776=DIRECTION('ref_axis',(7.09318088960987E-14,2.22044604925031E-16,-1.));
#5777=DIRECTION('',(2.71926214689378E-32,1.,2.22044604925031E-16));
#5778=DIRECTION('center_axis',(1.,0.,-1.22464679914735E-16));
#5779=DIRECTION('ref_axis',(-1.22464679914735E-16,2.22044604925031E-16,
-1.));
#5780=DIRECTION('center_axis',(2.71926214689378E-32,1.,2.22044604925031E-16));
#5781=DIRECTION('ref_axis',(1.,3.94430452610511E-30,-1.78860330739175E-14));
#5782=DIRECTION('',(2.71926214689378E-32,1.,2.22044604925031E-16));
#5783=DIRECTION('',(2.71926214689378E-32,1.,2.22044604925031E-16));
#5784=DIRECTION('center_axis',(-1.,3.79260050587024E-32,-4.83388623352886E-17));
#5785=DIRECTION('ref_axis',(-4.83388623352885E-17,-2.22044604925031E-16,
1.));
#5786=DIRECTION('',(2.71926214689378E-32,1.,2.22044604925031E-16));
#5787=DIRECTION('center_axis',(2.71926214689378E-32,1.,2.22044604925031E-16));
#5788=DIRECTION('ref_axis',(3.54046721080891E-14,2.22044604925031E-16,-1.));
#5789=DIRECTION('',(2.71926214689378E-32,1.,2.22044604925031E-16));
#5790=DIRECTION('center_axis',(1.22464679914735E-16,-2.22044604925031E-16,
1.));
#5791=DIRECTION('ref_axis',(1.,0.,-1.22464679914735E-16));
#5792=DIRECTION('',(2.71926214689378E-32,1.,2.22044604925031E-16));
#5793=DIRECTION('center_axis',(2.71926214689378E-32,1.,2.22044604925031E-16));
#5794=DIRECTION('ref_axis',(-1.,3.94430452610504E-30,-1.76411037140877E-14));
#5795=DIRECTION('',(2.71926214689378E-32,1.,2.22044604925031E-16));
#5796=DIRECTION('center_axis',(1.,0.,-1.22464679914735E-16));
#5797=DIRECTION('ref_axis',(-1.22464679914735E-16,2.22044604925031E-16,
-1.));
#5798=DIRECTION('',(2.71926214689378E-32,1.,2.22044604925031E-16));
#5799=DIRECTION('center_axis',(2.71926214689378E-32,1.,2.22044604925031E-16));
#5800=DIRECTION('ref_axis',(-4.42864563050901E-14,-2.22044604925031E-16,
1.));
#5801=DIRECTION('',(2.71926214689378E-32,1.,2.22044604925031E-16));
#5802=DIRECTION('center_axis',(-1.22464679914735E-16,2.22044604925031E-16,
-1.));
#5803=DIRECTION('ref_axis',(-1.,0.,1.22464679914735E-16));
#5804=DIRECTION('center_axis',(-1.,3.03408040469619E-31,-1.24396365808545E-15));
#5805=DIRECTION('ref_axis',(-1.24396365808545E-15,-2.22044604925031E-16,
1.));
#5806=DIRECTION('',(2.71926214689378E-32,1.,2.22044604925031E-16));
#5807=DIRECTION('center_axis',(2.71926214689378E-32,1.,2.22044604925031E-16));
#5808=DIRECTION('ref_axis',(1.,3.94430452610507E-30,-1.78860330739173E-14));
#5809=DIRECTION('center_axis',(2.71926214689378E-32,1.,2.22044604925031E-16));
#5810=DIRECTION('ref_axis',(-1.22464679914735E-16,2.22044604925031E-16,
-1.));
#5811=DIRECTION('',(2.71926214689378E-32,1.,2.22044604925031E-16));
#5812=DIRECTION('center_axis',(1.,0.,-1.22464679914735E-16));
#5813=DIRECTION('ref_axis',(-1.22464679914735E-16,2.22044604925031E-16,
-1.));
#5814=DIRECTION('center_axis',(2.71926214689378E-32,1.,2.22044604925031E-16));
#5815=DIRECTION('ref_axis',(-1.,0.,1.22464679914735E-16));
#5816=DIRECTION('',(2.71926214689378E-32,1.,2.22044604925031E-16));
#5817=DIRECTION('',(2.71926214689378E-32,1.,2.22044604925031E-16));
#5818=DIRECTION('center_axis',(-1.48889301791493E-15,2.22044604925031E-16,
-1.));
#5819=DIRECTION('ref_axis',(-1.,-3.0340804046962E-31,1.48889301791493E-15));
#5820=DIRECTION('center_axis',(2.71926214689378E-32,1.,2.22044604925031E-16));
#5821=DIRECTION('ref_axis',(-1.22464679914735E-16,2.22044604925031E-16,
-1.));
#5822=DIRECTION('',(2.71926214689378E-32,1.,2.22044604925031E-16));
#5823=DIRECTION('center_axis',(1.,0.,-1.22464679914735E-16));
#5824=DIRECTION('ref_axis',(-1.22464679914735E-16,2.22044604925031E-16,
-1.));
#5825=CARTESIAN_POINT('',(0.,0.,0.));
#5826=CARTESIAN_POINT('Origin',(-23.7043983848623,-16.675,50.2));
#5827=CARTESIAN_POINT('',(-26.0137994616208,-18.175,54.2));
#5828=CARTESIAN_POINT('',(-23.7043983848623,-18.175,50.2));
#5829=CARTESIAN_POINT('',(-18.3833252282854,-18.175,40.9836309420177));
#5830=CARTESIAN_POINT('',(-26.0137994616208,-16.675,54.2));
#5831=CARTESIAN_POINT('',(-26.0137994616208,-16.675,54.2));
#5832=CARTESIAN_POINT('',(-23.7043983848623,-16.675,50.2));
#5833=CARTESIAN_POINT('',(-18.3833252282854,-16.675,40.9836309420177));
#5834=CARTESIAN_POINT('',(-23.7043983848623,-16.675,50.2));
#5835=CARTESIAN_POINT('Origin',(-15.6326016151378,-16.675,50.2));
#5836=CARTESIAN_POINT('',(-15.6326016151378,-18.175,50.2));
#5837=CARTESIAN_POINT('',(38.4868241924311,-18.175,50.2));
#5838=CARTESIAN_POINT('',(-15.6326016151378,-16.675,50.2));
#5839=CARTESIAN_POINT('',(38.4868241924311,-16.675,50.2));
#5840=CARTESIAN_POINT('',(-15.6326016151378,-16.675,50.2));
#5841=CARTESIAN_POINT('Origin',(-13.3232005383793,-16.675,54.2));
#5842=CARTESIAN_POINT('',(-13.3232005383793,-18.175,54.2));
#5843=CARTESIAN_POINT('',(8.26971326666444,-18.175,91.6000237937909));
#5844=CARTESIAN_POINT('',(-13.3232005383793,-16.675,54.2));
#5845=CARTESIAN_POINT('',(8.26971326666444,-16.675,91.6000237937909));
#5846=CARTESIAN_POINT('',(-13.3232005383793,-16.675,54.2));
#5847=CARTESIAN_POINT('Origin',(-11.5911497308105,-16.675,53.2));
#5848=CARTESIAN_POINT('',(-11.5911497308105,-18.175,55.1999999999999));
#5849=CARTESIAN_POINT('Origin',(-11.5911497308105,-18.175,53.2));
#5850=CARTESIAN_POINT('',(-11.5911497308105,-16.675,55.1999999999999));
#5851=CARTESIAN_POINT('Origin',(-11.5911497308105,-16.675,53.2));
#5852=CARTESIAN_POINT('',(-11.5911497308105,-16.675,55.1999999999999));
#5853=CARTESIAN_POINT('Origin',(196.80364973081,-16.675,55.1999999999999));
#5854=CARTESIAN_POINT('',(196.80364973081,-18.175,55.1999999999999));
#5855=CARTESIAN_POINT('',(144.704949865405,-18.175,55.1999999999999));
#5856=CARTESIAN_POINT('',(196.80364973081,-16.675,55.1999999999999));
#5857=CARTESIAN_POINT('',(144.704949865405,-16.675,55.1999999999999));
#5858=CARTESIAN_POINT('',(196.80364973081,-16.675,55.1999999999999));
#5859=CARTESIAN_POINT('Origin',(196.80364973081,-16.675,53.2));
#5860=CARTESIAN_POINT('',(198.535700538379,-18.175,54.1999999999999));
#5861=CARTESIAN_POINT('Origin',(196.80364973081,-18.175,53.2));
#5862=CARTESIAN_POINT('',(198.535700538379,-16.675,54.1999999999999));
#5863=CARTESIAN_POINT('Origin',(196.80364973081,-16.675,53.2));
#5864=CARTESIAN_POINT('',(198.535700538379,-16.675,54.1999999999999));
#5865=CARTESIAN_POINT('Origin',(200.845101615138,-16.675,50.1999999999999));
#5866=CARTESIAN_POINT('',(200.845101615138,-18.175,50.1999999999999));
#5867=CARTESIAN_POINT('',(178.097487271715,-18.175,89.6000237937908));
#5868=CARTESIAN_POINT('',(200.845101615138,-16.675,50.1999999999999));
#5869=CARTESIAN_POINT('',(178.097487271715,-16.675,89.6000237937908));
#5870=CARTESIAN_POINT('',(200.845101615138,-16.675,50.1999999999999));
#5871=CARTESIAN_POINT('Origin',(208.916898384862,-16.675,50.1999999999999));
#5872=CARTESIAN_POINT('',(208.916898384862,-18.175,50.1999999999999));
#5873=CARTESIAN_POINT('',(150.761574192431,-18.175,50.1999999999999));
#5874=CARTESIAN_POINT('',(208.916898384862,-16.675,50.1999999999999));
#5875=CARTESIAN_POINT('',(150.761574192431,-16.675,50.1999999999999));
#5876=CARTESIAN_POINT('',(208.916898384862,-16.675,50.1999999999999));
#5877=CARTESIAN_POINT('Origin',(211.226299461621,-16.675,54.1999999999999));
#5878=CARTESIAN_POINT('',(211.226299461621,-18.175,54.1999999999999));
#5879=CARTESIAN_POINT('',(204.750525766664,-18.175,42.9836309420172));
#5880=CARTESIAN_POINT('',(211.226299461621,-16.675,54.1999999999999));
#5881=CARTESIAN_POINT('',(204.750525766664,-16.675,42.9836309420172));
#5882=CARTESIAN_POINT('',(211.226299461621,-16.675,54.1999999999999));
#5883=CARTESIAN_POINT('Origin',(212.95835026919,-16.675,53.1999999999999));
#5884=CARTESIAN_POINT('',(212.95835026919,-18.175,55.1999999999999));
#5885=CARTESIAN_POINT('Origin',(212.95835026919,-18.175,53.1999999999999));
#5886=CARTESIAN_POINT('',(212.95835026919,-16.675,55.1999999999999));
#5887=CARTESIAN_POINT('Origin',(212.95835026919,-16.675,53.1999999999999));
#5888=CARTESIAN_POINT('',(212.95835026919,-16.675,55.1999999999999));
#5889=CARTESIAN_POINT('Origin',(213.024999999999,-16.675,55.1999999999999));
#5890=CARTESIAN_POINT('',(213.024999999999,-18.175,55.2));
#5891=CARTESIAN_POINT('',(152.815625000005,-18.175,55.1999999999839));
#5892=CARTESIAN_POINT('',(213.024999999999,-16.675,55.2));
#5893=CARTESIAN_POINT('',(152.815625000005,-16.675,55.1999999999839));
#5894=CARTESIAN_POINT('',(213.024999999999,-16.675,55.2));
#5895=CARTESIAN_POINT('Origin',(213.025,-16.675,55.7));
#5896=CARTESIAN_POINT('',(213.525,-18.175,55.7));
#5897=CARTESIAN_POINT('Origin',(213.025,-18.175,55.7));
#5898=CARTESIAN_POINT('',(213.525,-16.675,55.7));
#5899=CARTESIAN_POINT('Origin',(213.025,-16.675,55.7));
#5900=CARTESIAN_POINT('',(213.525,-16.675,55.7));
#5901=CARTESIAN_POINT('Origin',(213.525,-16.675,129.85));
#5902=CARTESIAN_POINT('',(213.525,-18.175,129.85));
#5903=CARTESIAN_POINT('',(213.525,-18.175,111.3125));
#5904=CARTESIAN_POINT('',(213.525,-16.675,129.85));
#5905=CARTESIAN_POINT('',(213.525,-16.675,111.3125));
#5906=CARTESIAN_POINT('',(213.525,-16.675,129.85));
#5907=CARTESIAN_POINT('Origin',(213.025,-16.675,129.85));
#5908=CARTESIAN_POINT('',(213.025,-18.175,130.35));
#5909=CARTESIAN_POINT('Origin',(213.025,-18.175,129.85));
#5910=CARTESIAN_POINT('',(213.025,-16.675,130.35));
#5911=CARTESIAN_POINT('Origin',(213.025,-16.675,129.85));
#5912=CARTESIAN_POINT('',(213.025,-16.675,130.35));
#5913=CARTESIAN_POINT('Origin',(212.958350269189,-16.675,130.35));
#5914=CARTESIAN_POINT('',(212.958350269189,-18.175,130.35));
#5915=CARTESIAN_POINT('',(152.7823001346,-18.175,130.350000000016));
#5916=CARTESIAN_POINT('',(212.958350269189,-16.675,130.35));
#5917=CARTESIAN_POINT('',(152.7823001346,-16.675,130.350000000016));
#5918=CARTESIAN_POINT('',(212.958350269189,-16.675,130.35));
#5919=CARTESIAN_POINT('Origin',(212.95835026919,-16.675,132.35));
#5920=CARTESIAN_POINT('',(211.226299461621,-18.175,131.35));
#5921=CARTESIAN_POINT('Origin',(212.95835026919,-18.175,132.35));
#5922=CARTESIAN_POINT('',(211.226299461621,-16.675,131.35));
#5923=CARTESIAN_POINT('Origin',(212.95835026919,-16.675,132.35));
#5924=CARTESIAN_POINT('',(211.226299461621,-16.675,131.35));
#5925=CARTESIAN_POINT('Origin',(208.916898384862,-16.675,135.35));
#5926=CARTESIAN_POINT('',(208.916898384862,-18.175,135.35));
#5927=CARTESIAN_POINT('',(203.595825228285,-18.175,144.566369057982));
#5928=CARTESIAN_POINT('',(208.916898384862,-16.675,135.35));
#5929=CARTESIAN_POINT('',(203.595825228285,-16.675,144.566369057982));
#5930=CARTESIAN_POINT('',(208.916898384862,-16.675,135.35));
#5931=CARTESIAN_POINT('Origin',(200.845101615138,-16.675,135.35));
#5932=CARTESIAN_POINT('',(200.845101615138,-18.175,135.35));
#5933=CARTESIAN_POINT('',(146.725675807569,-18.175,135.35));
#5934=CARTESIAN_POINT('',(200.845101615138,-16.675,135.35));
#5935=CARTESIAN_POINT('',(146.725675807569,-16.675,135.35));
#5936=CARTESIAN_POINT('',(200.845101615138,-16.675,135.35));
#5937=CARTESIAN_POINT('Origin',(198.535700538379,-16.675,131.35));
#5938=CARTESIAN_POINT('',(198.535700538379,-18.175,131.35));
#5939=CARTESIAN_POINT('',(176.942786733336,-18.175,93.9499762062091));
#5940=CARTESIAN_POINT('',(198.535700538379,-16.675,131.35));
#5941=CARTESIAN_POINT('',(176.942786733336,-16.675,93.9499762062091));
#5942=CARTESIAN_POINT('',(198.535700538379,-16.675,131.35));
#5943=CARTESIAN_POINT('Origin',(196.80364973081,-16.675,132.35));
#5944=CARTESIAN_POINT('',(196.80364973081,-18.175,130.35));
#5945=CARTESIAN_POINT('Origin',(196.80364973081,-18.175,132.35));
#5946=CARTESIAN_POINT('',(196.80364973081,-16.675,130.35));
#5947=CARTESIAN_POINT('Origin',(196.80364973081,-16.675,132.35));
#5948=CARTESIAN_POINT('',(196.80364973081,-16.675,130.35));
#5949=CARTESIAN_POINT('Origin',(-11.5911497308105,-16.675,130.35));
#5950=CARTESIAN_POINT('',(-11.5911497308105,-18.175,130.35));
#5951=CARTESIAN_POINT('',(40.5075501345948,-18.175,130.35));
#5952=CARTESIAN_POINT('',(-11.5911497308105,-16.675,130.35));
#5953=CARTESIAN_POINT('',(40.5075501345948,-16.675,130.35));
#5954=CARTESIAN_POINT('',(-11.5911497308105,-16.675,130.35));
#5955=CARTESIAN_POINT('Origin',(-11.5911497308105,-16.675,132.35));
#5956=CARTESIAN_POINT('',(-13.3232005383793,-18.175,131.35));
#5957=CARTESIAN_POINT('Origin',(-11.5911497308105,-18.175,132.35));
#5958=CARTESIAN_POINT('',(-13.3232005383793,-16.675,131.35));
#5959=CARTESIAN_POINT('Origin',(-11.5911497308105,-16.675,132.35));
#5960=CARTESIAN_POINT('',(-13.3232005383793,-16.675,131.35));
#5961=CARTESIAN_POINT('Origin',(-15.6326016151378,-16.675,135.35));
#5962=CARTESIAN_POINT('',(-15.6326016151378,-18.175,135.35));
#5963=CARTESIAN_POINT('',(7.11501272828502,-18.175,95.949976206209));
#5964=CARTESIAN_POINT('',(-15.6326016151378,-16.675,135.35));
#5965=CARTESIAN_POINT('',(7.11501272828502,-16.675,95.949976206209));
#5966=CARTESIAN_POINT('',(-15.6326016151378,-16.675,135.35));
#5967=CARTESIAN_POINT('Origin',(-23.7043983848623,-16.675,135.35));
#5968=CARTESIAN_POINT('',(-23.7043983848623,-18.175,135.35));
#5969=CARTESIAN_POINT('',(34.4509258075688,-18.175,135.35));
#5970=CARTESIAN_POINT('',(-23.7043983848623,-16.675,135.35));
#5971=CARTESIAN_POINT('',(34.4509258075688,-16.675,135.35));
#5972=CARTESIAN_POINT('',(-23.7043983848623,-16.675,135.35));
#5973=CARTESIAN_POINT('Origin',(-26.0137994616208,-16.675,131.35));
#5974=CARTESIAN_POINT('',(-26.0137994616208,-18.175,131.35));
#5975=CARTESIAN_POINT('',(-19.5380257666646,-18.175,142.566369057982));
#5976=CARTESIAN_POINT('',(-26.0137994616208,-16.675,131.35));
#5977=CARTESIAN_POINT('',(-19.5380257666646,-16.675,142.566369057982));
#5978=CARTESIAN_POINT('',(-26.0137994616208,-16.675,131.35));
#5979=CARTESIAN_POINT('Origin',(-27.7458502691897,-16.675,132.35));
#5980=CARTESIAN_POINT('',(-27.7458502691897,-18.175,130.35));
#5981=CARTESIAN_POINT('Origin',(-27.7458502691897,-18.175,132.35));
#5982=CARTESIAN_POINT('',(-27.7458502691897,-16.675,130.35));
#5983=CARTESIAN_POINT('Origin',(-27.7458502691897,-16.675,132.35));
#5984=CARTESIAN_POINT('',(-27.7458502691897,-16.675,130.35));
#5985=CARTESIAN_POINT('Origin',(-27.8124999999998,-16.675,130.35));
#5986=CARTESIAN_POINT('',(-27.8124999999998,-18.175,130.35));
#5987=CARTESIAN_POINT('',(32.3968749999901,-18.175,130.350000000032));
#5988=CARTESIAN_POINT('',(-27.8124999999998,-16.675,130.35));
#5989=CARTESIAN_POINT('',(32.3968749999901,-16.675,130.350000000032));
#5990=CARTESIAN_POINT('',(-27.8124999999998,-16.675,130.35));
#5991=CARTESIAN_POINT('Origin',(-27.8125,-16.675,129.85));
#5992=CARTESIAN_POINT('',(-28.3125,-18.175,129.85));
#5993=CARTESIAN_POINT('Origin',(-27.8125,-18.175,129.85));
#5994=CARTESIAN_POINT('',(-28.3125,-16.675,129.85));
#5995=CARTESIAN_POINT('Origin',(-27.8125,-16.675,129.85));
#5996=CARTESIAN_POINT('',(-28.3125,-16.675,129.85));
#5997=CARTESIAN_POINT('Origin',(-28.3125,-16.675,55.7));
#5998=CARTESIAN_POINT('',(-28.3125,-18.175,55.6999999999999));
#5999=CARTESIAN_POINT('',(-28.3125,-18.175,74.2375));
#6000=CARTESIAN_POINT('',(-28.3125,-16.675,55.6999999999999));
#6001=CARTESIAN_POINT('',(-28.3125,-16.675,74.2375));
#6002=CARTESIAN_POINT('',(-28.3125,-16.675,55.6999999999999));
#6003=CARTESIAN_POINT('Origin',(-27.8125,-16.675,55.7));
#6004=CARTESIAN_POINT('',(-27.8125,-18.175,55.2));
#6005=CARTESIAN_POINT('Origin',(-27.8125,-18.175,55.7));
#6006=CARTESIAN_POINT('',(-27.8125,-16.675,55.2));
#6007=CARTESIAN_POINT('Origin',(-27.8125,-16.675,55.7));
#6008=CARTESIAN_POINT('',(-27.8125,-16.675,55.2));
#6009=CARTESIAN_POINT('Origin',(-27.7458502691896,-16.675,55.2));
#6010=CARTESIAN_POINT('',(-27.7458502691896,-18.175,55.2));
#6011=CARTESIAN_POINT('',(32.4301998654027,-18.175,55.1999999999919));
#6012=CARTESIAN_POINT('',(-27.7458502691896,-16.675,55.2));
#6013=CARTESIAN_POINT('',(32.4301998654027,-16.675,55.1999999999919));
#6014=CARTESIAN_POINT('',(-27.7458502691896,-16.675,55.2));
#6015=CARTESIAN_POINT('Origin',(-27.7458502691897,-16.675,53.2));
#6016=CARTESIAN_POINT('Origin',(-27.7458502691897,-18.175,53.2));
#6017=CARTESIAN_POINT('Origin',(-27.7458502691897,-16.675,53.2));
#6018=CARTESIAN_POINT('Origin',(60.9995,-18.175,56.7));
#6019=CARTESIAN_POINT('',(60.4995,-18.175,56.7));
#6020=CARTESIAN_POINT('',(60.9995,-18.175,56.2));
#6021=CARTESIAN_POINT('Origin',(60.9995,-18.175,56.7));
#6022=CARTESIAN_POINT('',(60.9995,-16.675,56.2));
#6023=CARTESIAN_POINT('',(60.9995,-18.175,56.2));
#6024=CARTESIAN_POINT('',(60.4995,-16.675,56.7));
#6025=CARTESIAN_POINT('Origin',(60.9995,-16.675,56.7));
#6026=CARTESIAN_POINT('',(60.4995,-18.175,56.7));
#6027=CARTESIAN_POINT('Origin',(125.35675,-18.175,56.2));
#6028=CARTESIAN_POINT('',(66.9995,-18.175,56.2));
#6029=CARTESIAN_POINT('',(66.9995,-18.175,56.2));
#6030=CARTESIAN_POINT('',(66.9995,-16.675,56.2));
#6031=CARTESIAN_POINT('',(66.9995,-18.175,56.2));
#6032=CARTESIAN_POINT('',(66.9995,-16.675,56.2));
#6033=CARTESIAN_POINT('Origin',(66.9995,-18.175,56.7));
#6034=CARTESIAN_POINT('',(67.4995,-16.675,56.7));
#6035=CARTESIAN_POINT('Origin',(66.9995,-16.675,56.7));
#6036=CARTESIAN_POINT('',(67.4995,-18.175,56.7));
#6037=CARTESIAN_POINT('Origin',(66.9995,-18.175,56.7));
#6038=CARTESIAN_POINT('',(67.4995,-18.175,56.7));
#6039=CARTESIAN_POINT('Origin',(84.8755,-18.175,56.7));
#6040=CARTESIAN_POINT('',(84.3755,-18.175,56.7));
#6041=CARTESIAN_POINT('',(84.8755,-18.175,56.2));
#6042=CARTESIAN_POINT('Origin',(84.8755,-18.175,56.7));
#6043=CARTESIAN_POINT('',(84.8755,-16.675,56.2));
#6044=CARTESIAN_POINT('',(84.8755,-18.175,56.2));
#6045=CARTESIAN_POINT('',(84.3755,-16.675,56.7));
#6046=CARTESIAN_POINT('Origin',(84.8755,-16.675,56.7));
#6047=CARTESIAN_POINT('',(84.3755,-18.175,56.7));
#6048=CARTESIAN_POINT('Origin',(125.35675,-18.175,56.2));
#6049=CARTESIAN_POINT('',(90.8755,-18.175,56.2));
#6050=CARTESIAN_POINT('',(90.8755,-18.175,56.2));
#6051=CARTESIAN_POINT('',(90.8755,-16.675,56.2));
#6052=CARTESIAN_POINT('',(90.8755,-18.175,56.2));
#6053=CARTESIAN_POINT('',(90.8755,-16.675,56.2));
#6054=CARTESIAN_POINT('Origin',(90.8755,-18.175,56.7));
#6055=CARTESIAN_POINT('',(91.3755,-16.675,56.7));
#6056=CARTESIAN_POINT('Origin',(90.8755,-16.675,56.7));
#6057=CARTESIAN_POINT('',(91.3755,-18.175,56.7));
#6058=CARTESIAN_POINT('Origin',(90.8755,-18.175,56.7));
#6059=CARTESIAN_POINT('',(91.3755,-18.175,56.7));
#6060=CARTESIAN_POINT('Origin',(101.48075,-18.175,56.7));
#6061=CARTESIAN_POINT('',(100.98075,-18.175,56.7));
#6062=CARTESIAN_POINT('',(101.48075,-18.175,56.2));
#6063=CARTESIAN_POINT('Origin',(101.48075,-18.175,56.7));
#6064=CARTESIAN_POINT('',(101.48075,-16.675,56.2));
#6065=CARTESIAN_POINT('',(101.48075,-18.175,56.2));
#6066=CARTESIAN_POINT('',(100.98075,-16.675,56.7));
#6067=CARTESIAN_POINT('Origin',(101.48075,-16.675,56.7));
#6068=CARTESIAN_POINT('',(100.98075,-18.175,56.7));
#6069=CARTESIAN_POINT('Origin',(125.35675,-18.175,56.2));
#6070=CARTESIAN_POINT('',(107.48075,-18.175,56.2));
#6071=CARTESIAN_POINT('',(107.48075,-18.175,56.2));
#6072=CARTESIAN_POINT('',(107.48075,-16.675,56.2));
#6073=CARTESIAN_POINT('',(107.48075,-18.175,56.2));
#6074=CARTESIAN_POINT('',(107.48075,-16.675,56.2));
#6075=CARTESIAN_POINT('Origin',(107.48075,-18.175,56.7));
#6076=CARTESIAN_POINT('',(107.98075,-16.675,56.7));
#6077=CARTESIAN_POINT('Origin',(107.48075,-16.675,56.7));
#6078=CARTESIAN_POINT('',(107.98075,-18.175,56.7));
#6079=CARTESIAN_POINT('Origin',(107.48075,-18.175,56.7));
#6080=CARTESIAN_POINT('',(107.98075,-18.175,56.7));
#6081=CARTESIAN_POINT('Origin',(125.35675,-18.175,56.7));
#6082=CARTESIAN_POINT('',(124.85675,-18.175,56.7));
#6083=CARTESIAN_POINT('',(125.35675,-18.175,56.2));
#6084=CARTESIAN_POINT('Origin',(125.35675,-18.175,56.7));
#6085=CARTESIAN_POINT('',(125.35675,-16.675,56.2));
#6086=CARTESIAN_POINT('',(125.35675,-18.175,56.2));
#6087=CARTESIAN_POINT('',(124.85675,-16.675,56.7));
#6088=CARTESIAN_POINT('Origin',(125.35675,-16.675,56.7));
#6089=CARTESIAN_POINT('',(124.85675,-18.175,56.7));
#6090=CARTESIAN_POINT('Origin',(125.35675,-18.175,56.2));
#6091=CARTESIAN_POINT('',(131.35675,-18.175,56.2));
#6092=CARTESIAN_POINT('',(131.35675,-18.175,56.2));
#6093=CARTESIAN_POINT('',(131.35675,-16.675,56.2));
#6094=CARTESIAN_POINT('',(131.35675,-18.175,56.2));
#6095=CARTESIAN_POINT('',(131.35675,-16.675,56.2));
#6096=CARTESIAN_POINT('Origin',(131.35675,-18.175,56.6999999999999));
#6097=CARTESIAN_POINT('',(131.85675,-18.175,56.6999999999999));
#6098=CARTESIAN_POINT('Origin',(131.35675,-18.175,56.6999999999999));
#6099=CARTESIAN_POINT('',(131.85675,-16.675,56.6999999999999));
#6100=CARTESIAN_POINT('',(131.85675,-18.175,56.6999999999999));
#6101=CARTESIAN_POINT('Origin',(131.35675,-16.675,56.6999999999999));
#6102=CARTESIAN_POINT('Origin',(131.85675,-18.175,55.7));
#6103=CARTESIAN_POINT('',(131.85675,-18.175,72.7));
#6104=CARTESIAN_POINT('',(131.85675,-18.175,69.7));
#6105=CARTESIAN_POINT('',(131.85675,-16.675,72.7));
#6106=CARTESIAN_POINT('',(131.85675,-18.175,72.7));
#6107=CARTESIAN_POINT('',(131.85675,-16.675,69.7));
#6108=CARTESIAN_POINT('Origin',(60.4995,-18.175,72.7));
#6109=CARTESIAN_POINT('',(60.4995,-16.675,72.7));
#6110=CARTESIAN_POINT('',(60.4995,-16.675,69.7));
#6111=CARTESIAN_POINT('',(60.4995,-18.175,72.7));
#6112=CARTESIAN_POINT('',(60.4995,-18.175,72.7));
#6113=CARTESIAN_POINT('',(60.4995,-18.175,69.7));
#6114=CARTESIAN_POINT('Origin',(84.3755,-18.175,72.7));
#6115=CARTESIAN_POINT('',(84.3755,-16.675,72.7));
#6116=CARTESIAN_POINT('',(84.3755,-16.675,69.7));
#6117=CARTESIAN_POINT('',(84.3755,-18.175,72.7));
#6118=CARTESIAN_POINT('',(84.3755,-18.175,72.7));
#6119=CARTESIAN_POINT('',(84.3755,-18.175,69.7));
#6120=CARTESIAN_POINT('Origin',(100.98075,-18.175,72.7));
#6121=CARTESIAN_POINT('',(100.98075,-16.675,72.7));
#6122=CARTESIAN_POINT('',(100.98075,-16.675,69.7));
#6123=CARTESIAN_POINT('',(100.98075,-18.175,72.7));
#6124=CARTESIAN_POINT('',(100.98075,-18.175,72.7));
#6125=CARTESIAN_POINT('',(100.98075,-18.175,69.7));
#6126=CARTESIAN_POINT('Origin',(124.85675,-18.175,72.7));
#6127=CARTESIAN_POINT('',(124.85675,-16.675,72.7));
#6128=CARTESIAN_POINT('',(124.85675,-16.675,72.7));
#6129=CARTESIAN_POINT('',(124.85675,-18.175,72.7));
#6130=CARTESIAN_POINT('',(124.85675,-18.175,72.7));
#6131=CARTESIAN_POINT('',(124.85675,-18.175,72.7));
#6132=CARTESIAN_POINT('Origin',(67.4995,-18.175,55.7));
#6133=CARTESIAN_POINT('',(67.4995,-18.175,72.7));
#6134=CARTESIAN_POINT('',(67.4995,-18.175,69.7));
#6135=CARTESIAN_POINT('',(67.4995,-16.675,72.7));
#6136=CARTESIAN_POINT('',(67.4995,-18.175,72.7));
#6137=CARTESIAN_POINT('',(67.4995,-16.675,69.7));
#6138=CARTESIAN_POINT('Origin',(91.3755,-18.175,55.7));
#6139=CARTESIAN_POINT('',(91.3755,-18.175,72.7));
#6140=CARTESIAN_POINT('',(91.3755,-18.175,69.7));
#6141=CARTESIAN_POINT('',(91.3755,-16.675,72.7));
#6142=CARTESIAN_POINT('',(91.3755,-18.175,72.7));
#6143=CARTESIAN_POINT('',(91.3755,-16.675,69.7));
#6144=CARTESIAN_POINT('Origin',(107.98075,-18.175,55.7));
#6145=CARTESIAN_POINT('',(107.98075,-18.175,72.7));
#6146=CARTESIAN_POINT('',(107.98075,-18.175,69.7));
#6147=CARTESIAN_POINT('',(107.98075,-16.675,72.7));
#6148=CARTESIAN_POINT('',(107.98075,-18.175,72.7));
#6149=CARTESIAN_POINT('',(107.98075,-16.675,69.7));
#6150=CARTESIAN_POINT('Origin',(2.76250000000001,-18.175,95.2999999999999));
#6151=CARTESIAN_POINT('',(11.7875,-18.175,95.3));
#6152=CARTESIAN_POINT('',(11.7875,-16.675,95.3));
#6153=CARTESIAN_POINT('',(11.7875,-17.425,95.3));
#6154=CARTESIAN_POINT('',(2.76250000000001,-16.675,95.3));
#6155=CARTESIAN_POINT('',(15.7625,-16.675,95.3));
#6156=CARTESIAN_POINT('',(2.76250000000001,-18.175,95.3));
#6157=CARTESIAN_POINT('',(2.76250000000001,-18.175,95.3));
#6158=CARTESIAN_POINT('',(15.7625,-18.175,95.3));
#6159=CARTESIAN_POINT('Origin',(92.60625,-18.175,92.775));
#6160=CARTESIAN_POINT('',(101.48075,-18.175,73.2));
#6161=CARTESIAN_POINT('Origin',(101.48075,-18.175,72.6999999999999));
#6162=CARTESIAN_POINT('',(107.48075,-18.175,73.2));
#6163=CARTESIAN_POINT('',(101.48075,-18.175,73.2));
#6164=CARTESIAN_POINT('Origin',(107.48075,-18.175,72.7));
#6165=CARTESIAN_POINT('',(84.8755,-18.175,73.2));
#6166=CARTESIAN_POINT('Origin',(84.8755,-18.175,72.6999999999999));
#6167=CARTESIAN_POINT('',(90.8755,-18.175,73.2));
#6168=CARTESIAN_POINT('',(84.8755,-18.175,73.2));
#6169=CARTESIAN_POINT('Origin',(90.8755,-18.175,72.7));
#6170=CARTESIAN_POINT('',(60.9995,-18.175,73.2));
#6171=CARTESIAN_POINT('Origin',(60.9995,-18.175,72.7));
#6172=CARTESIAN_POINT('',(66.9995,-18.175,73.2));
#6173=CARTESIAN_POINT('',(66.9995,-18.175,73.2));
#6174=CARTESIAN_POINT('Origin',(66.9995,-18.175,72.7));
#6175=CARTESIAN_POINT('',(125.35675,-18.175,73.2));
#6176=CARTESIAN_POINT('Origin',(125.35675,-18.175,72.7));
#6177=CARTESIAN_POINT('',(131.35675,-18.175,73.2));
#6178=CARTESIAN_POINT('',(131.35675,-18.175,73.2));
#6179=CARTESIAN_POINT('Origin',(131.35675,-18.175,72.6999999999999));
#6180=CARTESIAN_POINT('',(25.2875,-18.175,71.2));
#6181=CARTESIAN_POINT('',(12.2875,-18.175,71.2));
#6182=CARTESIAN_POINT('',(25.2875,-18.175,71.2));
#6183=CARTESIAN_POINT('',(25.7875,-18.175,70.7));
#6184=CARTESIAN_POINT('Origin',(25.2875,-18.175,70.7));
#6185=CARTESIAN_POINT('',(25.7875,-18.175,57.7));
#6186=CARTESIAN_POINT('',(25.7875,-18.175,70.7));
#6187=CARTESIAN_POINT('',(25.2875,-18.175,57.2));
#6188=CARTESIAN_POINT('Origin',(25.2875,-18.175,57.7));
#6189=CARTESIAN_POINT('',(12.2875,-18.175,57.2));
#6190=CARTESIAN_POINT('',(25.2875,-18.175,57.2));
#6191=CARTESIAN_POINT('',(11.7875,-18.175,57.7));
#6192=CARTESIAN_POINT('Origin',(12.2875,-18.175,57.7));
#6193=CARTESIAN_POINT('',(11.7875,-18.175,70.7));
#6194=CARTESIAN_POINT('',(11.7875,-18.175,70.7));
#6195=CARTESIAN_POINT('Origin',(12.2875,-18.175,70.7));
#6196=CARTESIAN_POINT('',(191.975,-18.175,71.1999999999999));
#6197=CARTESIAN_POINT('',(159.925,-18.175,71.1999999999999));
#6198=CARTESIAN_POINT('',(191.975,-18.175,71.1999999999999));
#6199=CARTESIAN_POINT('',(192.475,-18.175,70.7));
#6200=CARTESIAN_POINT('Origin',(191.975,-18.175,70.7));
#6201=CARTESIAN_POINT('',(192.475,-18.175,57.7));
#6202=CARTESIAN_POINT('',(192.475,-18.175,70.7));
#6203=CARTESIAN_POINT('',(191.975,-18.175,57.2));
#6204=CARTESIAN_POINT('Origin',(191.975,-18.175,57.7));
#6205=CARTESIAN_POINT('',(159.925,-18.175,57.2));
#6206=CARTESIAN_POINT('',(172.925,-18.175,57.2));
#6207=CARTESIAN_POINT('',(159.425,-18.175,57.7));
#6208=CARTESIAN_POINT('Origin',(159.925,-18.175,57.7));
#6209=CARTESIAN_POINT('',(159.425,-18.175,70.7));
#6210=CARTESIAN_POINT('',(159.425,-18.175,70.7));
#6211=CARTESIAN_POINT('Origin',(159.925,-18.175,70.7));
#6212=CARTESIAN_POINT('',(82.4375,-18.175,71.2));
#6213=CARTESIAN_POINT('',(69.4375,-18.175,71.2));
#6214=CARTESIAN_POINT('',(82.4375,-18.175,71.2));
#6215=CARTESIAN_POINT('',(82.9375,-18.175,70.7));
#6216=CARTESIAN_POINT('Origin',(82.4375,-18.175,70.7));
#6217=CARTESIAN_POINT('',(82.9375,-18.175,57.7));
#6218=CARTESIAN_POINT('',(82.9375,-18.175,70.7));
#6219=CARTESIAN_POINT('',(82.4375,-18.175,57.2));
#6220=CARTESIAN_POINT('Origin',(82.4375,-18.175,57.7));
#6221=CARTESIAN_POINT('',(69.4375,-18.175,57.2));
#6222=CARTESIAN_POINT('',(82.4375,-18.175,57.2));
#6223=CARTESIAN_POINT('',(68.9375,-18.175,57.7));
#6224=CARTESIAN_POINT('Origin',(69.4375,-18.175,57.7));
#6225=CARTESIAN_POINT('',(68.9375,-18.175,70.7));
#6226=CARTESIAN_POINT('',(68.9375,-18.175,70.7));
#6227=CARTESIAN_POINT('Origin',(69.4375,-18.175,70.7));
#6228=CARTESIAN_POINT('',(156.25625,-18.175,71.1999999999999));
#6229=CARTESIAN_POINT('',(140.875,-18.175,71.1999999999999));
#6230=CARTESIAN_POINT('',(153.875,-18.175,71.1999999999999));
#6231=CARTESIAN_POINT('',(156.75625,-18.175,70.7));
#6232=CARTESIAN_POINT('Origin',(156.25625,-18.175,70.7));
#6233=CARTESIAN_POINT('',(156.75625,-18.175,57.7));
#6234=CARTESIAN_POINT('',(156.75625,-18.175,70.7));
#6235=CARTESIAN_POINT('',(156.25625,-18.175,57.2));
#6236=CARTESIAN_POINT('Origin',(156.25625,-18.175,57.7));
#6237=CARTESIAN_POINT('',(140.875,-18.175,57.2));
#6238=CARTESIAN_POINT('',(153.875,-18.175,57.2));
#6239=CARTESIAN_POINT('',(140.375,-18.175,57.7));
#6240=CARTESIAN_POINT('Origin',(140.875,-18.175,57.7));
#6241=CARTESIAN_POINT('',(140.375,-18.175,70.7));
#6242=CARTESIAN_POINT('',(140.375,-18.175,70.7));
#6243=CARTESIAN_POINT('Origin',(140.875,-18.175,70.7));
#6244=CARTESIAN_POINT('',(6.23750000000001,-18.175,71.2));
#6245=CARTESIAN_POINT('',(-25.8125,-18.175,71.2));
#6246=CARTESIAN_POINT('',(6.23750000000001,-18.175,71.2));
#6247=CARTESIAN_POINT('',(6.73750000000002,-18.175,70.7));
#6248=CARTESIAN_POINT('Origin',(6.23750000000001,-18.175,70.7));
#6249=CARTESIAN_POINT('',(6.73749999999998,-18.175,57.7));
#6250=CARTESIAN_POINT('',(6.73749999999998,-18.175,70.7));
#6251=CARTESIAN_POINT('',(6.23750000000001,-18.175,57.2));
#6252=CARTESIAN_POINT('Origin',(6.23750000000001,-18.175,57.7));
#6253=CARTESIAN_POINT('',(-25.8125,-18.175,57.2));
#6254=CARTESIAN_POINT('',(-12.8125,-18.175,57.2));
#6255=CARTESIAN_POINT('',(-26.3125,-18.175,57.7));
#6256=CARTESIAN_POINT('Origin',(-25.8125,-18.175,57.7));
#6257=CARTESIAN_POINT('',(-26.3125,-18.175,70.7));
#6258=CARTESIAN_POINT('',(-26.3125,-18.175,70.7));
#6259=CARTESIAN_POINT('Origin',(-25.8125,-18.175,70.7));
#6260=CARTESIAN_POINT('',(122.91875,-18.175,71.2));
#6261=CARTESIAN_POINT('',(109.91875,-18.175,71.2));
#6262=CARTESIAN_POINT('',(122.91875,-18.175,71.2));
#6263=CARTESIAN_POINT('',(123.41875,-18.175,70.7));
#6264=CARTESIAN_POINT('Origin',(122.91875,-18.175,70.7));
#6265=CARTESIAN_POINT('',(123.41875,-18.175,57.7));
#6266=CARTESIAN_POINT('',(123.41875,-18.175,70.7));
#6267=CARTESIAN_POINT('',(122.91875,-18.175,57.2));
#6268=CARTESIAN_POINT('Origin',(122.91875,-18.175,57.7));
#6269=CARTESIAN_POINT('',(109.91875,-18.175,57.2));
#6270=CARTESIAN_POINT('',(122.91875,-18.175,57.2));
#6271=CARTESIAN_POINT('',(109.41875,-18.175,57.7));
#6272=CARTESIAN_POINT('Origin',(109.91875,-18.175,57.7));
#6273=CARTESIAN_POINT('',(109.41875,-18.175,70.7));
#6274=CARTESIAN_POINT('',(109.41875,-18.175,70.7));
#6275=CARTESIAN_POINT('Origin',(109.91875,-18.175,70.7));
#6276=CARTESIAN_POINT('',(211.025,-18.175,71.1999999999999));
#6277=CARTESIAN_POINT('',(195.64375,-18.175,71.1999999999999));
#6278=CARTESIAN_POINT('',(211.025,-18.175,71.1999999999999));
#6279=CARTESIAN_POINT('',(211.525,-18.175,70.7));
#6280=CARTESIAN_POINT('Origin',(211.025,-18.175,70.7));
#6281=CARTESIAN_POINT('',(211.525,-18.175,57.7));
#6282=CARTESIAN_POINT('',(211.525,-18.175,70.7));
#6283=CARTESIAN_POINT('',(211.025,-18.175,57.2));
#6284=CARTESIAN_POINT('Origin',(211.025,-18.175,57.7));
#6285=CARTESIAN_POINT('',(195.64375,-18.175,57.2));
#6286=CARTESIAN_POINT('',(208.64375,-18.175,57.2));
#6287=CARTESIAN_POINT('',(195.14375,-18.175,57.7));
#6288=CARTESIAN_POINT('Origin',(195.64375,-18.175,57.7));
#6289=CARTESIAN_POINT('',(195.14375,-18.175,70.7));
#6290=CARTESIAN_POINT('',(195.14375,-18.175,70.7));
#6291=CARTESIAN_POINT('Origin',(195.64375,-18.175,70.7));
#6292=CARTESIAN_POINT('',(51.48125,-18.175,71.2));
#6293=CARTESIAN_POINT('',(51.98125,-18.175,70.7));
#6294=CARTESIAN_POINT('Origin',(51.48125,-18.175,70.7));
#6295=CARTESIAN_POINT('',(51.98125,-18.175,57.7));
#6296=CARTESIAN_POINT('',(51.98125,-18.175,70.7));
#6297=CARTESIAN_POINT('',(51.48125,-18.175,57.2));
#6298=CARTESIAN_POINT('Origin',(51.48125,-18.175,57.7));
#6299=CARTESIAN_POINT('',(36.1,-18.175,57.2));
#6300=CARTESIAN_POINT('',(49.1,-18.175,57.2));
#6301=CARTESIAN_POINT('',(35.6,-18.175,57.7));
#6302=CARTESIAN_POINT('Origin',(36.1,-18.175,57.7));
#6303=CARTESIAN_POINT('',(35.6,-18.175,70.7));
#6304=CARTESIAN_POINT('',(35.6,-18.175,70.7));
#6305=CARTESIAN_POINT('',(36.1,-18.175,71.2));
#6306=CARTESIAN_POINT('Origin',(36.1,-18.175,70.7));
#6307=CARTESIAN_POINT('',(51.48125,-18.175,71.2));
#6308=CARTESIAN_POINT('',(208.64375,-18.175,109.3));
#6309=CARTESIAN_POINT('',(195.64375,-18.175,109.3));
#6310=CARTESIAN_POINT('',(208.64375,-18.175,109.3));
#6311=CARTESIAN_POINT('',(209.14375,-18.175,108.8));
#6312=CARTESIAN_POINT('Origin',(208.64375,-18.175,108.8));
#6313=CARTESIAN_POINT('',(209.14375,-18.175,95.8));
#6314=CARTESIAN_POINT('',(209.14375,-18.175,108.8));
#6315=CARTESIAN_POINT('',(208.64375,-18.175,95.2999999999999));
#6316=CARTESIAN_POINT('Origin',(208.64375,-18.175,95.8));
#6317=CARTESIAN_POINT('',(195.64375,-18.175,95.2999999999999));
#6318=CARTESIAN_POINT('',(208.64375,-18.175,95.2999999999999));
#6319=CARTESIAN_POINT('',(195.14375,-18.175,95.8));
#6320=CARTESIAN_POINT('Origin',(195.64375,-18.175,95.8));
#6321=CARTESIAN_POINT('',(195.14375,-18.175,108.8));
#6322=CARTESIAN_POINT('',(195.14375,-18.175,108.8));
#6323=CARTESIAN_POINT('Origin',(195.64375,-18.175,108.8));
#6324=CARTESIAN_POINT('',(-5.66875,-18.175,128.35));
#6325=CARTESIAN_POINT('',(-18.66875,-18.175,128.35));
#6326=CARTESIAN_POINT('',(-5.66875,-18.175,128.35));
#6327=CARTESIAN_POINT('',(-5.16875000000002,-18.175,127.85));
#6328=CARTESIAN_POINT('Origin',(-5.66875,-18.175,127.85));
#6329=CARTESIAN_POINT('',(-5.16874999999999,-18.175,114.85));
#6330=CARTESIAN_POINT('',(-5.16875000000002,-18.175,127.85));
#6331=CARTESIAN_POINT('',(-5.66875,-18.175,114.35));
#6332=CARTESIAN_POINT('Origin',(-5.66875,-18.175,114.85));
#6333=CARTESIAN_POINT('',(-18.66875,-18.175,114.35));
#6334=CARTESIAN_POINT('',(-5.66875,-18.175,114.35));
#6335=CARTESIAN_POINT('',(-19.16875,-18.175,114.85));
#6336=CARTESIAN_POINT('Origin',(-18.66875,-18.175,114.85));
#6337=CARTESIAN_POINT('',(-19.1687500000001,-18.175,127.85));
#6338=CARTESIAN_POINT('',(-19.1687500000001,-18.175,127.85));
#6339=CARTESIAN_POINT('Origin',(-18.66875,-18.175,127.85));
#6340=CARTESIAN_POINT('',(177.6875,-18.175,76.2499999999999));
#6341=CARTESIAN_POINT('',(12.2875,-18.175,76.25));
#6342=CARTESIAN_POINT('',(25.2875,-18.175,76.25));
#6343=CARTESIAN_POINT('',(11.7875,-18.175,76.7499999999999));
#6344=CARTESIAN_POINT('Origin',(12.2875,-18.175,76.75));
#6345=CARTESIAN_POINT('',(11.7875,-18.175,94.0375));
#6346=CARTESIAN_POINT('',(2.2625,-18.175,95.8));
#6347=CARTESIAN_POINT('Origin',(2.76250000000001,-18.175,95.8));
#6348=CARTESIAN_POINT('',(2.2625,-18.175,108.8));
#6349=CARTESIAN_POINT('',(2.2625,-18.175,95.8));
#6350=CARTESIAN_POINT('',(2.76250000000001,-18.175,109.3));
#6351=CARTESIAN_POINT('Origin',(2.76250000000001,-18.175,108.8));
#6352=CARTESIAN_POINT('',(7.02499999999997,-18.175,109.3));
#6353=CARTESIAN_POINT('',(2.76250000000001,-18.175,109.3));
#6354=CARTESIAN_POINT('',(7.02500000000001,-18.175,127.85));
#6355=CARTESIAN_POINT('',(7.02500000000001,-18.175,127.85));
#6356=CARTESIAN_POINT('',(7.52499999999998,-18.175,128.35));
#6357=CARTESIAN_POINT('Origin',(7.52499999999998,-18.175,127.85));
#6358=CARTESIAN_POINT('',(191.975,-18.175,128.35));
#6359=CARTESIAN_POINT('',(20.5249999999999,-18.175,128.35));
#6360=CARTESIAN_POINT('',(192.475,-18.175,127.85));
#6361=CARTESIAN_POINT('Origin',(191.975,-18.175,127.85));
#6362=CARTESIAN_POINT('',(192.475,-18.175,114.85));
#6363=CARTESIAN_POINT('',(192.475,-18.175,127.85));
#6364=CARTESIAN_POINT('',(191.975,-18.175,114.35));
#6365=CARTESIAN_POINT('Origin',(191.975,-18.175,114.85));
#6366=CARTESIAN_POINT('',(187.7125,-18.175,114.35));
#6367=CARTESIAN_POINT('',(191.975,-18.175,114.35));
#6368=CARTESIAN_POINT('',(187.7125,-18.175,95.8));
#6369=CARTESIAN_POINT('',(187.7125,-18.175,108.8));
#6370=CARTESIAN_POINT('',(187.2125,-18.175,95.2999999999999));
#6371=CARTESIAN_POINT('Origin',(187.2125,-18.175,95.8));
#6372=CARTESIAN_POINT('',(178.1875,-18.175,95.2999999999999));
#6373=CARTESIAN_POINT('',(187.2125,-18.175,95.2999999999999));
#6374=CARTESIAN_POINT('',(178.1875,-18.175,76.7499999999999));
#6375=CARTESIAN_POINT('',(178.1875,-18.175,89.7499999999999));
#6376=CARTESIAN_POINT('Origin',(177.6875,-18.175,76.7499999999999));
#6377=CARTESIAN_POINT('',(197.525,-18.175,127.85));
#6378=CARTESIAN_POINT('',(197.525,-18.175,114.85));
#6379=CARTESIAN_POINT('',(197.525,-18.175,127.85));
#6380=CARTESIAN_POINT('',(198.025,-18.175,128.35));
#6381=CARTESIAN_POINT('Origin',(198.025,-18.175,127.85));
#6382=CARTESIAN_POINT('',(211.025,-18.175,128.35));
#6383=CARTESIAN_POINT('',(211.025,-18.175,128.35));
#6384=CARTESIAN_POINT('',(211.525,-18.175,127.85));
#6385=CARTESIAN_POINT('Origin',(211.025,-18.175,127.85));
#6386=CARTESIAN_POINT('',(211.525,-18.175,114.85));
#6387=CARTESIAN_POINT('',(211.525,-18.175,127.85));
#6388=CARTESIAN_POINT('',(211.025,-18.175,114.35));
#6389=CARTESIAN_POINT('Origin',(211.025,-18.175,114.85));
#6390=CARTESIAN_POINT('',(198.025,-18.175,114.35));
#6391=CARTESIAN_POINT('',(211.025,-18.175,114.35));
#6392=CARTESIAN_POINT('Origin',(198.025,-18.175,114.85));
#6393=CARTESIAN_POINT('',(6.23750000000001,-18.175,90.25));
#6394=CARTESIAN_POINT('',(-6.7625000000001,-18.175,90.25));
#6395=CARTESIAN_POINT('',(6.23750000000001,-18.175,90.2499999999999));
#6396=CARTESIAN_POINT('',(6.73750000000002,-18.175,89.75));
#6397=CARTESIAN_POINT('Origin',(6.23750000000001,-18.175,89.75));
#6398=CARTESIAN_POINT('',(6.73749999999998,-18.175,76.7499999999999));
#6399=CARTESIAN_POINT('',(6.73749999999991,-18.175,89.75));
#6400=CARTESIAN_POINT('',(6.23750000000001,-18.175,76.25));
#6401=CARTESIAN_POINT('Origin',(6.23750000000001,-18.175,76.75));
#6402=CARTESIAN_POINT('',(-6.7625,-18.175,76.25));
#6403=CARTESIAN_POINT('',(6.23750000000001,-18.175,76.25));
#6404=CARTESIAN_POINT('',(-7.2625,-18.175,76.75));
#6405=CARTESIAN_POINT('Origin',(-6.7625,-18.175,76.75));
#6406=CARTESIAN_POINT('',(-7.2625,-18.175,89.75));
#6407=CARTESIAN_POINT('',(-7.2625,-18.175,89.75));
#6408=CARTESIAN_POINT('Origin',(-6.7625,-18.175,89.75));
#6409=CARTESIAN_POINT('',(-12.8125,-18.175,90.25));
#6410=CARTESIAN_POINT('',(-25.8125,-18.175,90.25));
#6411=CARTESIAN_POINT('',(-12.8125,-18.175,90.25));
#6412=CARTESIAN_POINT('',(-12.3125,-18.175,89.75));
#6413=CARTESIAN_POINT('Origin',(-12.8125,-18.175,89.75));
#6414=CARTESIAN_POINT('',(-12.3125,-18.175,76.75));
#6415=CARTESIAN_POINT('',(-12.3125000000001,-18.175,89.75));
#6416=CARTESIAN_POINT('',(-12.8125,-18.175,76.25));
#6417=CARTESIAN_POINT('Origin',(-12.8125,-18.175,76.75));
#6418=CARTESIAN_POINT('',(-25.8125,-18.175,76.25));
#6419=CARTESIAN_POINT('',(-12.8125,-18.175,76.25));
#6420=CARTESIAN_POINT('',(-26.3125,-18.175,76.75));
#6421=CARTESIAN_POINT('Origin',(-25.8125,-18.175,76.75));
#6422=CARTESIAN_POINT('',(-26.3125,-18.175,89.75));
#6423=CARTESIAN_POINT('',(-26.3125,-18.175,89.75));
#6424=CARTESIAN_POINT('Origin',(-25.8125,-18.175,89.75));
#6425=CARTESIAN_POINT('',(-21.55,-18.175,108.8));
#6426=CARTESIAN_POINT('',(-21.55,-18.175,95.8));
#6427=CARTESIAN_POINT('',(-21.55,-18.175,108.8));
#6428=CARTESIAN_POINT('',(-21.05,-18.175,109.3));
#6429=CARTESIAN_POINT('Origin',(-21.05,-18.175,108.8));
#6430=CARTESIAN_POINT('',(-8.05,-18.175,109.3));
#6431=CARTESIAN_POINT('',(-8.05,-18.175,109.3));
#6432=CARTESIAN_POINT('',(-7.54999999999999,-18.175,108.8));
#6433=CARTESIAN_POINT('Origin',(-8.05,-18.175,108.8));
#6434=CARTESIAN_POINT('',(-7.54999999999999,-18.175,95.8));
#6435=CARTESIAN_POINT('',(-7.54999999999999,-18.175,108.8));
#6436=CARTESIAN_POINT('',(-8.05,-18.175,95.3));
#6437=CARTESIAN_POINT('Origin',(-8.04999999999996,-18.175,95.8));
#6438=CARTESIAN_POINT('',(-21.05,-18.175,95.3));
#6439=CARTESIAN_POINT('',(-8.05,-18.175,95.3));
#6440=CARTESIAN_POINT('Origin',(-21.05,-18.175,95.8));
#6441=CARTESIAN_POINT('',(203.88125,-18.175,90.2499999999999));
#6442=CARTESIAN_POINT('',(190.88125,-18.175,90.2499999999999));
#6443=CARTESIAN_POINT('',(203.88125,-18.175,90.2499999999999));
#6444=CARTESIAN_POINT('',(204.38125,-18.175,89.7499999999999));
#6445=CARTESIAN_POINT('Origin',(203.88125,-18.175,89.75));
#6446=CARTESIAN_POINT('',(204.38125,-18.175,76.7499999999999));
#6447=CARTESIAN_POINT('',(204.38125,-18.175,89.7499999999999));
#6448=CARTESIAN_POINT('',(203.88125,-18.175,76.2499999999999));
#6449=CARTESIAN_POINT('Origin',(203.88125,-18.175,76.75));
#6450=CARTESIAN_POINT('',(190.88125,-18.175,76.2499999999999));
#6451=CARTESIAN_POINT('',(203.88125,-18.175,76.2499999999999));
#6452=CARTESIAN_POINT('',(190.38125,-18.175,76.7499999999999));
#6453=CARTESIAN_POINT('Origin',(190.88125,-18.175,76.7499999999999));
#6454=CARTESIAN_POINT('',(190.38125,-18.175,89.7499999999999));
#6455=CARTESIAN_POINT('',(190.38125,-18.175,89.7499999999999));
#6456=CARTESIAN_POINT('Origin',(190.88125,-18.175,89.7499999999999));
#6457=CARTESIAN_POINT('Origin',(92.60625,-16.675,92.775));
#6458=CARTESIAN_POINT('',(131.35675,-16.675,73.2));
#6459=CARTESIAN_POINT('Origin',(131.35675,-16.675,72.6999999999999));
#6460=CARTESIAN_POINT('',(125.35675,-16.675,73.2));
#6461=CARTESIAN_POINT('',(131.35675,-16.675,73.2));
#6462=CARTESIAN_POINT('Origin',(125.35675,-16.675,72.7));
#6463=CARTESIAN_POINT('',(107.48075,-16.675,73.2));
#6464=CARTESIAN_POINT('Origin',(107.48075,-16.675,72.7));
#6465=CARTESIAN_POINT('',(101.48075,-16.675,73.2));
#6466=CARTESIAN_POINT('',(101.48075,-16.675,73.2));
#6467=CARTESIAN_POINT('Origin',(101.48075,-16.675,72.6999999999999));
#6468=CARTESIAN_POINT('',(90.8755,-16.675,73.2));
#6469=CARTESIAN_POINT('Origin',(90.8755,-16.675,72.7));
#6470=CARTESIAN_POINT('',(84.8755,-16.675,73.2));
#6471=CARTESIAN_POINT('',(84.8755,-16.675,73.2));
#6472=CARTESIAN_POINT('Origin',(84.8755,-16.675,72.6999999999999));
#6473=CARTESIAN_POINT('',(66.9995,-16.675,73.2));
#6474=CARTESIAN_POINT('Origin',(66.9995,-16.675,72.7));
#6475=CARTESIAN_POINT('',(60.9995,-16.675,73.2));
#6476=CARTESIAN_POINT('',(66.9995,-16.675,73.2));
#6477=CARTESIAN_POINT('Origin',(60.9995,-16.675,72.7));
#6478=CARTESIAN_POINT('',(12.2875,-16.675,76.25));
#6479=CARTESIAN_POINT('',(177.6875,-16.675,76.2499999999999));
#6480=CARTESIAN_POINT('',(25.2875,-16.675,76.25));
#6481=CARTESIAN_POINT('',(178.1875,-16.675,76.7499999999999));
#6482=CARTESIAN_POINT('Origin',(177.6875,-16.675,76.7499999999999));
#6483=CARTESIAN_POINT('',(178.1875,-16.675,95.2999999999999));
#6484=CARTESIAN_POINT('',(178.1875,-16.675,89.7499999999999));
#6485=CARTESIAN_POINT('',(187.2125,-16.675,95.2999999999999));
#6486=CARTESIAN_POINT('',(187.2125,-16.675,95.2999999999999));
#6487=CARTESIAN_POINT('',(187.7125,-16.675,95.8));
#6488=CARTESIAN_POINT('Origin',(187.2125,-16.675,95.8));
#6489=CARTESIAN_POINT('',(187.7125,-16.675,114.35));
#6490=CARTESIAN_POINT('',(187.7125,-16.675,108.8));
#6491=CARTESIAN_POINT('',(191.975,-16.675,114.35));
#6492=CARTESIAN_POINT('',(191.975,-16.675,114.35));
#6493=CARTESIAN_POINT('',(192.475,-16.675,114.85));
#6494=CARTESIAN_POINT('Origin',(191.975,-16.675,114.85));
#6495=CARTESIAN_POINT('',(192.475,-16.675,127.85));
#6496=CARTESIAN_POINT('',(192.475,-16.675,127.85));
#6497=CARTESIAN_POINT('',(191.975,-16.675,128.35));
#6498=CARTESIAN_POINT('Origin',(191.975,-16.675,127.85));
#6499=CARTESIAN_POINT('',(7.52499999999998,-16.675,128.35));
#6500=CARTESIAN_POINT('',(191.975,-16.675,128.35));
#6501=CARTESIAN_POINT('',(7.02500000000001,-16.675,127.85));
#6502=CARTESIAN_POINT('Origin',(7.52499999999998,-16.675,127.85));
#6503=CARTESIAN_POINT('',(7.02499999999997,-16.675,109.3));
#6504=CARTESIAN_POINT('',(7.02500000000001,-16.675,127.85));
#6505=CARTESIAN_POINT('',(2.76250000000001,-16.675,109.3));
#6506=CARTESIAN_POINT('',(2.76250000000001,-16.675,109.3));
#6507=CARTESIAN_POINT('',(2.2625,-16.675,108.8));
#6508=CARTESIAN_POINT('Origin',(2.76250000000001,-16.675,108.8));
#6509=CARTESIAN_POINT('',(2.2625,-16.675,95.8));
#6510=CARTESIAN_POINT('',(2.2625,-16.675,95.8));
#6511=CARTESIAN_POINT('Origin',(2.76250000000001,-16.675,95.8));
#6512=CARTESIAN_POINT('',(11.7875,-16.675,76.7499999999999));
#6513=CARTESIAN_POINT('',(11.7875,-16.675,94.0375));
#6514=CARTESIAN_POINT('Origin',(12.2875,-16.675,76.75));
#6515=CARTESIAN_POINT('',(25.2875,-16.675,71.2));
#6516=CARTESIAN_POINT('',(12.2875,-16.675,71.2));
#6517=CARTESIAN_POINT('',(25.2875,-16.675,71.2));
#6518=CARTESIAN_POINT('',(11.7875,-16.675,70.7));
#6519=CARTESIAN_POINT('Origin',(12.2875,-16.675,70.7));
#6520=CARTESIAN_POINT('',(11.7875,-16.675,57.7));
#6521=CARTESIAN_POINT('',(11.7875,-16.675,70.7));
#6522=CARTESIAN_POINT('',(12.2875,-16.675,57.2));
#6523=CARTESIAN_POINT('Origin',(12.2875,-16.675,57.7));
#6524=CARTESIAN_POINT('',(25.2875,-16.675,57.2));
#6525=CARTESIAN_POINT('',(25.2875,-16.675,57.2));
#6526=CARTESIAN_POINT('',(25.7875,-16.675,57.7));
#6527=CARTESIAN_POINT('Origin',(25.2875,-16.675,57.7));
#6528=CARTESIAN_POINT('',(25.7875,-16.675,70.7));
#6529=CARTESIAN_POINT('',(25.7875,-16.675,70.7));
#6530=CARTESIAN_POINT('Origin',(25.2875,-16.675,70.7));
#6531=CARTESIAN_POINT('',(191.975,-16.675,71.1999999999999));
#6532=CARTESIAN_POINT('',(159.925,-16.675,71.1999999999999));
#6533=CARTESIAN_POINT('',(191.975,-16.675,71.1999999999999));
#6534=CARTESIAN_POINT('',(159.425,-16.675,70.7));
#6535=CARTESIAN_POINT('Origin',(159.925,-16.675,70.7));
#6536=CARTESIAN_POINT('',(159.425,-16.675,57.7));
#6537=CARTESIAN_POINT('',(159.425,-16.675,70.7));
#6538=CARTESIAN_POINT('',(159.925,-16.675,57.2));
#6539=CARTESIAN_POINT('Origin',(159.925,-16.675,57.7));
#6540=CARTESIAN_POINT('',(191.975,-16.675,57.2));
#6541=CARTESIAN_POINT('',(172.925,-16.675,57.2));
#6542=CARTESIAN_POINT('',(192.475,-16.675,57.7));
#6543=CARTESIAN_POINT('Origin',(191.975,-16.675,57.7));
#6544=CARTESIAN_POINT('',(192.475,-16.675,70.7));
#6545=CARTESIAN_POINT('',(192.475,-16.675,70.7));
#6546=CARTESIAN_POINT('Origin',(191.975,-16.675,70.7));
#6547=CARTESIAN_POINT('',(82.4375,-16.675,71.2));
#6548=CARTESIAN_POINT('',(69.4375,-16.675,71.2));
#6549=CARTESIAN_POINT('',(82.4375,-16.675,71.2));
#6550=CARTESIAN_POINT('',(68.9375,-16.675,70.7));
#6551=CARTESIAN_POINT('Origin',(69.4375,-16.675,70.7));
#6552=CARTESIAN_POINT('',(68.9375,-16.675,57.7));
#6553=CARTESIAN_POINT('',(68.9375,-16.675,70.7));
#6554=CARTESIAN_POINT('',(69.4375,-16.675,57.2));
#6555=CARTESIAN_POINT('Origin',(69.4375,-16.675,57.7));
#6556=CARTESIAN_POINT('',(82.4375,-16.675,57.2));
#6557=CARTESIAN_POINT('',(82.4375,-16.675,57.2));
#6558=CARTESIAN_POINT('',(82.9375,-16.675,57.7));
#6559=CARTESIAN_POINT('Origin',(82.4375,-16.675,57.7));
#6560=CARTESIAN_POINT('',(82.9375,-16.675,70.7));
#6561=CARTESIAN_POINT('',(82.9375,-16.675,70.7));
#6562=CARTESIAN_POINT('Origin',(82.4375,-16.675,70.7));
#6563=CARTESIAN_POINT('',(156.25625,-16.675,71.1999999999999));
#6564=CARTESIAN_POINT('',(140.875,-16.675,71.1999999999999));
#6565=CARTESIAN_POINT('',(153.875,-16.675,71.1999999999999));
#6566=CARTESIAN_POINT('',(140.375,-16.675,70.7));
#6567=CARTESIAN_POINT('Origin',(140.875,-16.675,70.7));
#6568=CARTESIAN_POINT('',(140.375,-16.675,57.7));
#6569=CARTESIAN_POINT('',(140.375,-16.675,70.7));
#6570=CARTESIAN_POINT('',(140.875,-16.675,57.2));
#6571=CARTESIAN_POINT('Origin',(140.875,-16.675,57.7));
#6572=CARTESIAN_POINT('',(156.25625,-16.675,57.2));
#6573=CARTESIAN_POINT('',(153.875,-16.675,57.2));
#6574=CARTESIAN_POINT('',(156.75625,-16.675,57.7));
#6575=CARTESIAN_POINT('Origin',(156.25625,-16.675,57.7));
#6576=CARTESIAN_POINT('',(156.75625,-16.675,70.7));
#6577=CARTESIAN_POINT('',(156.75625,-16.675,70.7));
#6578=CARTESIAN_POINT('Origin',(156.25625,-16.675,70.7));
#6579=CARTESIAN_POINT('',(6.23750000000001,-16.675,71.2));
#6580=CARTESIAN_POINT('',(-25.8125,-16.675,71.2));
#6581=CARTESIAN_POINT('',(6.23750000000001,-16.675,71.2));
#6582=CARTESIAN_POINT('',(-26.3125,-16.675,70.7));
#6583=CARTESIAN_POINT('Origin',(-25.8125,-16.675,70.7));
#6584=CARTESIAN_POINT('',(-26.3125,-16.675,57.7));
#6585=CARTESIAN_POINT('',(-26.3125,-16.675,70.7));
#6586=CARTESIAN_POINT('',(-25.8125,-16.675,57.2));
#6587=CARTESIAN_POINT('Origin',(-25.8125,-16.675,57.7));
#6588=CARTESIAN_POINT('',(6.23750000000001,-16.675,57.2));
#6589=CARTESIAN_POINT('',(-12.8125,-16.675,57.2));
#6590=CARTESIAN_POINT('',(6.73749999999998,-16.675,57.7));
#6591=CARTESIAN_POINT('Origin',(6.23750000000001,-16.675,57.7));
#6592=CARTESIAN_POINT('',(6.73750000000002,-16.675,70.7));
#6593=CARTESIAN_POINT('',(6.73749999999998,-16.675,70.7));
#6594=CARTESIAN_POINT('Origin',(6.23750000000001,-16.675,70.7));
#6595=CARTESIAN_POINT('',(122.91875,-16.675,71.2));
#6596=CARTESIAN_POINT('',(109.91875,-16.675,71.2));
#6597=CARTESIAN_POINT('',(122.91875,-16.675,71.2));
#6598=CARTESIAN_POINT('',(109.41875,-16.675,70.7));
#6599=CARTESIAN_POINT('Origin',(109.91875,-16.675,70.7));
#6600=CARTESIAN_POINT('',(109.41875,-16.675,57.7));
#6601=CARTESIAN_POINT('',(109.41875,-16.675,70.7));
#6602=CARTESIAN_POINT('',(109.91875,-16.675,57.2));
#6603=CARTESIAN_POINT('Origin',(109.91875,-16.675,57.7));
#6604=CARTESIAN_POINT('',(122.91875,-16.675,57.2));
#6605=CARTESIAN_POINT('',(122.91875,-16.675,57.2));
#6606=CARTESIAN_POINT('',(123.41875,-16.675,57.7));
#6607=CARTESIAN_POINT('Origin',(122.91875,-16.675,57.7));
#6608=CARTESIAN_POINT('',(123.41875,-16.675,70.7));
#6609=CARTESIAN_POINT('',(123.41875,-16.675,70.7));
#6610=CARTESIAN_POINT('Origin',(122.91875,-16.675,70.7));
#6611=CARTESIAN_POINT('',(211.025,-16.675,71.1999999999999));
#6612=CARTESIAN_POINT('',(195.64375,-16.675,71.1999999999999));
#6613=CARTESIAN_POINT('',(211.025,-16.675,71.1999999999999));
#6614=CARTESIAN_POINT('',(195.14375,-16.675,70.7));
#6615=CARTESIAN_POINT('Origin',(195.64375,-16.675,70.7));
#6616=CARTESIAN_POINT('',(195.14375,-16.675,57.7));
#6617=CARTESIAN_POINT('',(195.14375,-16.675,70.7));
#6618=CARTESIAN_POINT('',(195.64375,-16.675,57.2));
#6619=CARTESIAN_POINT('Origin',(195.64375,-16.675,57.7));
#6620=CARTESIAN_POINT('',(211.025,-16.675,57.2));
#6621=CARTESIAN_POINT('',(208.64375,-16.675,57.2));
#6622=CARTESIAN_POINT('',(211.525,-16.675,57.7));
#6623=CARTESIAN_POINT('Origin',(211.025,-16.675,57.7));
#6624=CARTESIAN_POINT('',(211.525,-16.675,70.7));
#6625=CARTESIAN_POINT('',(211.525,-16.675,70.7));
#6626=CARTESIAN_POINT('Origin',(211.025,-16.675,70.7));
#6627=CARTESIAN_POINT('',(51.98125,-16.675,70.7));
#6628=CARTESIAN_POINT('',(51.48125,-16.675,71.2));
#6629=CARTESIAN_POINT('Origin',(51.48125,-16.675,70.7));
#6630=CARTESIAN_POINT('',(36.1,-16.675,71.2));
#6631=CARTESIAN_POINT('',(51.48125,-16.675,71.2));
#6632=CARTESIAN_POINT('',(35.6,-16.675,70.7));
#6633=CARTESIAN_POINT('Origin',(36.1,-16.675,70.7));
#6634=CARTESIAN_POINT('',(35.6,-16.675,57.7));
#6635=CARTESIAN_POINT('',(35.6,-16.675,70.7));
#6636=CARTESIAN_POINT('',(36.1,-16.675,57.2));
#6637=CARTESIAN_POINT('Origin',(36.1,-16.675,57.7));
#6638=CARTESIAN_POINT('',(51.48125,-16.675,57.2));
#6639=CARTESIAN_POINT('',(49.1,-16.675,57.2));
#6640=CARTESIAN_POINT('',(51.98125,-16.675,57.7));
#6641=CARTESIAN_POINT('Origin',(51.48125,-16.675,57.7));
#6642=CARTESIAN_POINT('',(51.98125,-16.675,70.7));
#6643=CARTESIAN_POINT('',(208.64375,-16.675,109.3));
#6644=CARTESIAN_POINT('',(195.64375,-16.675,109.3));
#6645=CARTESIAN_POINT('',(208.64375,-16.675,109.3));
#6646=CARTESIAN_POINT('',(195.14375,-16.675,108.8));
#6647=CARTESIAN_POINT('Origin',(195.64375,-16.675,108.8));
#6648=CARTESIAN_POINT('',(195.14375,-16.675,95.8));
#6649=CARTESIAN_POINT('',(195.14375,-16.675,108.8));
#6650=CARTESIAN_POINT('',(195.64375,-16.675,95.2999999999999));
#6651=CARTESIAN_POINT('Origin',(195.64375,-16.675,95.8));
#6652=CARTESIAN_POINT('',(208.64375,-16.675,95.2999999999999));
#6653=CARTESIAN_POINT('',(208.64375,-16.675,95.2999999999999));
#6654=CARTESIAN_POINT('',(209.14375,-16.675,95.8));
#6655=CARTESIAN_POINT('Origin',(208.64375,-16.675,95.8));
#6656=CARTESIAN_POINT('',(209.14375,-16.675,108.8));
#6657=CARTESIAN_POINT('',(209.14375,-16.675,108.8));
#6658=CARTESIAN_POINT('Origin',(208.64375,-16.675,108.8));
#6659=CARTESIAN_POINT('',(-5.66875,-16.675,128.35));
#6660=CARTESIAN_POINT('',(-18.66875,-16.675,128.35));
#6661=CARTESIAN_POINT('',(-5.66875,-16.675,128.35));
#6662=CARTESIAN_POINT('',(-19.1687500000001,-16.675,127.85));
#6663=CARTESIAN_POINT('Origin',(-18.66875,-16.675,127.85));
#6664=CARTESIAN_POINT('',(-19.16875,-16.675,114.85));
#6665=CARTESIAN_POINT('',(-19.1687500000001,-16.675,127.85));
#6666=CARTESIAN_POINT('',(-18.66875,-16.675,114.35));
#6667=CARTESIAN_POINT('Origin',(-18.66875,-16.675,114.85));
#6668=CARTESIAN_POINT('',(-5.66875,-16.675,114.35));
#6669=CARTESIAN_POINT('',(-5.66875,-16.675,114.35));
#6670=CARTESIAN_POINT('',(-5.16874999999999,-16.675,114.85));
#6671=CARTESIAN_POINT('Origin',(-5.66875,-16.675,114.85));
#6672=CARTESIAN_POINT('',(-5.16875000000002,-16.675,127.85));
#6673=CARTESIAN_POINT('',(-5.16875000000002,-16.675,127.85));
#6674=CARTESIAN_POINT('Origin',(-5.66875,-16.675,127.85));
#6675=CARTESIAN_POINT('',(197.525,-16.675,127.85));
#6676=CARTESIAN_POINT('',(197.525,-16.675,114.85));
#6677=CARTESIAN_POINT('',(197.525,-16.675,127.85));
#6678=CARTESIAN_POINT('',(198.025,-16.675,114.35));
#6679=CARTESIAN_POINT('Origin',(198.025,-16.675,114.85));
#6680=CARTESIAN_POINT('',(211.025,-16.675,114.35));
#6681=CARTESIAN_POINT('',(211.025,-16.675,114.35));
#6682=CARTESIAN_POINT('',(211.525,-16.675,114.85));
#6683=CARTESIAN_POINT('Origin',(211.025,-16.675,114.85));
#6684=CARTESIAN_POINT('',(211.525,-16.675,127.85));
#6685=CARTESIAN_POINT('',(211.525,-16.675,127.85));
#6686=CARTESIAN_POINT('',(211.025,-16.675,128.35));
#6687=CARTESIAN_POINT('Origin',(211.025,-16.675,127.85));
#6688=CARTESIAN_POINT('',(198.025,-16.675,128.35));
#6689=CARTESIAN_POINT('',(211.025,-16.675,128.35));
#6690=CARTESIAN_POINT('Origin',(198.025,-16.675,127.85));
#6691=CARTESIAN_POINT('',(6.23750000000001,-16.675,90.25));
#6692=CARTESIAN_POINT('',(-6.7625000000001,-16.675,90.25));
#6693=CARTESIAN_POINT('',(6.23750000000001,-16.675,90.2499999999999));
#6694=CARTESIAN_POINT('',(-7.2625,-16.675,89.75));
#6695=CARTESIAN_POINT('Origin',(-6.7625,-16.675,89.75));
#6696=CARTESIAN_POINT('',(-7.2625,-16.675,76.75));
#6697=CARTESIAN_POINT('',(-7.2625,-16.675,89.75));
#6698=CARTESIAN_POINT('',(-6.7625,-16.675,76.25));
#6699=CARTESIAN_POINT('Origin',(-6.7625,-16.675,76.75));
#6700=CARTESIAN_POINT('',(6.23750000000001,-16.675,76.25));
#6701=CARTESIAN_POINT('',(6.23750000000001,-16.675,76.25));
#6702=CARTESIAN_POINT('',(6.73749999999998,-16.675,76.7499999999999));
#6703=CARTESIAN_POINT('Origin',(6.23750000000001,-16.675,76.75));
#6704=CARTESIAN_POINT('',(6.73750000000002,-16.675,89.75));
#6705=CARTESIAN_POINT('',(6.73749999999991,-16.675,89.75));
#6706=CARTESIAN_POINT('Origin',(6.23750000000001,-16.675,89.75));
#6707=CARTESIAN_POINT('',(-12.8125,-16.675,90.25));
#6708=CARTESIAN_POINT('',(-25.8125,-16.675,90.25));
#6709=CARTESIAN_POINT('',(-12.8125,-16.675,90.25));
#6710=CARTESIAN_POINT('',(-26.3125,-16.675,89.75));
#6711=CARTESIAN_POINT('Origin',(-25.8125,-16.675,89.75));
#6712=CARTESIAN_POINT('',(-26.3125,-16.675,76.75));
#6713=CARTESIAN_POINT('',(-26.3125,-16.675,89.75));
#6714=CARTESIAN_POINT('',(-25.8125,-16.675,76.25));
#6715=CARTESIAN_POINT('Origin',(-25.8125,-16.675,76.75));
#6716=CARTESIAN_POINT('',(-12.8125,-16.675,76.25));
#6717=CARTESIAN_POINT('',(-12.8125,-16.675,76.25));
#6718=CARTESIAN_POINT('',(-12.3125,-16.675,76.75));
#6719=CARTESIAN_POINT('Origin',(-12.8125,-16.675,76.75));
#6720=CARTESIAN_POINT('',(-12.3125,-16.675,89.75));
#6721=CARTESIAN_POINT('',(-12.3125000000001,-16.675,89.75));
#6722=CARTESIAN_POINT('Origin',(-12.8125,-16.675,89.75));
#6723=CARTESIAN_POINT('',(-21.55,-16.675,108.8));
#6724=CARTESIAN_POINT('',(-21.55,-16.675,95.8));
#6725=CARTESIAN_POINT('',(-21.55,-16.675,108.8));
#6726=CARTESIAN_POINT('',(-21.05,-16.675,95.3));
#6727=CARTESIAN_POINT('Origin',(-21.05,-16.675,95.8));
#6728=CARTESIAN_POINT('',(-8.05,-16.675,95.3));
#6729=CARTESIAN_POINT('',(-8.05,-16.675,95.3));
#6730=CARTESIAN_POINT('',(-7.54999999999999,-16.675,95.8));
#6731=CARTESIAN_POINT('Origin',(-8.04999999999996,-16.675,95.8));
#6732=CARTESIAN_POINT('',(-7.54999999999999,-16.675,108.8));
#6733=CARTESIAN_POINT('',(-7.54999999999999,-16.675,108.8));
#6734=CARTESIAN_POINT('',(-8.05,-16.675,109.3));
#6735=CARTESIAN_POINT('Origin',(-8.05,-16.675,108.8));
#6736=CARTESIAN_POINT('',(-21.05,-16.675,109.3));
#6737=CARTESIAN_POINT('',(-8.05,-16.675,109.3));
#6738=CARTESIAN_POINT('Origin',(-21.05,-16.675,108.8));
#6739=CARTESIAN_POINT('',(203.88125,-16.675,90.2499999999999));
#6740=CARTESIAN_POINT('',(190.88125,-16.675,90.2499999999999));
#6741=CARTESIAN_POINT('',(203.88125,-16.675,90.2499999999999));
#6742=CARTESIAN_POINT('',(190.38125,-16.675,89.7499999999999));
#6743=CARTESIAN_POINT('Origin',(190.88125,-16.675,89.7499999999999));
#6744=CARTESIAN_POINT('',(190.38125,-16.675,76.7499999999999));
#6745=CARTESIAN_POINT('',(190.38125,-16.675,89.7499999999999));
#6746=CARTESIAN_POINT('',(190.88125,-16.675,76.2499999999999));
#6747=CARTESIAN_POINT('Origin',(190.88125,-16.675,76.7499999999999));
#6748=CARTESIAN_POINT('',(203.88125,-16.675,76.2499999999999));
#6749=CARTESIAN_POINT('',(203.88125,-16.675,76.2499999999999));
#6750=CARTESIAN_POINT('',(204.38125,-16.675,76.7499999999999));
#6751=CARTESIAN_POINT('Origin',(203.88125,-16.675,76.75));
#6752=CARTESIAN_POINT('',(204.38125,-16.675,89.7499999999999));
#6753=CARTESIAN_POINT('',(204.38125,-16.675,89.7499999999999));
#6754=CARTESIAN_POINT('Origin',(203.88125,-16.675,89.75));
#6755=CARTESIAN_POINT('Origin',(131.35675,-18.175,72.6999999999999));
#6756=CARTESIAN_POINT('',(131.35675,-18.175,73.2));
#6757=CARTESIAN_POINT('Origin',(125.35675,-18.175,72.7));
#6758=CARTESIAN_POINT('',(125.35675,-18.175,73.2));
#6759=CARTESIAN_POINT('Origin',(131.35675,-18.175,73.2));
#6760=CARTESIAN_POINT('Origin',(101.48075,-18.175,72.6999999999999));
#6761=CARTESIAN_POINT('',(101.48075,-18.175,73.2));
#6762=CARTESIAN_POINT('Origin',(107.48075,-18.175,73.2));
#6763=CARTESIAN_POINT('',(107.48075,-18.175,73.2));
#6764=CARTESIAN_POINT('Origin',(107.48075,-18.175,72.7));
#6765=CARTESIAN_POINT('Origin',(60.9995,-18.175,72.7));
#6766=CARTESIAN_POINT('',(60.9995,-18.175,73.2));
#6767=CARTESIAN_POINT('Origin',(66.9995,-18.175,73.2));
#6768=CARTESIAN_POINT('',(66.9995,-18.175,73.2));
#6769=CARTESIAN_POINT('Origin',(66.9995,-18.175,72.7));
#6770=CARTESIAN_POINT('Origin',(84.8755,-18.175,72.6999999999999));
#6771=CARTESIAN_POINT('',(84.8755,-18.175,73.2));
#6772=CARTESIAN_POINT('Origin',(90.8755,-18.175,73.2));
#6773=CARTESIAN_POINT('',(90.8755,-18.175,73.2));
#6774=CARTESIAN_POINT('Origin',(90.8755,-18.175,72.7));
#6775=CARTESIAN_POINT('Origin',(25.2875,-18.175,70.7));
#6776=CARTESIAN_POINT('',(25.2875,-18.175,71.2));
#6777=CARTESIAN_POINT('',(25.7875,-18.175,70.7));
#6778=CARTESIAN_POINT('Origin',(25.7875,-18.175,57.7));
#6779=CARTESIAN_POINT('',(25.7875,-18.175,57.7));
#6780=CARTESIAN_POINT('Origin',(25.2875,-18.175,57.7));
#6781=CARTESIAN_POINT('',(25.2875,-18.175,57.2));
#6782=CARTESIAN_POINT('Origin',(12.2875,-18.175,57.2));
#6783=CARTESIAN_POINT('',(12.2875,-18.175,57.2));
#6784=CARTESIAN_POINT('Origin',(12.2875,-18.175,57.7));
#6785=CARTESIAN_POINT('',(11.7875,-18.175,57.7));
#6786=CARTESIAN_POINT('Origin',(11.7875,-18.175,70.7));
#6787=CARTESIAN_POINT('',(11.7875,-18.175,70.7));
#6788=CARTESIAN_POINT('Origin',(12.2875,-18.175,70.7));
#6789=CARTESIAN_POINT('',(12.2875,-18.175,71.2));
#6790=CARTESIAN_POINT('Origin',(25.2875,-18.175,71.2));
#6791=CARTESIAN_POINT('Origin',(191.975,-18.175,70.7));
#6792=CARTESIAN_POINT('',(191.975,-18.175,71.1999999999999));
#6793=CARTESIAN_POINT('',(192.475,-18.175,70.7));
#6794=CARTESIAN_POINT('Origin',(192.475,-18.175,57.7));
#6795=CARTESIAN_POINT('',(192.475,-18.175,57.7));
#6796=CARTESIAN_POINT('Origin',(191.975,-18.175,57.7));
#6797=CARTESIAN_POINT('',(191.975,-18.175,57.2));
#6798=CARTESIAN_POINT('Origin',(159.925,-18.175,57.2));
#6799=CARTESIAN_POINT('',(159.925,-18.175,57.2));
#6800=CARTESIAN_POINT('Origin',(159.925,-18.175,57.7));
#6801=CARTESIAN_POINT('',(159.425,-18.175,57.7));
#6802=CARTESIAN_POINT('Origin',(159.425,-18.175,70.7));
#6803=CARTESIAN_POINT('',(159.425,-18.175,70.7));
#6804=CARTESIAN_POINT('Origin',(159.925,-18.175,70.7));
#6805=CARTESIAN_POINT('',(159.925,-18.175,71.1999999999999));
#6806=CARTESIAN_POINT('Origin',(191.975,-18.175,71.1999999999999));
#6807=CARTESIAN_POINT('Origin',(82.4375,-18.175,70.7));
#6808=CARTESIAN_POINT('',(82.4375,-18.175,71.2));
#6809=CARTESIAN_POINT('',(82.9375,-18.175,70.7));
#6810=CARTESIAN_POINT('Origin',(82.9375,-18.175,57.7));
#6811=CARTESIAN_POINT('',(82.9375,-18.175,57.7));
#6812=CARTESIAN_POINT('Origin',(82.4375,-18.175,57.7));
#6813=CARTESIAN_POINT('',(82.4375,-18.175,57.2));
#6814=CARTESIAN_POINT('Origin',(69.4375,-18.175,57.2));
#6815=CARTESIAN_POINT('',(69.4375,-18.175,57.2));
#6816=CARTESIAN_POINT('Origin',(69.4375,-18.175,57.7));
#6817=CARTESIAN_POINT('',(68.9375,-18.175,57.7));
#6818=CARTESIAN_POINT('Origin',(68.9375,-18.175,70.7));
#6819=CARTESIAN_POINT('',(68.9375,-18.175,70.7));
#6820=CARTESIAN_POINT('Origin',(69.4375,-18.175,70.7));
#6821=CARTESIAN_POINT('',(69.4375,-18.175,71.2));
#6822=CARTESIAN_POINT('Origin',(82.4375,-18.175,71.2));
#6823=CARTESIAN_POINT('Origin',(156.25625,-18.175,70.7));
#6824=CARTESIAN_POINT('',(156.25625,-18.175,71.1999999999999));
#6825=CARTESIAN_POINT('',(156.75625,-18.175,70.7));
#6826=CARTESIAN_POINT('Origin',(156.75625,-18.175,57.7));
#6827=CARTESIAN_POINT('',(156.75625,-18.175,57.7));
#6828=CARTESIAN_POINT('Origin',(156.25625,-18.175,57.7));
#6829=CARTESIAN_POINT('',(156.25625,-18.175,57.2));
#6830=CARTESIAN_POINT('Origin',(140.875,-18.175,57.2));
#6831=CARTESIAN_POINT('',(140.875,-18.175,57.2));
#6832=CARTESIAN_POINT('Origin',(140.875,-18.175,57.7));
#6833=CARTESIAN_POINT('',(140.375,-18.175,57.7));
#6834=CARTESIAN_POINT('Origin',(140.375,-18.175,70.7));
#6835=CARTESIAN_POINT('',(140.375,-18.175,70.7));
#6836=CARTESIAN_POINT('Origin',(140.875,-18.175,70.7));
#6837=CARTESIAN_POINT('',(140.875,-18.175,71.1999999999999));
#6838=CARTESIAN_POINT('Origin',(156.25625,-18.175,71.1999999999999));
#6839=CARTESIAN_POINT('Origin',(6.23750000000001,-18.175,70.7));
#6840=CARTESIAN_POINT('',(6.23750000000001,-18.175,71.2));
#6841=CARTESIAN_POINT('',(6.73750000000002,-18.175,70.7));
#6842=CARTESIAN_POINT('Origin',(6.73749999999998,-18.175,57.7));
#6843=CARTESIAN_POINT('',(6.73749999999998,-18.175,57.7));
#6844=CARTESIAN_POINT('Origin',(6.23750000000001,-18.175,57.7));
#6845=CARTESIAN_POINT('',(6.23750000000001,-18.175,57.2));
#6846=CARTESIAN_POINT('Origin',(-25.8125,-18.175,57.2));
#6847=CARTESIAN_POINT('',(-25.8125,-18.175,57.2));
#6848=CARTESIAN_POINT('Origin',(-25.8125,-18.175,57.7));
#6849=CARTESIAN_POINT('',(-26.3125,-18.175,57.7));
#6850=CARTESIAN_POINT('Origin',(-26.3125,-18.175,70.7));
#6851=CARTESIAN_POINT('',(-26.3125,-18.175,70.7));
#6852=CARTESIAN_POINT('Origin',(-25.8125,-18.175,70.7));
#6853=CARTESIAN_POINT('',(-25.8125,-18.175,71.2));
#6854=CARTESIAN_POINT('Origin',(6.23750000000001,-18.175,71.2));
#6855=CARTESIAN_POINT('Origin',(122.91875,-18.175,70.7));
#6856=CARTESIAN_POINT('',(122.91875,-18.175,71.2));
#6857=CARTESIAN_POINT('',(123.41875,-18.175,70.7));
#6858=CARTESIAN_POINT('Origin',(123.41875,-18.175,57.7));
#6859=CARTESIAN_POINT('',(123.41875,-18.175,57.7));
#6860=CARTESIAN_POINT('Origin',(122.91875,-18.175,57.7));
#6861=CARTESIAN_POINT('',(122.91875,-18.175,57.2));
#6862=CARTESIAN_POINT('Origin',(109.91875,-18.175,57.2));
#6863=CARTESIAN_POINT('',(109.91875,-18.175,57.2));
#6864=CARTESIAN_POINT('Origin',(109.91875,-18.175,57.7));
#6865=CARTESIAN_POINT('',(109.41875,-18.175,57.7));
#6866=CARTESIAN_POINT('Origin',(109.41875,-18.175,70.7));
#6867=CARTESIAN_POINT('',(109.41875,-18.175,70.7));
#6868=CARTESIAN_POINT('Origin',(109.91875,-18.175,70.7));
#6869=CARTESIAN_POINT('',(109.91875,-18.175,71.2));
#6870=CARTESIAN_POINT('Origin',(122.91875,-18.175,71.2));
#6871=CARTESIAN_POINT('Origin',(211.025,-18.175,70.7));
#6872=CARTESIAN_POINT('',(211.025,-18.175,71.1999999999999));
#6873=CARTESIAN_POINT('',(211.525,-18.175,70.7));
#6874=CARTESIAN_POINT('Origin',(211.525,-18.175,57.7));
#6875=CARTESIAN_POINT('',(211.525,-18.175,57.7));
#6876=CARTESIAN_POINT('Origin',(211.025,-18.175,57.7));
#6877=CARTESIAN_POINT('',(211.025,-18.175,57.2));
#6878=CARTESIAN_POINT('Origin',(195.64375,-18.175,57.2));
#6879=CARTESIAN_POINT('',(195.64375,-18.175,57.2));
#6880=CARTESIAN_POINT('Origin',(195.64375,-18.175,57.7));
#6881=CARTESIAN_POINT('',(195.14375,-18.175,57.7));
#6882=CARTESIAN_POINT('Origin',(195.14375,-18.175,70.7));
#6883=CARTESIAN_POINT('',(195.14375,-18.175,70.7));
#6884=CARTESIAN_POINT('Origin',(195.64375,-18.175,70.7));
#6885=CARTESIAN_POINT('',(195.64375,-18.175,71.1999999999999));
#6886=CARTESIAN_POINT('Origin',(211.025,-18.175,71.1999999999999));
#6887=CARTESIAN_POINT('Origin',(51.98125,-18.175,57.7));
#6888=CARTESIAN_POINT('',(51.98125,-18.175,70.7));
#6889=CARTESIAN_POINT('',(51.98125,-18.175,57.7));
#6890=CARTESIAN_POINT('Origin',(51.48125,-18.175,57.7));
#6891=CARTESIAN_POINT('',(51.48125,-18.175,57.2));
#6892=CARTESIAN_POINT('Origin',(36.1,-18.175,57.2));
#6893=CARTESIAN_POINT('',(36.1,-18.175,57.2));
#6894=CARTESIAN_POINT('Origin',(36.1,-18.175,57.7));
#6895=CARTESIAN_POINT('',(35.6,-18.175,57.7));
#6896=CARTESIAN_POINT('Origin',(35.6,-18.175,70.7));
#6897=CARTESIAN_POINT('',(35.6,-18.175,70.7));
#6898=CARTESIAN_POINT('Origin',(36.1,-18.175,70.7));
#6899=CARTESIAN_POINT('',(36.1,-18.175,71.2));
#6900=CARTESIAN_POINT('Origin',(51.48125,-18.175,71.2));
#6901=CARTESIAN_POINT('',(51.48125,-18.175,71.2));
#6902=CARTESIAN_POINT('Origin',(51.48125,-18.175,70.7));
#6903=CARTESIAN_POINT('Origin',(208.64375,-18.175,108.8));
#6904=CARTESIAN_POINT('',(208.64375,-18.175,109.3));
#6905=CARTESIAN_POINT('',(209.14375,-18.175,108.8));
#6906=CARTESIAN_POINT('Origin',(209.14375,-18.175,95.8));
#6907=CARTESIAN_POINT('',(209.14375,-18.175,95.8));
#6908=CARTESIAN_POINT('Origin',(208.64375,-18.175,95.8));
#6909=CARTESIAN_POINT('',(208.64375,-18.175,95.2999999999999));
#6910=CARTESIAN_POINT('Origin',(195.64375,-18.175,95.2999999999999));
#6911=CARTESIAN_POINT('',(195.64375,-18.175,95.2999999999999));
#6912=CARTESIAN_POINT('Origin',(195.64375,-18.175,95.8));
#6913=CARTESIAN_POINT('',(195.14375,-18.175,95.8));
#6914=CARTESIAN_POINT('Origin',(195.14375,-18.175,108.8));
#6915=CARTESIAN_POINT('',(195.14375,-18.175,108.8));
#6916=CARTESIAN_POINT('Origin',(195.64375,-18.175,108.8));
#6917=CARTESIAN_POINT('',(195.64375,-18.175,109.3));
#6918=CARTESIAN_POINT('Origin',(208.64375,-18.175,109.3));
#6919=CARTESIAN_POINT('Origin',(187.7125,-18.175,95.8));
#6920=CARTESIAN_POINT('',(187.7125,-17.425,114.35));
#6921=CARTESIAN_POINT('',(187.7125,-18.175,95.8));
#6922=CARTESIAN_POINT('Origin',(187.2125,-18.175,95.8));
#6923=CARTESIAN_POINT('',(187.2125,-18.175,95.2999999999999));
#6924=CARTESIAN_POINT('Origin',(174.2125,-18.175,95.2999999999999));
#6925=CARTESIAN_POINT('',(178.1875,-17.425,95.2999999999999));
#6926=CARTESIAN_POINT('Origin',(-5.66875,-18.175,127.85));
#6927=CARTESIAN_POINT('',(-5.66875,-18.175,128.35));
#6928=CARTESIAN_POINT('',(-5.16875000000002,-18.175,127.85));
#6929=CARTESIAN_POINT('Origin',(-5.16874999999999,-18.175,114.85));
#6930=CARTESIAN_POINT('',(-5.16874999999999,-18.175,114.85));
#6931=CARTESIAN_POINT('Origin',(-5.66875,-18.175,114.85));
#6932=CARTESIAN_POINT('',(-5.66875,-18.175,114.35));
#6933=CARTESIAN_POINT('Origin',(-18.66875,-18.175,114.35));
#6934=CARTESIAN_POINT('',(-18.66875,-18.175,114.35));
#6935=CARTESIAN_POINT('Origin',(-18.66875,-18.175,114.85));
#6936=CARTESIAN_POINT('',(-19.16875,-18.175,114.85));
#6937=CARTESIAN_POINT('Origin',(-19.1687500000001,-18.175,127.85));
#6938=CARTESIAN_POINT('',(-19.1687500000001,-18.175,127.85));
#6939=CARTESIAN_POINT('Origin',(-18.66875,-18.175,127.85));
#6940=CARTESIAN_POINT('',(-18.66875,-18.175,128.35));
#6941=CARTESIAN_POINT('Origin',(-5.66875,-18.175,128.35));
#6942=CARTESIAN_POINT('Origin',(7.02500000000001,-18.175,127.85));
#6943=CARTESIAN_POINT('',(7.02500000000001,-17.425,109.3));
#6944=CARTESIAN_POINT('',(7.02500000000001,-18.175,127.85));
#6945=CARTESIAN_POINT('Origin',(7.52499999999998,-18.175,127.85));
#6946=CARTESIAN_POINT('',(7.52499999999998,-18.175,128.35));
#6947=CARTESIAN_POINT('Origin',(20.5249999999999,-18.175,128.35));
#6948=CARTESIAN_POINT('',(191.975,-18.175,128.35));
#6949=CARTESIAN_POINT('Origin',(198.025,-18.175,127.85));
#6950=CARTESIAN_POINT('',(197.525,-18.175,127.85));
#6951=CARTESIAN_POINT('',(198.025,-18.175,128.35));
#6952=CARTESIAN_POINT('Origin',(211.025,-18.175,128.35));
#6953=CARTESIAN_POINT('',(211.025,-18.175,128.35));
#6954=CARTESIAN_POINT('Origin',(211.025,-18.175,127.85));
#6955=CARTESIAN_POINT('',(211.525,-18.175,127.85));
#6956=CARTESIAN_POINT('Origin',(211.525,-18.175,114.85));
#6957=CARTESIAN_POINT('',(211.525,-18.175,114.85));
#6958=CARTESIAN_POINT('Origin',(211.025,-18.175,114.85));
#6959=CARTESIAN_POINT('',(211.025,-18.175,114.35));
#6960=CARTESIAN_POINT('Origin',(198.025,-18.175,114.35));
#6961=CARTESIAN_POINT('',(198.025,-18.175,114.35));
#6962=CARTESIAN_POINT('Origin',(198.025,-18.175,114.85));
#6963=CARTESIAN_POINT('',(197.525,-18.175,114.85));
#6964=CARTESIAN_POINT('Origin',(197.525,-18.175,127.85));
#6965=CARTESIAN_POINT('Origin',(191.975,-18.175,127.85));
#6966=CARTESIAN_POINT('',(192.475,-18.175,127.85));
#6967=CARTESIAN_POINT('Origin',(192.475,-18.175,114.85));
#6968=CARTESIAN_POINT('',(192.475,-18.175,114.85));
#6969=CARTESIAN_POINT('Origin',(191.975,-18.175,114.85));
#6970=CARTESIAN_POINT('',(191.975,-18.175,114.35));
#6971=CARTESIAN_POINT('Origin',(178.975,-18.175,114.35));
#6972=CARTESIAN_POINT('Origin',(6.23750000000001,-18.175,89.75));
#6973=CARTESIAN_POINT('',(6.23750000000001,-18.175,90.25));
#6974=CARTESIAN_POINT('',(6.73750000000002,-18.175,89.75));
#6975=CARTESIAN_POINT('Origin',(6.73749999999998,-18.175,76.7499999999999));
#6976=CARTESIAN_POINT('',(6.73749999999998,-18.175,76.7499999999999));
#6977=CARTESIAN_POINT('Origin',(6.23750000000001,-18.175,76.75));
#6978=CARTESIAN_POINT('',(6.23750000000001,-18.175,76.25));
#6979=CARTESIAN_POINT('Origin',(-6.7625,-18.175,76.25));
#6980=CARTESIAN_POINT('',(-6.7625,-18.175,76.25));
#6981=CARTESIAN_POINT('Origin',(-6.7625,-18.175,76.75));
#6982=CARTESIAN_POINT('',(-7.2625,-18.175,76.75));
#6983=CARTESIAN_POINT('Origin',(-7.2625,-18.175,89.75));
#6984=CARTESIAN_POINT('',(-7.2625,-18.175,89.75));
#6985=CARTESIAN_POINT('Origin',(-6.7625,-18.175,89.75));
#6986=CARTESIAN_POINT('',(-6.7625000000001,-18.175,90.25));
#6987=CARTESIAN_POINT('Origin',(6.23750000000001,-18.175,90.2499999999999));
#6988=CARTESIAN_POINT('Origin',(-12.8125,-18.175,89.75));
#6989=CARTESIAN_POINT('',(-12.8125,-18.175,90.25));
#6990=CARTESIAN_POINT('',(-12.3125,-18.175,89.75));
#6991=CARTESIAN_POINT('Origin',(-12.3125000000001,-18.175,76.75));
#6992=CARTESIAN_POINT('',(-12.3125,-18.175,76.75));
#6993=CARTESIAN_POINT('Origin',(-12.8125,-18.175,76.75));
#6994=CARTESIAN_POINT('',(-12.8125,-18.175,76.25));
#6995=CARTESIAN_POINT('Origin',(-25.8125,-18.175,76.25));
#6996=CARTESIAN_POINT('',(-25.8125,-18.175,76.25));
#6997=CARTESIAN_POINT('Origin',(-25.8125,-18.175,76.75));
#6998=CARTESIAN_POINT('',(-26.3125,-18.175,76.75));
#6999=CARTESIAN_POINT('Origin',(-26.3125,-18.175,89.75));
#7000=CARTESIAN_POINT('',(-26.3125,-18.175,89.75));
#7001=CARTESIAN_POINT('Origin',(-25.8125,-18.175,89.75));
#7002=CARTESIAN_POINT('',(-25.8125,-18.175,90.25));
#7003=CARTESIAN_POINT('Origin',(-12.8125,-18.175,90.25));
#7004=CARTESIAN_POINT('Origin',(31.3375,-18.175,76.25));
#7005=CARTESIAN_POINT('',(177.6875,-18.175,76.2499999999999));
#7006=CARTESIAN_POINT('',(12.2875,-18.175,76.25));
#7007=CARTESIAN_POINT('Origin',(-21.05,-18.175,108.8));
#7008=CARTESIAN_POINT('',(-21.55,-18.175,108.8));
#7009=CARTESIAN_POINT('',(-21.05,-18.175,109.3));
#7010=CARTESIAN_POINT('Origin',(-8.05,-18.175,109.3));
#7011=CARTESIAN_POINT('',(-8.05,-18.175,109.3));
#7012=CARTESIAN_POINT('Origin',(-8.05,-18.175,108.8));
#7013=CARTESIAN_POINT('',(-7.54999999999999,-18.175,108.8));
#7014=CARTESIAN_POINT('Origin',(-7.54999999999999,-18.175,95.8));
#7015=CARTESIAN_POINT('',(-7.54999999999999,-18.175,95.8));
#7016=CARTESIAN_POINT('Origin',(-8.04999999999996,-18.175,95.8));
#7017=CARTESIAN_POINT('',(-8.05,-18.175,95.3));
#7018=CARTESIAN_POINT('Origin',(-21.05,-18.175,95.3));
#7019=CARTESIAN_POINT('',(-21.05,-18.175,95.3));
#7020=CARTESIAN_POINT('Origin',(-21.05,-18.175,95.8));
#7021=CARTESIAN_POINT('',(-21.55,-18.175,95.8));
#7022=CARTESIAN_POINT('Origin',(-21.55,-18.175,108.8));
#7023=CARTESIAN_POINT('Origin',(203.88125,-18.175,89.75));
#7024=CARTESIAN_POINT('',(203.88125,-18.175,90.2499999999999));
#7025=CARTESIAN_POINT('',(204.38125,-18.175,89.7499999999999));
#7026=CARTESIAN_POINT('Origin',(204.38125,-18.175,76.7499999999999));
#7027=CARTESIAN_POINT('',(204.38125,-18.175,76.7499999999999));
#7028=CARTESIAN_POINT('Origin',(203.88125,-18.175,76.75));
#7029=CARTESIAN_POINT('',(203.88125,-18.175,76.2499999999999));
#7030=CARTESIAN_POINT('Origin',(190.88125,-18.175,76.2499999999999));
#7031=CARTESIAN_POINT('',(190.88125,-18.175,76.2499999999999));
#7032=CARTESIAN_POINT('Origin',(190.88125,-18.175,76.7499999999999));
#7033=CARTESIAN_POINT('',(190.38125,-18.175,76.7499999999999));
#7034=CARTESIAN_POINT('Origin',(190.38125,-18.175,89.7499999999999));
#7035=CARTESIAN_POINT('',(190.38125,-18.175,89.7499999999999));
#7036=CARTESIAN_POINT('Origin',(190.88125,-18.175,89.7499999999999));
#7037=CARTESIAN_POINT('',(190.88125,-18.175,90.2499999999999));
#7038=CARTESIAN_POINT('Origin',(203.88125,-18.175,90.2499999999999));
#7039=CARTESIAN_POINT('Origin',(178.1875,-18.175,76.7499999999999));
#7040=CARTESIAN_POINT('',(178.1875,-18.175,76.7499999999999));
#7041=CARTESIAN_POINT('Origin',(177.6875,-18.175,76.7499999999999));
#7042=CARTESIAN_POINT('Origin',(12.2875,-18.175,76.75));
#7043=CARTESIAN_POINT('',(11.7875,-18.175,76.7499999999999));
#7044=CARTESIAN_POINT('Origin',(11.7875,-18.175,89.75));
#7045=CARTESIAN_POINT('Origin',(2.76250000000001,-18.175,108.8));
#7046=CARTESIAN_POINT('',(2.2625,-18.175,108.8));
#7047=CARTESIAN_POINT('',(2.76250000000001,-18.175,109.3));
#7048=CARTESIAN_POINT('Origin',(15.7625,-18.175,109.3));
#7049=CARTESIAN_POINT('Origin',(2.76250000000001,-18.175,95.8));
#7050=CARTESIAN_POINT('',(2.2625,-18.175,95.8));
#7051=CARTESIAN_POINT('Origin',(2.2625,-18.175,108.8));
#7052=UNCERTAINTY_MEASURE_WITH_UNIT(LENGTH_MEASURE(0.01),#7056,
'DISTANCE_ACCURACY_VALUE',
'Maximum model space distance between geometric entities at asserted c
onnectivities');
#7053=UNCERTAINTY_MEASURE_WITH_UNIT(LENGTH_MEASURE(0.01),#7056,
'DISTANCE_ACCURACY_VALUE',
'Maximum model space distance between geometric entities at asserted c
onnectivities');
#7054=(
GEOMETRIC_REPRESENTATION_CONTEXT(3)
GLOBAL_UNCERTAINTY_ASSIGNED_CONTEXT((#7052))
GLOBAL_UNIT_ASSIGNED_CONTEXT((#7056,#7058,#7059))
REPRESENTATION_CONTEXT('','3D')
);
#7055=(
GEOMETRIC_REPRESENTATION_CONTEXT(3)
GLOBAL_UNCERTAINTY_ASSIGNED_CONTEXT((#7053))
GLOBAL_UNIT_ASSIGNED_CONTEXT((#7056,#7058,#7059))
REPRESENTATION_CONTEXT('','3D')
);
#7056=(
LENGTH_UNIT()
NAMED_UNIT(*)
SI_UNIT(.MILLI.,.METRE.)
);
#7057=(
LENGTH_UNIT()
NAMED_UNIT(*)
SI_UNIT($,.METRE.)
);
#7058=(
NAMED_UNIT(*)
PLANE_ANGLE_UNIT()
SI_UNIT($,.RADIAN.)
);
#7059=(
NAMED_UNIT(*)
SI_UNIT($,.STERADIAN.)
SOLID_ANGLE_UNIT()
);
#7060=SHAPE_DEFINITION_REPRESENTATION(#7061,#7062);
#7061=PRODUCT_DEFINITION_SHAPE('',$,#7064);
#7062=SHAPE_REPRESENTATION('',(#4208),#7054);
#7063=PRODUCT_DEFINITION_CONTEXT('part definition',#7068,'design');
#7064=PRODUCT_DEFINITION(
'Campsite - Split Spacebar Half-Plate (1mm offset)',
'Campsite - Split Spacebar Half-Plate (1mm offset) v1',#7065,#7063);
#7065=PRODUCT_DEFINITION_FORMATION('',$,#7070);
#7066=PRODUCT_RELATED_PRODUCT_CATEGORY(
'Campsite - Split Spacebar Half-Plate (1mm offset) v1',
'Campsite - Split Spacebar Half-Plate (1mm offset) v1',(#7070));
#7067=APPLICATION_PROTOCOL_DEFINITION('international standard',
'automotive_design',2009,#7068);
#7068=APPLICATION_CONTEXT(
'Core Data for Automotive Mechanical Design Process');
#7069=PRODUCT_CONTEXT('part definition',#7068,'mechanical');
#7070=PRODUCT('Campsite - Split Spacebar Half-Plate (1mm offset)',
'Campsite - Split Spacebar Half-Plate (1mm offset) v1',$,(#7069));
#7071=PRESENTATION_STYLE_ASSIGNMENT((#7073));
#7072=PRESENTATION_STYLE_ASSIGNMENT((#7074));
#7073=SURFACE_STYLE_USAGE(.BOTH.,#7075);
#7074=SURFACE_STYLE_USAGE(.BOTH.,#7076);
#7075=SURFACE_SIDE_STYLE('',(#7077));
#7076=SURFACE_SIDE_STYLE('',(#7078));
#7077=SURFACE_STYLE_FILL_AREA(#7079);
#7078=SURFACE_STYLE_FILL_AREA(#7080);
#7079=FILL_AREA_STYLE('Steel - Satin',(#7081));
#7080=FILL_AREA_STYLE('Sandblasted Plate Polycarbonate',(#7082));
#7081=FILL_AREA_STYLE_COLOUR('Steel - Satin',#7083);
#7082=FILL_AREA_STYLE_COLOUR('Sandblasted Plate Polycarbonate',#7084);
#7083=COLOUR_RGB('Steel - Satin',0.627450980392157,0.627450980392157,0.627450980392157);
#7084=COLOUR_RGB('Sandblasted Plate Polycarbonate',1.,1.,1.);
ENDSEC;
END-ISO-10303-21;
