ISO-10303-21;
HEADER;
/* Generated by software containing ST-Developer
 * from STEP Tools, Inc. (www.steptools.com) 
 */

FILE_DESCRIPTION(
/* description */ (''),
/* implementation_level */ '2;1');

FILE_NAME(
/* name */ 
'C:/Users/Walletburner/Desktop/Campsite For Bill/Plate with Split Spac
ebar.step',
/* time_stamp */ '2021-06-21T16:25:11-05:00',
/* author */ (''),
/* organization */ (''),
/* preprocessor_version */ 'ST-DEVELOPER v18.1',
/* originating_system */ 'Autodesk Translation Framework v10.9.0.1377',

/* authorisation */ '');

FILE_SCHEMA (('AUTOMOTIVE_DESIGN { 1 0 10303 214 3 1 1 }'));
ENDSEC;

DATA;
#10=MECHANICAL_DESIGN_GEOMETRIC_PRESENTATION_REPRESENTATION('',(#13),#14379);
#11=SHAPE_REPRESENTATION_RELATIONSHIP('SRR','None',#14386,#12);
#12=ADVANCED_BREP_SHAPE_REPRESENTATION('',(#14),#14378);
#13=STYLED_ITEM('',(#14396),#14);
#14=MANIFOLD_SOLID_BREP('Body1',#8543);
#15=FACE_BOUND('',#1194,.T.);
#16=FACE_BOUND('',#1195,.T.);
#17=FACE_BOUND('',#1196,.T.);
#18=FACE_BOUND('',#1197,.T.);
#19=FACE_BOUND('',#1198,.T.);
#20=FACE_BOUND('',#1199,.T.);
#21=FACE_BOUND('',#1200,.T.);
#22=FACE_BOUND('',#1201,.T.);
#23=FACE_BOUND('',#1202,.T.);
#24=FACE_BOUND('',#1203,.T.);
#25=FACE_BOUND('',#1204,.T.);
#26=FACE_BOUND('',#1205,.T.);
#27=FACE_BOUND('',#1206,.T.);
#28=FACE_BOUND('',#1207,.T.);
#29=FACE_BOUND('',#1208,.T.);
#30=FACE_BOUND('',#1209,.T.);
#31=FACE_BOUND('',#1210,.T.);
#32=FACE_BOUND('',#1211,.T.);
#33=FACE_BOUND('',#1212,.T.);
#34=FACE_BOUND('',#1213,.T.);
#35=FACE_BOUND('',#1214,.T.);
#36=FACE_BOUND('',#1215,.T.);
#37=FACE_BOUND('',#1216,.T.);
#38=FACE_BOUND('',#1217,.T.);
#39=FACE_BOUND('',#1218,.T.);
#40=FACE_BOUND('',#1219,.T.);
#41=FACE_BOUND('',#1220,.T.);
#42=FACE_BOUND('',#1221,.T.);
#43=FACE_BOUND('',#1222,.T.);
#44=FACE_BOUND('',#1223,.T.);
#45=FACE_BOUND('',#1224,.T.);
#46=FACE_BOUND('',#1225,.T.);
#47=FACE_BOUND('',#1226,.T.);
#48=FACE_BOUND('',#1227,.T.);
#49=FACE_BOUND('',#1228,.T.);
#50=FACE_BOUND('',#1229,.T.);
#51=FACE_BOUND('',#1230,.T.);
#52=FACE_BOUND('',#1231,.T.);
#53=FACE_BOUND('',#1232,.T.);
#54=FACE_BOUND('',#1233,.T.);
#55=FACE_BOUND('',#1234,.T.);
#56=FACE_BOUND('',#1235,.T.);
#57=FACE_BOUND('',#1236,.T.);
#58=FACE_BOUND('',#1237,.T.);
#59=FACE_BOUND('',#1238,.T.);
#60=FACE_BOUND('',#1239,.T.);
#61=FACE_BOUND('',#1240,.T.);
#62=FACE_BOUND('',#1241,.T.);
#63=FACE_BOUND('',#1243,.T.);
#64=FACE_BOUND('',#1244,.T.);
#65=FACE_BOUND('',#1245,.T.);
#66=FACE_BOUND('',#1246,.T.);
#67=FACE_BOUND('',#1247,.T.);
#68=FACE_BOUND('',#1248,.T.);
#69=FACE_BOUND('',#1249,.T.);
#70=FACE_BOUND('',#1250,.T.);
#71=FACE_BOUND('',#1251,.T.);
#72=FACE_BOUND('',#1252,.T.);
#73=FACE_BOUND('',#1253,.T.);
#74=FACE_BOUND('',#1254,.T.);
#75=FACE_BOUND('',#1255,.T.);
#76=FACE_BOUND('',#1256,.T.);
#77=FACE_BOUND('',#1257,.T.);
#78=FACE_BOUND('',#1258,.T.);
#79=FACE_BOUND('',#1259,.T.);
#80=FACE_BOUND('',#1260,.T.);
#81=FACE_BOUND('',#1261,.T.);
#82=FACE_BOUND('',#1262,.T.);
#83=FACE_BOUND('',#1263,.T.);
#84=FACE_BOUND('',#1264,.T.);
#85=FACE_BOUND('',#1265,.T.);
#86=FACE_BOUND('',#1266,.T.);
#87=FACE_BOUND('',#1267,.T.);
#88=FACE_BOUND('',#1268,.T.);
#89=FACE_BOUND('',#1269,.T.);
#90=FACE_BOUND('',#1270,.T.);
#91=FACE_BOUND('',#1271,.T.);
#92=FACE_BOUND('',#1272,.T.);
#93=FACE_BOUND('',#1273,.T.);
#94=FACE_BOUND('',#1274,.T.);
#95=FACE_BOUND('',#1275,.T.);
#96=FACE_BOUND('',#1276,.T.);
#97=FACE_BOUND('',#1277,.T.);
#98=FACE_BOUND('',#1278,.T.);
#99=FACE_BOUND('',#1279,.T.);
#100=FACE_BOUND('',#1280,.T.);
#101=FACE_BOUND('',#1281,.T.);
#102=FACE_BOUND('',#1282,.T.);
#103=FACE_BOUND('',#1283,.T.);
#104=FACE_BOUND('',#1284,.T.);
#105=FACE_BOUND('',#1285,.T.);
#106=FACE_BOUND('',#1286,.T.);
#107=FACE_BOUND('',#1287,.T.);
#108=FACE_BOUND('',#1288,.T.);
#109=FACE_BOUND('',#1289,.T.);
#110=FACE_BOUND('',#1290,.T.);
#111=CIRCLE('',#8561,1.99999999999996);
#112=CIRCLE('',#8562,1.99999999999996);
#113=CIRCLE('',#8565,1.99999999999996);
#114=CIRCLE('',#8566,1.99999999999996);
#115=CIRCLE('',#8571,1.99999999999999);
#116=CIRCLE('',#8572,1.99999999999999);
#117=CIRCLE('',#8575,0.499999999999972);
#118=CIRCLE('',#8576,0.499999999999972);
#119=CIRCLE('',#8579,0.500000000000016);
#120=CIRCLE('',#8580,0.500000000000016);
#121=CIRCLE('',#8583,2.);
#122=CIRCLE('',#8584,2.);
#123=CIRCLE('',#8589,1.99999999999994);
#124=CIRCLE('',#8590,1.99999999999994);
#125=CIRCLE('',#8593,1.99999999999997);
#126=CIRCLE('',#8594,1.99999999999997);
#127=CIRCLE('',#8599,2.);
#128=CIRCLE('',#8600,2.);
#129=CIRCLE('',#8603,0.500000000000011);
#130=CIRCLE('',#8604,0.500000000000011);
#131=CIRCLE('',#8607,0.500000000000002);
#132=CIRCLE('',#8608,0.500000000000002);
#133=CIRCLE('',#8611,2.);
#134=CIRCLE('',#8612,2.);
#135=CIRCLE('',#8614,0.499999999999998);
#136=CIRCLE('',#8615,0.499999999999998);
#137=CIRCLE('',#8618,0.500000000000007);
#138=CIRCLE('',#8619,0.500000000000007);
#139=CIRCLE('',#8621,0.499999999999998);
#140=CIRCLE('',#8622,0.499999999999998);
#141=CIRCLE('',#8625,0.500000000000007);
#142=CIRCLE('',#8626,0.500000000000007);
#143=CIRCLE('',#8628,0.499999999999998);
#144=CIRCLE('',#8629,0.499999999999998);
#145=CIRCLE('',#8632,0.500000000000007);
#146=CIRCLE('',#8633,0.500000000000007);
#147=CIRCLE('',#8635,0.499999999999998);
#148=CIRCLE('',#8636,0.499999999999998);
#149=CIRCLE('',#8639,0.499999999999989);
#150=CIRCLE('',#8640,0.499999999999989);
#151=CIRCLE('',#8650,0.500000000000025);
#152=CIRCLE('',#8651,0.500000000000007);
#153=CIRCLE('',#8652,0.500000000000025);
#154=CIRCLE('',#8653,0.500000000000007);
#155=CIRCLE('',#8654,0.499999999999989);
#156=CIRCLE('',#8655,0.500000000000025);
#157=CIRCLE('',#8656,0.500000000000007);
#158=CIRCLE('',#8657,0.500000000000025);
#159=CIRCLE('',#8658,0.499999999999998);
#160=CIRCLE('',#8659,0.499999999999998);
#161=CIRCLE('',#8660,0.499999999999998);
#162=CIRCLE('',#8661,0.499999999999998);
#163=CIRCLE('',#8662,0.499999999999998);
#164=CIRCLE('',#8663,0.500000000000007);
#165=CIRCLE('',#8664,0.499999999999998);
#166=CIRCLE('',#8665,0.500000000000007);
#167=CIRCLE('',#8666,0.499999999999998);
#168=CIRCLE('',#8667,0.499999999999998);
#169=CIRCLE('',#8668,0.499999999999998);
#170=CIRCLE('',#8669,0.499999999999998);
#171=CIRCLE('',#8670,0.500000000000043);
#172=CIRCLE('',#8671,0.499999999999994);
#173=CIRCLE('',#8672,0.500000000000007);
#174=CIRCLE('',#8673,0.500000000000034);
#175=CIRCLE('',#8674,0.500000000000043);
#176=CIRCLE('',#8675,0.499999999999989);
#177=CIRCLE('',#8676,0.499999999999989);
#178=CIRCLE('',#8677,0.500000000000012);
#179=CIRCLE('',#8678,0.500000000000007);
#180=CIRCLE('',#8679,0.500000000000047);
#181=CIRCLE('',#8680,0.500000000000043);
#182=CIRCLE('',#8681,0.499999999999994);
#183=CIRCLE('',#8682,0.499999999999972);
#184=CIRCLE('',#8683,0.499999999999967);
#185=CIRCLE('',#8684,0.500000000000007);
#186=CIRCLE('',#8685,0.500000000000012);
#187=CIRCLE('',#8686,0.500000000000007);
#188=CIRCLE('',#8687,0.500000000000012);
#189=CIRCLE('',#8688,0.500000000000007);
#190=CIRCLE('',#8689,0.499999999999998);
#191=CIRCLE('',#8690,0.499999999999998);
#192=CIRCLE('',#8691,0.500000000000007);
#193=CIRCLE('',#8692,0.499999999999998);
#194=CIRCLE('',#8693,0.499999999999976);
#195=CIRCLE('',#8694,0.499999999999998);
#196=CIRCLE('',#8695,0.500000000000007);
#197=CIRCLE('',#8696,0.499999999999998);
#198=CIRCLE('',#8697,0.500000000000007);
#199=CIRCLE('',#8698,0.499999999999998);
#200=CIRCLE('',#8699,0.499999999999998);
#201=CIRCLE('',#8700,0.499999999999998);
#202=CIRCLE('',#8701,0.499999999999998);
#203=CIRCLE('',#8702,0.499999999999998);
#204=CIRCLE('',#8703,0.499999999999998);
#205=CIRCLE('',#8704,0.499999999999998);
#206=CIRCLE('',#8705,0.500000000000007);
#207=CIRCLE('',#8706,0.499999999999994);
#208=CIRCLE('',#8707,0.500000000000016);
#209=CIRCLE('',#8708,0.500000000000003);
#210=CIRCLE('',#8709,0.500000000000016);
#211=CIRCLE('',#8710,0.499999999999998);
#212=CIRCLE('',#8711,0.500000000000007);
#213=CIRCLE('',#8712,0.499999999999998);
#214=CIRCLE('',#8713,0.500000000000007);
#215=CIRCLE('',#8714,0.499999999999972);
#216=CIRCLE('',#8715,0.499999999999998);
#217=CIRCLE('',#8716,0.499999999999972);
#218=CIRCLE('',#8717,0.499999999999976);
#219=CIRCLE('',#8718,0.499999999999998);
#220=CIRCLE('',#8719,0.500000000000007);
#221=CIRCLE('',#8720,0.499999999999998);
#222=CIRCLE('',#8721,0.500000000000007);
#223=CIRCLE('',#8722,0.499999999999998);
#224=CIRCLE('',#8723,0.500000000000007);
#225=CIRCLE('',#8724,0.499999999999998);
#226=CIRCLE('',#8725,0.500000000000007);
#227=CIRCLE('',#8726,0.499999999999998);
#228=CIRCLE('',#8727,0.500000000000007);
#229=CIRCLE('',#8728,0.499999999999998);
#230=CIRCLE('',#8729,0.500000000000007);
#231=CIRCLE('',#8730,0.499999999999998);
#232=CIRCLE('',#8731,0.499999999999998);
#233=CIRCLE('',#8732,0.499999999999998);
#234=CIRCLE('',#8733,0.499999999999998);
#235=CIRCLE('',#8734,0.499999999999998);
#236=CIRCLE('',#8735,0.500000000000007);
#237=CIRCLE('',#8736,0.499999999999998);
#238=CIRCLE('',#8737,0.500000000000007);
#239=CIRCLE('',#8738,0.499999999999998);
#240=CIRCLE('',#8739,0.500000000000007);
#241=CIRCLE('',#8740,0.499999999999998);
#242=CIRCLE('',#8741,0.500000000000007);
#243=CIRCLE('',#8742,0.499999999999998);
#244=CIRCLE('',#8743,0.500000000000007);
#245=CIRCLE('',#8744,0.499999999999998);
#246=CIRCLE('',#8745,0.500000000000007);
#247=CIRCLE('',#8746,0.500000000000007);
#248=CIRCLE('',#8747,0.5);
#249=CIRCLE('',#8748,0.500000000000007);
#250=CIRCLE('',#8749,0.5);
#251=CIRCLE('',#8750,0.5);
#252=CIRCLE('',#8751,0.499999999999998);
#253=CIRCLE('',#8752,0.5);
#254=CIRCLE('',#8753,0.499999999999998);
#255=CIRCLE('',#8754,0.5);
#256=CIRCLE('',#8755,0.5);
#257=CIRCLE('',#8756,0.5);
#258=CIRCLE('',#8757,0.5);
#259=CIRCLE('',#8758,0.5);
#260=CIRCLE('',#8759,0.500000000000007);
#261=CIRCLE('',#8760,0.5);
#262=CIRCLE('',#8761,0.500000000000007);
#263=CIRCLE('',#8762,0.5);
#264=CIRCLE('',#8763,0.499999999999998);
#265=CIRCLE('',#8764,0.5);
#266=CIRCLE('',#8765,0.499999999999998);
#267=CIRCLE('',#8766,0.5);
#268=CIRCLE('',#8767,0.500000000000007);
#269=CIRCLE('',#8768,0.5);
#270=CIRCLE('',#8769,0.500000000000007);
#271=CIRCLE('',#8770,0.5);
#272=CIRCLE('',#8771,0.499999999999998);
#273=CIRCLE('',#8772,0.5);
#274=CIRCLE('',#8773,0.499999999999998);
#275=CIRCLE('',#8774,0.5);
#276=CIRCLE('',#8775,0.500000000000007);
#277=CIRCLE('',#8776,0.5);
#278=CIRCLE('',#8777,0.500000000000007);
#279=CIRCLE('',#8778,0.5);
#280=CIRCLE('',#8779,0.500000000000007);
#281=CIRCLE('',#8780,0.5);
#282=CIRCLE('',#8781,0.500000000000007);
#283=CIRCLE('',#8782,0.5);
#284=CIRCLE('',#8783,0.500000000000007);
#285=CIRCLE('',#8784,0.5);
#286=CIRCLE('',#8785,0.500000000000007);
#287=CIRCLE('',#8786,0.500000000000007);
#288=CIRCLE('',#8787,0.5);
#289=CIRCLE('',#8788,0.500000000000007);
#290=CIRCLE('',#8789,0.5);
#291=CIRCLE('',#8790,0.5);
#292=CIRCLE('',#8791,0.499999999999998);
#293=CIRCLE('',#8792,0.5);
#294=CIRCLE('',#8793,0.500000000000007);
#295=CIRCLE('',#8794,0.499999999999998);
#296=CIRCLE('',#8795,0.499999999999998);
#297=CIRCLE('',#8796,0.499999999999998);
#298=CIRCLE('',#8797,0.500000000000003);
#299=CIRCLE('',#8798,0.499999999999998);
#300=CIRCLE('',#8799,0.5);
#301=CIRCLE('',#8800,0.499999999999998);
#302=CIRCLE('',#8801,0.5);
#303=CIRCLE('',#8802,0.499999999999998);
#304=CIRCLE('',#8803,0.500000000000007);
#305=CIRCLE('',#8804,0.499999999999998);
#306=CIRCLE('',#8805,0.500000000000007);
#307=CIRCLE('',#8806,0.499999999999998);
#308=CIRCLE('',#8807,0.5);
#309=CIRCLE('',#8808,0.499999999999998);
#310=CIRCLE('',#8809,0.499999999999998);
#311=CIRCLE('',#8810,0.499999999999998);
#312=CIRCLE('',#8811,0.500000000000007);
#313=CIRCLE('',#8812,0.499999999999998);
#314=CIRCLE('',#8813,0.500000000000007);
#315=CIRCLE('',#8814,0.499999999999998);
#316=CIRCLE('',#8815,0.499999999999972);
#317=CIRCLE('',#8816,0.499999999999998);
#318=CIRCLE('',#8817,0.500000000000007);
#319=CIRCLE('',#8818,0.499999999999998);
#320=CIRCLE('',#8819,0.499999999999998);
#321=CIRCLE('',#8820,0.499999999999998);
#322=CIRCLE('',#8821,0.499999999999998);
#323=CIRCLE('',#8822,0.499999999999998);
#324=CIRCLE('',#8823,0.500000000000007);
#325=CIRCLE('',#8824,0.499999999999998);
#326=CIRCLE('',#8825,0.500000000000007);
#327=CIRCLE('',#8826,0.499999999999998);
#328=CIRCLE('',#8827,0.499999999999998);
#329=CIRCLE('',#8828,0.499999999999998);
#330=CIRCLE('',#8829,0.499999999999998);
#331=CIRCLE('',#8830,0.499999999999998);
#332=CIRCLE('',#8831,0.500000000000007);
#333=CIRCLE('',#8832,0.499999999999998);
#334=CIRCLE('',#8833,0.500000000000007);
#335=CIRCLE('',#8835,0.500000000000025);
#336=CIRCLE('',#8836,0.500000000000007);
#337=CIRCLE('',#8837,0.500000000000007);
#338=CIRCLE('',#8838,0.500000000000025);
#339=CIRCLE('',#8839,0.500000000000007);
#340=CIRCLE('',#8840,0.500000000000025);
#341=CIRCLE('',#8841,0.500000000000025);
#342=CIRCLE('',#8842,0.499999999999989);
#343=CIRCLE('',#8843,0.500000000000007);
#344=CIRCLE('',#8844,0.499999999999998);
#345=CIRCLE('',#8845,0.500000000000007);
#346=CIRCLE('',#8846,0.499999999999998);
#347=CIRCLE('',#8847,0.499999999999998);
#348=CIRCLE('',#8848,0.499999999999998);
#349=CIRCLE('',#8849,0.499999999999998);
#350=CIRCLE('',#8850,0.499999999999998);
#351=CIRCLE('',#8851,0.500000000000007);
#352=CIRCLE('',#8852,0.499999999999998);
#353=CIRCLE('',#8853,0.500000000000007);
#354=CIRCLE('',#8854,0.499999999999998);
#355=CIRCLE('',#8855,0.499999999999998);
#356=CIRCLE('',#8856,0.499999999999998);
#357=CIRCLE('',#8857,0.499999999999998);
#358=CIRCLE('',#8858,0.499999999999998);
#359=CIRCLE('',#8859,0.500000000000007);
#360=CIRCLE('',#8860,0.499999999999998);
#361=CIRCLE('',#8861,0.499999999999972);
#362=CIRCLE('',#8862,0.499999999999998);
#363=CIRCLE('',#8863,0.500000000000007);
#364=CIRCLE('',#8864,0.499999999999998);
#365=CIRCLE('',#8865,0.500000000000007);
#366=CIRCLE('',#8866,0.499999999999998);
#367=CIRCLE('',#8867,0.499999999999998);
#368=CIRCLE('',#8868,0.499999999999998);
#369=CIRCLE('',#8869,0.5);
#370=CIRCLE('',#8870,0.499999999999998);
#371=CIRCLE('',#8871,0.499999999999998);
#372=CIRCLE('',#8872,0.500000000000007);
#373=CIRCLE('',#8873,0.499999999999998);
#374=CIRCLE('',#8874,0.500000000000007);
#375=CIRCLE('',#8875,0.5);
#376=CIRCLE('',#8876,0.499999999999998);
#377=CIRCLE('',#8877,0.5);
#378=CIRCLE('',#8878,0.499999999999998);
#379=CIRCLE('',#8879,0.500000000000003);
#380=CIRCLE('',#8880,0.499999999999998);
#381=CIRCLE('',#8881,0.499999999999998);
#382=CIRCLE('',#8882,0.499999999999998);
#383=CIRCLE('',#8883,0.500000000000007);
#384=CIRCLE('',#8884,0.5);
#385=CIRCLE('',#8885,0.499999999999998);
#386=CIRCLE('',#8886,0.5);
#387=CIRCLE('',#8887,0.5);
#388=CIRCLE('',#8888,0.500000000000007);
#389=CIRCLE('',#8889,0.5);
#390=CIRCLE('',#8890,0.500000000000007);
#391=CIRCLE('',#8891,0.500000000000007);
#392=CIRCLE('',#8892,0.5);
#393=CIRCLE('',#8893,0.500000000000007);
#394=CIRCLE('',#8894,0.5);
#395=CIRCLE('',#8895,0.500000000000007);
#396=CIRCLE('',#8896,0.5);
#397=CIRCLE('',#8897,0.500000000000007);
#398=CIRCLE('',#8898,0.5);
#399=CIRCLE('',#8899,0.500000000000007);
#400=CIRCLE('',#8900,0.5);
#401=CIRCLE('',#8901,0.500000000000007);
#402=CIRCLE('',#8902,0.5);
#403=CIRCLE('',#8903,0.5);
#404=CIRCLE('',#8904,0.499999999999998);
#405=CIRCLE('',#8905,0.5);
#406=CIRCLE('',#8906,0.499999999999998);
#407=CIRCLE('',#8907,0.500000000000007);
#408=CIRCLE('',#8908,0.5);
#409=CIRCLE('',#8909,0.500000000000007);
#410=CIRCLE('',#8910,0.5);
#411=CIRCLE('',#8911,0.5);
#412=CIRCLE('',#8912,0.499999999999998);
#413=CIRCLE('',#8913,0.5);
#414=CIRCLE('',#8914,0.499999999999998);
#415=CIRCLE('',#8915,0.5);
#416=CIRCLE('',#8916,0.500000000000007);
#417=CIRCLE('',#8917,0.5);
#418=CIRCLE('',#8918,0.500000000000007);
#419=CIRCLE('',#8919,0.5);
#420=CIRCLE('',#8920,0.5);
#421=CIRCLE('',#8921,0.5);
#422=CIRCLE('',#8922,0.5);
#423=CIRCLE('',#8923,0.499999999999998);
#424=CIRCLE('',#8924,0.5);
#425=CIRCLE('',#8925,0.499999999999998);
#426=CIRCLE('',#8926,0.5);
#427=CIRCLE('',#8927,0.5);
#428=CIRCLE('',#8928,0.500000000000007);
#429=CIRCLE('',#8929,0.5);
#430=CIRCLE('',#8930,0.500000000000007);
#431=CIRCLE('',#8931,0.500000000000007);
#432=CIRCLE('',#8932,0.499999999999998);
#433=CIRCLE('',#8933,0.500000000000007);
#434=CIRCLE('',#8934,0.499999999999998);
#435=CIRCLE('',#8935,0.500000000000007);
#436=CIRCLE('',#8936,0.499999999999998);
#437=CIRCLE('',#8937,0.500000000000007);
#438=CIRCLE('',#8938,0.499999999999998);
#439=CIRCLE('',#8939,0.500000000000007);
#440=CIRCLE('',#8940,0.499999999999998);
#441=CIRCLE('',#8941,0.500000000000007);
#442=CIRCLE('',#8942,0.499999999999998);
#443=CIRCLE('',#8943,0.499999999999998);
#444=CIRCLE('',#8944,0.499999999999998);
#445=CIRCLE('',#8945,0.499999999999998);
#446=CIRCLE('',#8946,0.499999999999998);
#447=CIRCLE('',#8947,0.500000000000007);
#448=CIRCLE('',#8948,0.499999999999998);
#449=CIRCLE('',#8949,0.500000000000007);
#450=CIRCLE('',#8950,0.499999999999998);
#451=CIRCLE('',#8951,0.500000000000007);
#452=CIRCLE('',#8952,0.499999999999998);
#453=CIRCLE('',#8953,0.500000000000007);
#454=CIRCLE('',#8954,0.499999999999998);
#455=CIRCLE('',#8955,0.500000000000007);
#456=CIRCLE('',#8956,0.499999999999998);
#457=CIRCLE('',#8957,0.500000000000007);
#458=CIRCLE('',#8958,0.499999999999998);
#459=CIRCLE('',#8959,0.499999999999976);
#460=CIRCLE('',#8960,0.499999999999972);
#461=CIRCLE('',#8961,0.499999999999998);
#462=CIRCLE('',#8962,0.499999999999972);
#463=CIRCLE('',#8963,0.500000000000007);
#464=CIRCLE('',#8964,0.499999999999998);
#465=CIRCLE('',#8965,0.500000000000007);
#466=CIRCLE('',#8966,0.499999999999998);
#467=CIRCLE('',#8967,0.500000000000016);
#468=CIRCLE('',#8968,0.500000000000003);
#469=CIRCLE('',#8969,0.500000000000016);
#470=CIRCLE('',#8970,0.499999999999994);
#471=CIRCLE('',#8971,0.500000000000007);
#472=CIRCLE('',#8972,0.499999999999998);
#473=CIRCLE('',#8973,0.499999999999998);
#474=CIRCLE('',#8974,0.499999999999998);
#475=CIRCLE('',#8975,0.499999999999998);
#476=CIRCLE('',#8976,0.499999999999998);
#477=CIRCLE('',#8977,0.499999999999998);
#478=CIRCLE('',#8978,0.499999999999998);
#479=CIRCLE('',#8979,0.500000000000007);
#480=CIRCLE('',#8980,0.499999999999998);
#481=CIRCLE('',#8981,0.500000000000007);
#482=CIRCLE('',#8982,0.499999999999998);
#483=CIRCLE('',#8983,0.499999999999976);
#484=CIRCLE('',#8984,0.499999999999998);
#485=CIRCLE('',#8985,0.500000000000007);
#486=CIRCLE('',#8986,0.499999999999998);
#487=CIRCLE('',#8987,0.499999999999998);
#488=CIRCLE('',#8988,0.500000000000007);
#489=CIRCLE('',#8989,0.500000000000012);
#490=CIRCLE('',#8990,0.500000000000007);
#491=CIRCLE('',#8991,0.499999999999972);
#492=CIRCLE('',#8992,0.500000000000012);
#493=CIRCLE('',#8993,0.500000000000007);
#494=CIRCLE('',#8994,0.499999999999967);
#495=CIRCLE('',#8995,0.500000000000007);
#496=CIRCLE('',#8996,0.499999999999994);
#497=CIRCLE('',#8997,0.500000000000043);
#498=CIRCLE('',#8998,0.500000000000047);
#499=CIRCLE('',#8999,0.500000000000043);
#500=CIRCLE('',#9000,0.500000000000012);
#501=CIRCLE('',#9001,0.499999999999989);
#502=CIRCLE('',#9002,0.499999999999989);
#503=CIRCLE('',#9003,0.500000000000043);
#504=CIRCLE('',#9004,0.500000000000034);
#505=CIRCLE('',#9005,0.500000000000007);
#506=CIRCLE('',#9006,0.499999999999994);
#507=CIRCLE('',#9007,0.499999999999998);
#508=CIRCLE('',#9008,0.499999999999998);
#509=CIRCLE('',#9009,0.499999999999998);
#510=CIRCLE('',#9010,0.499999999999998);
#511=CIRCLE('',#9011,0.500000000000007);
#512=CIRCLE('',#9012,0.499999999999998);
#513=CIRCLE('',#9013,0.500000000000007);
#514=CIRCLE('',#9014,0.499999999999998);
#515=CIRCLE('',#9015,0.499999999999998);
#516=CIRCLE('',#9016,0.499999999999998);
#517=CIRCLE('',#9017,0.499999999999998);
#518=CIRCLE('',#9018,0.499999999999998);
#519=CYLINDRICAL_SURFACE('',#8560,1.99999999999996);
#520=CYLINDRICAL_SURFACE('',#8564,1.99999999999996);
#521=CYLINDRICAL_SURFACE('',#8570,1.99999999999999);
#522=CYLINDRICAL_SURFACE('',#8574,0.499999999999972);
#523=CYLINDRICAL_SURFACE('',#8578,0.500000000000016);
#524=CYLINDRICAL_SURFACE('',#8582,2.);
#525=CYLINDRICAL_SURFACE('',#8588,1.99999999999994);
#526=CYLINDRICAL_SURFACE('',#8592,1.99999999999997);
#527=CYLINDRICAL_SURFACE('',#8598,2.);
#528=CYLINDRICAL_SURFACE('',#8602,0.500000000000011);
#529=CYLINDRICAL_SURFACE('',#8606,0.500000000000002);
#530=CYLINDRICAL_SURFACE('',#8610,2.);
#531=CYLINDRICAL_SURFACE('',#8613,0.499999999999998);
#532=CYLINDRICAL_SURFACE('',#8617,0.500000000000007);
#533=CYLINDRICAL_SURFACE('',#8620,0.499999999999998);
#534=CYLINDRICAL_SURFACE('',#8624,0.500000000000007);
#535=CYLINDRICAL_SURFACE('',#8627,0.499999999999998);
#536=CYLINDRICAL_SURFACE('',#8631,0.500000000000007);
#537=CYLINDRICAL_SURFACE('',#8634,0.499999999999998);
#538=CYLINDRICAL_SURFACE('',#8638,0.499999999999989);
#539=CYLINDRICAL_SURFACE('',#9019,0.500000000000025);
#540=CYLINDRICAL_SURFACE('',#9020,0.500000000000007);
#541=CYLINDRICAL_SURFACE('',#9022,0.500000000000025);
#542=CYLINDRICAL_SURFACE('',#9024,0.500000000000007);
#543=CYLINDRICAL_SURFACE('',#9025,0.499999999999989);
#544=CYLINDRICAL_SURFACE('',#9027,0.500000000000025);
#545=CYLINDRICAL_SURFACE('',#9028,0.500000000000025);
#546=CYLINDRICAL_SURFACE('',#9030,0.500000000000007);
#547=CYLINDRICAL_SURFACE('',#9031,0.499999999999998);
#548=CYLINDRICAL_SURFACE('',#9033,0.500000000000007);
#549=CYLINDRICAL_SURFACE('',#9035,0.499999999999998);
#550=CYLINDRICAL_SURFACE('',#9037,0.500000000000007);
#551=CYLINDRICAL_SURFACE('',#9039,0.499999999999998);
#552=CYLINDRICAL_SURFACE('',#9041,0.499999999999998);
#553=CYLINDRICAL_SURFACE('',#9043,0.499999999999998);
#554=CYLINDRICAL_SURFACE('',#9045,0.499999999999998);
#555=CYLINDRICAL_SURFACE('',#9047,0.499999999999998);
#556=CYLINDRICAL_SURFACE('',#9049,0.500000000000007);
#557=CYLINDRICAL_SURFACE('',#9051,0.499999999999998);
#558=CYLINDRICAL_SURFACE('',#9053,0.500000000000007);
#559=CYLINDRICAL_SURFACE('',#9055,0.499999999999998);
#560=CYLINDRICAL_SURFACE('',#9057,0.499999999999998);
#561=CYLINDRICAL_SURFACE('',#9059,0.499999999999998);
#562=CYLINDRICAL_SURFACE('',#9061,0.499999999999998);
#563=CYLINDRICAL_SURFACE('',#9063,0.499999999999998);
#564=CYLINDRICAL_SURFACE('',#9065,0.499999999999972);
#565=CYLINDRICAL_SURFACE('',#9067,0.499999999999998);
#566=CYLINDRICAL_SURFACE('',#9069,0.500000000000007);
#567=CYLINDRICAL_SURFACE('',#9071,0.499999999999998);
#568=CYLINDRICAL_SURFACE('',#9073,0.500000000000007);
#569=CYLINDRICAL_SURFACE('',#9075,0.499999999999998);
#570=CYLINDRICAL_SURFACE('',#9077,0.500000000000007);
#571=CYLINDRICAL_SURFACE('',#9079,0.499999999999998);
#572=CYLINDRICAL_SURFACE('',#9081,0.5);
#573=CYLINDRICAL_SURFACE('',#9083,0.499999999999998);
#574=CYLINDRICAL_SURFACE('',#9085,0.499999999999998);
#575=CYLINDRICAL_SURFACE('',#9088,0.500000000000007);
#576=CYLINDRICAL_SURFACE('',#9090,0.499999999999998);
#577=CYLINDRICAL_SURFACE('',#9092,0.500000000000007);
#578=CYLINDRICAL_SURFACE('',#9094,0.499999999999998);
#579=CYLINDRICAL_SURFACE('',#9095,0.499999999999998);
#580=CYLINDRICAL_SURFACE('',#9097,0.5);
#581=CYLINDRICAL_SURFACE('',#9099,0.499999999999998);
#582=CYLINDRICAL_SURFACE('',#9101,0.5);
#583=CYLINDRICAL_SURFACE('',#9103,0.499999999999998);
#584=CYLINDRICAL_SURFACE('',#9105,0.499999999999998);
#585=CYLINDRICAL_SURFACE('',#9107,0.499999999999998);
#586=CYLINDRICAL_SURFACE('',#9109,0.500000000000003);
#587=CYLINDRICAL_SURFACE('',#9111,0.5);
#588=CYLINDRICAL_SURFACE('',#9113,0.499999999999998);
#589=CYLINDRICAL_SURFACE('',#9115,0.5);
#590=CYLINDRICAL_SURFACE('',#9117,0.500000000000007);
#591=CYLINDRICAL_SURFACE('',#9119,0.500000000000007);
#592=CYLINDRICAL_SURFACE('',#9121,0.5);
#593=CYLINDRICAL_SURFACE('',#9123,0.500000000000007);
#594=CYLINDRICAL_SURFACE('',#9125,0.5);
#595=CYLINDRICAL_SURFACE('',#9127,0.5);
#596=CYLINDRICAL_SURFACE('',#9129,0.500000000000007);
#597=CYLINDRICAL_SURFACE('',#9131,0.5);
#598=CYLINDRICAL_SURFACE('',#9133,0.500000000000007);
#599=CYLINDRICAL_SURFACE('',#9135,0.5);
#600=CYLINDRICAL_SURFACE('',#9137,0.500000000000007);
#601=CYLINDRICAL_SURFACE('',#9139,0.5);
#602=CYLINDRICAL_SURFACE('',#9141,0.500000000000007);
#603=CYLINDRICAL_SURFACE('',#9143,0.5);
#604=CYLINDRICAL_SURFACE('',#9145,0.500000000000007);
#605=CYLINDRICAL_SURFACE('',#9147,0.5);
#606=CYLINDRICAL_SURFACE('',#9149,0.500000000000007);
#607=CYLINDRICAL_SURFACE('',#9152,0.499999999999998);
#608=CYLINDRICAL_SURFACE('',#9154,0.5);
#609=CYLINDRICAL_SURFACE('',#9156,0.499999999999998);
#610=CYLINDRICAL_SURFACE('',#9158,0.5);
#611=CYLINDRICAL_SURFACE('',#9159,0.5);
#612=CYLINDRICAL_SURFACE('',#9161,0.500000000000007);
#613=CYLINDRICAL_SURFACE('',#9163,0.5);
#614=CYLINDRICAL_SURFACE('',#9165,0.500000000000007);
#615=CYLINDRICAL_SURFACE('',#9168,0.499999999999998);
#616=CYLINDRICAL_SURFACE('',#9170,0.5);
#617=CYLINDRICAL_SURFACE('',#9172,0.499999999999998);
#618=CYLINDRICAL_SURFACE('',#9174,0.5);
#619=CYLINDRICAL_SURFACE('',#9176,0.500000000000007);
#620=CYLINDRICAL_SURFACE('',#9178,0.5);
#621=CYLINDRICAL_SURFACE('',#9180,0.500000000000007);
#622=CYLINDRICAL_SURFACE('',#9182,0.5);
#623=CYLINDRICAL_SURFACE('',#9183,0.5);
#624=CYLINDRICAL_SURFACE('',#9185,0.5);
#625=CYLINDRICAL_SURFACE('',#9187,0.5);
#626=CYLINDRICAL_SURFACE('',#9189,0.5);
#627=CYLINDRICAL_SURFACE('',#9191,0.5);
#628=CYLINDRICAL_SURFACE('',#9193,0.499999999999998);
#629=CYLINDRICAL_SURFACE('',#9195,0.5);
#630=CYLINDRICAL_SURFACE('',#9197,0.499999999999998);
#631=CYLINDRICAL_SURFACE('',#9199,0.500000000000007);
#632=CYLINDRICAL_SURFACE('',#9201,0.5);
#633=CYLINDRICAL_SURFACE('',#9203,0.500000000000007);
#634=CYLINDRICAL_SURFACE('',#9205,0.5);
#635=CYLINDRICAL_SURFACE('',#9207,0.499999999999998);
#636=CYLINDRICAL_SURFACE('',#9209,0.500000000000007);
#637=CYLINDRICAL_SURFACE('',#9211,0.499999999999998);
#638=CYLINDRICAL_SURFACE('',#9213,0.500000000000007);
#639=CYLINDRICAL_SURFACE('',#9215,0.499999999999998);
#640=CYLINDRICAL_SURFACE('',#9217,0.500000000000007);
#641=CYLINDRICAL_SURFACE('',#9219,0.499999999999998);
#642=CYLINDRICAL_SURFACE('',#9221,0.500000000000007);
#643=CYLINDRICAL_SURFACE('',#9223,0.499999999999998);
#644=CYLINDRICAL_SURFACE('',#9225,0.500000000000007);
#645=CYLINDRICAL_SURFACE('',#9227,0.499999999999998);
#646=CYLINDRICAL_SURFACE('',#9229,0.500000000000007);
#647=CYLINDRICAL_SURFACE('',#9231,0.499999999999998);
#648=CYLINDRICAL_SURFACE('',#9233,0.499999999999998);
#649=CYLINDRICAL_SURFACE('',#9235,0.499999999999998);
#650=CYLINDRICAL_SURFACE('',#9237,0.499999999999998);
#651=CYLINDRICAL_SURFACE('',#9239,0.499999999999998);
#652=CYLINDRICAL_SURFACE('',#9241,0.500000000000007);
#653=CYLINDRICAL_SURFACE('',#9243,0.499999999999998);
#654=CYLINDRICAL_SURFACE('',#9245,0.500000000000007);
#655=CYLINDRICAL_SURFACE('',#9247,0.499999999999998);
#656=CYLINDRICAL_SURFACE('',#9249,0.500000000000007);
#657=CYLINDRICAL_SURFACE('',#9251,0.499999999999998);
#658=CYLINDRICAL_SURFACE('',#9253,0.500000000000007);
#659=CYLINDRICAL_SURFACE('',#9255,0.499999999999998);
#660=CYLINDRICAL_SURFACE('',#9257,0.500000000000007);
#661=CYLINDRICAL_SURFACE('',#9259,0.499999999999998);
#662=CYLINDRICAL_SURFACE('',#9261,0.500000000000007);
#663=CYLINDRICAL_SURFACE('',#9263,0.499999999999972);
#664=CYLINDRICAL_SURFACE('',#9265,0.499999999999998);
#665=CYLINDRICAL_SURFACE('',#9267,0.499999999999972);
#666=CYLINDRICAL_SURFACE('',#9269,0.499999999999976);
#667=CYLINDRICAL_SURFACE('',#9271,0.499999999999998);
#668=CYLINDRICAL_SURFACE('',#9273,0.500000000000007);
#669=CYLINDRICAL_SURFACE('',#9275,0.499999999999998);
#670=CYLINDRICAL_SURFACE('',#9277,0.500000000000007);
#671=CYLINDRICAL_SURFACE('',#9279,0.499999999999994);
#672=CYLINDRICAL_SURFACE('',#9281,0.500000000000016);
#673=CYLINDRICAL_SURFACE('',#9283,0.500000000000003);
#674=CYLINDRICAL_SURFACE('',#9285,0.500000000000016);
#675=CYLINDRICAL_SURFACE('',#9287,0.499999999999998);
#676=CYLINDRICAL_SURFACE('',#9289,0.499999999999998);
#677=CYLINDRICAL_SURFACE('',#9291,0.499999999999998);
#678=CYLINDRICAL_SURFACE('',#9293,0.500000000000007);
#679=CYLINDRICAL_SURFACE('',#9295,0.499999999999998);
#680=CYLINDRICAL_SURFACE('',#9297,0.499999999999998);
#681=CYLINDRICAL_SURFACE('',#9299,0.499999999999998);
#682=CYLINDRICAL_SURFACE('',#9301,0.499999999999998);
#683=CYLINDRICAL_SURFACE('',#9303,0.499999999999998);
#684=CYLINDRICAL_SURFACE('',#9305,0.500000000000007);
#685=CYLINDRICAL_SURFACE('',#9307,0.499999999999998);
#686=CYLINDRICAL_SURFACE('',#9309,0.500000000000007);
#687=CYLINDRICAL_SURFACE('',#9311,0.499999999999998);
#688=CYLINDRICAL_SURFACE('',#9313,0.500000000000007);
#689=CYLINDRICAL_SURFACE('',#9315,0.499999999999998);
#690=CYLINDRICAL_SURFACE('',#9317,0.499999999999976);
#691=CYLINDRICAL_SURFACE('',#9319,0.500000000000007);
#692=CYLINDRICAL_SURFACE('',#9321,0.500000000000012);
#693=CYLINDRICAL_SURFACE('',#9323,0.500000000000007);
#694=CYLINDRICAL_SURFACE('',#9325,0.499999999999998);
#695=CYLINDRICAL_SURFACE('',#9328,0.499999999999967);
#696=CYLINDRICAL_SURFACE('',#9330,0.500000000000007);
#697=CYLINDRICAL_SURFACE('',#9332,0.500000000000012);
#698=CYLINDRICAL_SURFACE('',#9334,0.499999999999972);
#699=CYLINDRICAL_SURFACE('',#9336,0.500000000000047);
#700=CYLINDRICAL_SURFACE('',#9338,0.500000000000043);
#701=CYLINDRICAL_SURFACE('',#9340,0.499999999999994);
#702=CYLINDRICAL_SURFACE('',#9342,0.500000000000007);
#703=CYLINDRICAL_SURFACE('',#9344,0.499999999999989);
#704=CYLINDRICAL_SURFACE('',#9346,0.499999999999989);
#705=CYLINDRICAL_SURFACE('',#9348,0.500000000000012);
#706=CYLINDRICAL_SURFACE('',#9350,0.500000000000043);
#707=CYLINDRICAL_SURFACE('',#9352,0.499999999999994);
#708=CYLINDRICAL_SURFACE('',#9354,0.500000000000007);
#709=CYLINDRICAL_SURFACE('',#9356,0.500000000000034);
#710=CYLINDRICAL_SURFACE('',#9358,0.500000000000043);
#711=CYLINDRICAL_SURFACE('',#9359,0.499999999999998);
#712=CYLINDRICAL_SURFACE('',#9361,0.499999999999998);
#713=CYLINDRICAL_SURFACE('',#9363,0.499999999999998);
#714=CYLINDRICAL_SURFACE('',#9365,0.499999999999998);
#715=CYLINDRICAL_SURFACE('',#9367,0.499999999999998);
#716=CYLINDRICAL_SURFACE('',#9369,0.500000000000007);
#717=CYLINDRICAL_SURFACE('',#9371,0.499999999999998);
#718=CYLINDRICAL_SURFACE('',#9373,0.500000000000007);
#719=CYLINDRICAL_SURFACE('',#9375,0.499999999999998);
#720=CYLINDRICAL_SURFACE('',#9377,0.499999999999998);
#721=CYLINDRICAL_SURFACE('',#9379,0.499999999999998);
#722=CYLINDRICAL_SURFACE('',#9381,0.499999999999998);
#723=FACE_OUTER_BOUND('',#1141,.T.);
#724=FACE_OUTER_BOUND('',#1142,.T.);
#725=FACE_OUTER_BOUND('',#1143,.T.);
#726=FACE_OUTER_BOUND('',#1144,.T.);
#727=FACE_OUTER_BOUND('',#1145,.T.);
#728=FACE_OUTER_BOUND('',#1146,.T.);
#729=FACE_OUTER_BOUND('',#1147,.T.);
#730=FACE_OUTER_BOUND('',#1148,.T.);
#731=FACE_OUTER_BOUND('',#1149,.T.);
#732=FACE_OUTER_BOUND('',#1150,.T.);
#733=FACE_OUTER_BOUND('',#1151,.T.);
#734=FACE_OUTER_BOUND('',#1152,.T.);
#735=FACE_OUTER_BOUND('',#1153,.T.);
#736=FACE_OUTER_BOUND('',#1154,.T.);
#737=FACE_OUTER_BOUND('',#1155,.T.);
#738=FACE_OUTER_BOUND('',#1156,.T.);
#739=FACE_OUTER_BOUND('',#1157,.T.);
#740=FACE_OUTER_BOUND('',#1158,.T.);
#741=FACE_OUTER_BOUND('',#1159,.T.);
#742=FACE_OUTER_BOUND('',#1160,.T.);
#743=FACE_OUTER_BOUND('',#1161,.T.);
#744=FACE_OUTER_BOUND('',#1162,.T.);
#745=FACE_OUTER_BOUND('',#1163,.T.);
#746=FACE_OUTER_BOUND('',#1164,.T.);
#747=FACE_OUTER_BOUND('',#1165,.T.);
#748=FACE_OUTER_BOUND('',#1166,.T.);
#749=FACE_OUTER_BOUND('',#1167,.T.);
#750=FACE_OUTER_BOUND('',#1168,.T.);
#751=FACE_OUTER_BOUND('',#1169,.T.);
#752=FACE_OUTER_BOUND('',#1170,.T.);
#753=FACE_OUTER_BOUND('',#1171,.T.);
#754=FACE_OUTER_BOUND('',#1172,.T.);
#755=FACE_OUTER_BOUND('',#1173,.T.);
#756=FACE_OUTER_BOUND('',#1174,.T.);
#757=FACE_OUTER_BOUND('',#1175,.T.);
#758=FACE_OUTER_BOUND('',#1176,.T.);
#759=FACE_OUTER_BOUND('',#1177,.T.);
#760=FACE_OUTER_BOUND('',#1178,.T.);
#761=FACE_OUTER_BOUND('',#1179,.T.);
#762=FACE_OUTER_BOUND('',#1180,.T.);
#763=FACE_OUTER_BOUND('',#1181,.T.);
#764=FACE_OUTER_BOUND('',#1182,.T.);
#765=FACE_OUTER_BOUND('',#1183,.T.);
#766=FACE_OUTER_BOUND('',#1184,.T.);
#767=FACE_OUTER_BOUND('',#1185,.T.);
#768=FACE_OUTER_BOUND('',#1186,.T.);
#769=FACE_OUTER_BOUND('',#1187,.T.);
#770=FACE_OUTER_BOUND('',#1188,.T.);
#771=FACE_OUTER_BOUND('',#1189,.T.);
#772=FACE_OUTER_BOUND('',#1190,.T.);
#773=FACE_OUTER_BOUND('',#1191,.T.);
#774=FACE_OUTER_BOUND('',#1192,.T.);
#775=FACE_OUTER_BOUND('',#1193,.T.);
#776=FACE_OUTER_BOUND('',#1242,.T.);
#777=FACE_OUTER_BOUND('',#1291,.T.);
#778=FACE_OUTER_BOUND('',#1292,.T.);
#779=FACE_OUTER_BOUND('',#1293,.T.);
#780=FACE_OUTER_BOUND('',#1294,.T.);
#781=FACE_OUTER_BOUND('',#1295,.T.);
#782=FACE_OUTER_BOUND('',#1296,.T.);
#783=FACE_OUTER_BOUND('',#1297,.T.);
#784=FACE_OUTER_BOUND('',#1298,.T.);
#785=FACE_OUTER_BOUND('',#1299,.T.);
#786=FACE_OUTER_BOUND('',#1300,.T.);
#787=FACE_OUTER_BOUND('',#1301,.T.);
#788=FACE_OUTER_BOUND('',#1302,.T.);
#789=FACE_OUTER_BOUND('',#1303,.T.);
#790=FACE_OUTER_BOUND('',#1304,.T.);
#791=FACE_OUTER_BOUND('',#1305,.T.);
#792=FACE_OUTER_BOUND('',#1306,.T.);
#793=FACE_OUTER_BOUND('',#1307,.T.);
#794=FACE_OUTER_BOUND('',#1308,.T.);
#795=FACE_OUTER_BOUND('',#1309,.T.);
#796=FACE_OUTER_BOUND('',#1310,.T.);
#797=FACE_OUTER_BOUND('',#1311,.T.);
#798=FACE_OUTER_BOUND('',#1312,.T.);
#799=FACE_OUTER_BOUND('',#1313,.T.);
#800=FACE_OUTER_BOUND('',#1314,.T.);
#801=FACE_OUTER_BOUND('',#1315,.T.);
#802=FACE_OUTER_BOUND('',#1316,.T.);
#803=FACE_OUTER_BOUND('',#1317,.T.);
#804=FACE_OUTER_BOUND('',#1318,.T.);
#805=FACE_OUTER_BOUND('',#1319,.T.);
#806=FACE_OUTER_BOUND('',#1320,.T.);
#807=FACE_OUTER_BOUND('',#1321,.T.);
#808=FACE_OUTER_BOUND('',#1322,.T.);
#809=FACE_OUTER_BOUND('',#1323,.T.);
#810=FACE_OUTER_BOUND('',#1324,.T.);
#811=FACE_OUTER_BOUND('',#1325,.T.);
#812=FACE_OUTER_BOUND('',#1326,.T.);
#813=FACE_OUTER_BOUND('',#1327,.T.);
#814=FACE_OUTER_BOUND('',#1328,.T.);
#815=FACE_OUTER_BOUND('',#1329,.T.);
#816=FACE_OUTER_BOUND('',#1330,.T.);
#817=FACE_OUTER_BOUND('',#1331,.T.);
#818=FACE_OUTER_BOUND('',#1332,.T.);
#819=FACE_OUTER_BOUND('',#1333,.T.);
#820=FACE_OUTER_BOUND('',#1334,.T.);
#821=FACE_OUTER_BOUND('',#1335,.T.);
#822=FACE_OUTER_BOUND('',#1336,.T.);
#823=FACE_OUTER_BOUND('',#1337,.T.);
#824=FACE_OUTER_BOUND('',#1338,.T.);
#825=FACE_OUTER_BOUND('',#1339,.T.);
#826=FACE_OUTER_BOUND('',#1340,.T.);
#827=FACE_OUTER_BOUND('',#1341,.T.);
#828=FACE_OUTER_BOUND('',#1342,.T.);
#829=FACE_OUTER_BOUND('',#1343,.T.);
#830=FACE_OUTER_BOUND('',#1344,.T.);
#831=FACE_OUTER_BOUND('',#1345,.T.);
#832=FACE_OUTER_BOUND('',#1346,.T.);
#833=FACE_OUTER_BOUND('',#1347,.T.);
#834=FACE_OUTER_BOUND('',#1348,.T.);
#835=FACE_OUTER_BOUND('',#1349,.T.);
#836=FACE_OUTER_BOUND('',#1350,.T.);
#837=FACE_OUTER_BOUND('',#1351,.T.);
#838=FACE_OUTER_BOUND('',#1352,.T.);
#839=FACE_OUTER_BOUND('',#1353,.T.);
#840=FACE_OUTER_BOUND('',#1354,.T.);
#841=FACE_OUTER_BOUND('',#1355,.T.);
#842=FACE_OUTER_BOUND('',#1356,.T.);
#843=FACE_OUTER_BOUND('',#1357,.T.);
#844=FACE_OUTER_BOUND('',#1358,.T.);
#845=FACE_OUTER_BOUND('',#1359,.T.);
#846=FACE_OUTER_BOUND('',#1360,.T.);
#847=FACE_OUTER_BOUND('',#1361,.T.);
#848=FACE_OUTER_BOUND('',#1362,.T.);
#849=FACE_OUTER_BOUND('',#1363,.T.);
#850=FACE_OUTER_BOUND('',#1364,.T.);
#851=FACE_OUTER_BOUND('',#1365,.T.);
#852=FACE_OUTER_BOUND('',#1366,.T.);
#853=FACE_OUTER_BOUND('',#1367,.T.);
#854=FACE_OUTER_BOUND('',#1368,.T.);
#855=FACE_OUTER_BOUND('',#1369,.T.);
#856=FACE_OUTER_BOUND('',#1370,.T.);
#857=FACE_OUTER_BOUND('',#1371,.T.);
#858=FACE_OUTER_BOUND('',#1372,.T.);
#859=FACE_OUTER_BOUND('',#1373,.T.);
#860=FACE_OUTER_BOUND('',#1374,.T.);
#861=FACE_OUTER_BOUND('',#1375,.T.);
#862=FACE_OUTER_BOUND('',#1376,.T.);
#863=FACE_OUTER_BOUND('',#1377,.T.);
#864=FACE_OUTER_BOUND('',#1378,.T.);
#865=FACE_OUTER_BOUND('',#1379,.T.);
#866=FACE_OUTER_BOUND('',#1380,.T.);
#867=FACE_OUTER_BOUND('',#1381,.T.);
#868=FACE_OUTER_BOUND('',#1382,.T.);
#869=FACE_OUTER_BOUND('',#1383,.T.);
#870=FACE_OUTER_BOUND('',#1384,.T.);
#871=FACE_OUTER_BOUND('',#1385,.T.);
#872=FACE_OUTER_BOUND('',#1386,.T.);
#873=FACE_OUTER_BOUND('',#1387,.T.);
#874=FACE_OUTER_BOUND('',#1388,.T.);
#875=FACE_OUTER_BOUND('',#1389,.T.);
#876=FACE_OUTER_BOUND('',#1390,.T.);
#877=FACE_OUTER_BOUND('',#1391,.T.);
#878=FACE_OUTER_BOUND('',#1392,.T.);
#879=FACE_OUTER_BOUND('',#1393,.T.);
#880=FACE_OUTER_BOUND('',#1394,.T.);
#881=FACE_OUTER_BOUND('',#1395,.T.);
#882=FACE_OUTER_BOUND('',#1396,.T.);
#883=FACE_OUTER_BOUND('',#1397,.T.);
#884=FACE_OUTER_BOUND('',#1398,.T.);
#885=FACE_OUTER_BOUND('',#1399,.T.);
#886=FACE_OUTER_BOUND('',#1400,.T.);
#887=FACE_OUTER_BOUND('',#1401,.T.);
#888=FACE_OUTER_BOUND('',#1402,.T.);
#889=FACE_OUTER_BOUND('',#1403,.T.);
#890=FACE_OUTER_BOUND('',#1404,.T.);
#891=FACE_OUTER_BOUND('',#1405,.T.);
#892=FACE_OUTER_BOUND('',#1406,.T.);
#893=FACE_OUTER_BOUND('',#1407,.T.);
#894=FACE_OUTER_BOUND('',#1408,.T.);
#895=FACE_OUTER_BOUND('',#1409,.T.);
#896=FACE_OUTER_BOUND('',#1410,.T.);
#897=FACE_OUTER_BOUND('',#1411,.T.);
#898=FACE_OUTER_BOUND('',#1412,.T.);
#899=FACE_OUTER_BOUND('',#1413,.T.);
#900=FACE_OUTER_BOUND('',#1414,.T.);
#901=FACE_OUTER_BOUND('',#1415,.T.);
#902=FACE_OUTER_BOUND('',#1416,.T.);
#903=FACE_OUTER_BOUND('',#1417,.T.);
#904=FACE_OUTER_BOUND('',#1418,.T.);
#905=FACE_OUTER_BOUND('',#1419,.T.);
#906=FACE_OUTER_BOUND('',#1420,.T.);
#907=FACE_OUTER_BOUND('',#1421,.T.);
#908=FACE_OUTER_BOUND('',#1422,.T.);
#909=FACE_OUTER_BOUND('',#1423,.T.);
#910=FACE_OUTER_BOUND('',#1424,.T.);
#911=FACE_OUTER_BOUND('',#1425,.T.);
#912=FACE_OUTER_BOUND('',#1426,.T.);
#913=FACE_OUTER_BOUND('',#1427,.T.);
#914=FACE_OUTER_BOUND('',#1428,.T.);
#915=FACE_OUTER_BOUND('',#1429,.T.);
#916=FACE_OUTER_BOUND('',#1430,.T.);
#917=FACE_OUTER_BOUND('',#1431,.T.);
#918=FACE_OUTER_BOUND('',#1432,.T.);
#919=FACE_OUTER_BOUND('',#1433,.T.);
#920=FACE_OUTER_BOUND('',#1434,.T.);
#921=FACE_OUTER_BOUND('',#1435,.T.);
#922=FACE_OUTER_BOUND('',#1436,.T.);
#923=FACE_OUTER_BOUND('',#1437,.T.);
#924=FACE_OUTER_BOUND('',#1438,.T.);
#925=FACE_OUTER_BOUND('',#1439,.T.);
#926=FACE_OUTER_BOUND('',#1440,.T.);
#927=FACE_OUTER_BOUND('',#1441,.T.);
#928=FACE_OUTER_BOUND('',#1442,.T.);
#929=FACE_OUTER_BOUND('',#1443,.T.);
#930=FACE_OUTER_BOUND('',#1444,.T.);
#931=FACE_OUTER_BOUND('',#1445,.T.);
#932=FACE_OUTER_BOUND('',#1446,.T.);
#933=FACE_OUTER_BOUND('',#1447,.T.);
#934=FACE_OUTER_BOUND('',#1448,.T.);
#935=FACE_OUTER_BOUND('',#1449,.T.);
#936=FACE_OUTER_BOUND('',#1450,.T.);
#937=FACE_OUTER_BOUND('',#1451,.T.);
#938=FACE_OUTER_BOUND('',#1452,.T.);
#939=FACE_OUTER_BOUND('',#1453,.T.);
#940=FACE_OUTER_BOUND('',#1454,.T.);
#941=FACE_OUTER_BOUND('',#1455,.T.);
#942=FACE_OUTER_BOUND('',#1456,.T.);
#943=FACE_OUTER_BOUND('',#1457,.T.);
#944=FACE_OUTER_BOUND('',#1458,.T.);
#945=FACE_OUTER_BOUND('',#1459,.T.);
#946=FACE_OUTER_BOUND('',#1460,.T.);
#947=FACE_OUTER_BOUND('',#1461,.T.);
#948=FACE_OUTER_BOUND('',#1462,.T.);
#949=FACE_OUTER_BOUND('',#1463,.T.);
#950=FACE_OUTER_BOUND('',#1464,.T.);
#951=FACE_OUTER_BOUND('',#1465,.T.);
#952=FACE_OUTER_BOUND('',#1466,.T.);
#953=FACE_OUTER_BOUND('',#1467,.T.);
#954=FACE_OUTER_BOUND('',#1468,.T.);
#955=FACE_OUTER_BOUND('',#1469,.T.);
#956=FACE_OUTER_BOUND('',#1470,.T.);
#957=FACE_OUTER_BOUND('',#1471,.T.);
#958=FACE_OUTER_BOUND('',#1472,.T.);
#959=FACE_OUTER_BOUND('',#1473,.T.);
#960=FACE_OUTER_BOUND('',#1474,.T.);
#961=FACE_OUTER_BOUND('',#1475,.T.);
#962=FACE_OUTER_BOUND('',#1476,.T.);
#963=FACE_OUTER_BOUND('',#1477,.T.);
#964=FACE_OUTER_BOUND('',#1478,.T.);
#965=FACE_OUTER_BOUND('',#1479,.T.);
#966=FACE_OUTER_BOUND('',#1480,.T.);
#967=FACE_OUTER_BOUND('',#1481,.T.);
#968=FACE_OUTER_BOUND('',#1482,.T.);
#969=FACE_OUTER_BOUND('',#1483,.T.);
#970=FACE_OUTER_BOUND('',#1484,.T.);
#971=FACE_OUTER_BOUND('',#1485,.T.);
#972=FACE_OUTER_BOUND('',#1486,.T.);
#973=FACE_OUTER_BOUND('',#1487,.T.);
#974=FACE_OUTER_BOUND('',#1488,.T.);
#975=FACE_OUTER_BOUND('',#1489,.T.);
#976=FACE_OUTER_BOUND('',#1490,.T.);
#977=FACE_OUTER_BOUND('',#1491,.T.);
#978=FACE_OUTER_BOUND('',#1492,.T.);
#979=FACE_OUTER_BOUND('',#1493,.T.);
#980=FACE_OUTER_BOUND('',#1494,.T.);
#981=FACE_OUTER_BOUND('',#1495,.T.);
#982=FACE_OUTER_BOUND('',#1496,.T.);
#983=FACE_OUTER_BOUND('',#1497,.T.);
#984=FACE_OUTER_BOUND('',#1498,.T.);
#985=FACE_OUTER_BOUND('',#1499,.T.);
#986=FACE_OUTER_BOUND('',#1500,.T.);
#987=FACE_OUTER_BOUND('',#1501,.T.);
#988=FACE_OUTER_BOUND('',#1502,.T.);
#989=FACE_OUTER_BOUND('',#1503,.T.);
#990=FACE_OUTER_BOUND('',#1504,.T.);
#991=FACE_OUTER_BOUND('',#1505,.T.);
#992=FACE_OUTER_BOUND('',#1506,.T.);
#993=FACE_OUTER_BOUND('',#1507,.T.);
#994=FACE_OUTER_BOUND('',#1508,.T.);
#995=FACE_OUTER_BOUND('',#1509,.T.);
#996=FACE_OUTER_BOUND('',#1510,.T.);
#997=FACE_OUTER_BOUND('',#1511,.T.);
#998=FACE_OUTER_BOUND('',#1512,.T.);
#999=FACE_OUTER_BOUND('',#1513,.T.);
#1000=FACE_OUTER_BOUND('',#1514,.T.);
#1001=FACE_OUTER_BOUND('',#1515,.T.);
#1002=FACE_OUTER_BOUND('',#1516,.T.);
#1003=FACE_OUTER_BOUND('',#1517,.T.);
#1004=FACE_OUTER_BOUND('',#1518,.T.);
#1005=FACE_OUTER_BOUND('',#1519,.T.);
#1006=FACE_OUTER_BOUND('',#1520,.T.);
#1007=FACE_OUTER_BOUND('',#1521,.T.);
#1008=FACE_OUTER_BOUND('',#1522,.T.);
#1009=FACE_OUTER_BOUND('',#1523,.T.);
#1010=FACE_OUTER_BOUND('',#1524,.T.);
#1011=FACE_OUTER_BOUND('',#1525,.T.);
#1012=FACE_OUTER_BOUND('',#1526,.T.);
#1013=FACE_OUTER_BOUND('',#1527,.T.);
#1014=FACE_OUTER_BOUND('',#1528,.T.);
#1015=FACE_OUTER_BOUND('',#1529,.T.);
#1016=FACE_OUTER_BOUND('',#1530,.T.);
#1017=FACE_OUTER_BOUND('',#1531,.T.);
#1018=FACE_OUTER_BOUND('',#1532,.T.);
#1019=FACE_OUTER_BOUND('',#1533,.T.);
#1020=FACE_OUTER_BOUND('',#1534,.T.);
#1021=FACE_OUTER_BOUND('',#1535,.T.);
#1022=FACE_OUTER_BOUND('',#1536,.T.);
#1023=FACE_OUTER_BOUND('',#1537,.T.);
#1024=FACE_OUTER_BOUND('',#1538,.T.);
#1025=FACE_OUTER_BOUND('',#1539,.T.);
#1026=FACE_OUTER_BOUND('',#1540,.T.);
#1027=FACE_OUTER_BOUND('',#1541,.T.);
#1028=FACE_OUTER_BOUND('',#1542,.T.);
#1029=FACE_OUTER_BOUND('',#1543,.T.);
#1030=FACE_OUTER_BOUND('',#1544,.T.);
#1031=FACE_OUTER_BOUND('',#1545,.T.);
#1032=FACE_OUTER_BOUND('',#1546,.T.);
#1033=FACE_OUTER_BOUND('',#1547,.T.);
#1034=FACE_OUTER_BOUND('',#1548,.T.);
#1035=FACE_OUTER_BOUND('',#1549,.T.);
#1036=FACE_OUTER_BOUND('',#1550,.T.);
#1037=FACE_OUTER_BOUND('',#1551,.T.);
#1038=FACE_OUTER_BOUND('',#1552,.T.);
#1039=FACE_OUTER_BOUND('',#1553,.T.);
#1040=FACE_OUTER_BOUND('',#1554,.T.);
#1041=FACE_OUTER_BOUND('',#1555,.T.);
#1042=FACE_OUTER_BOUND('',#1556,.T.);
#1043=FACE_OUTER_BOUND('',#1557,.T.);
#1044=FACE_OUTER_BOUND('',#1558,.T.);
#1045=FACE_OUTER_BOUND('',#1559,.T.);
#1046=FACE_OUTER_BOUND('',#1560,.T.);
#1047=FACE_OUTER_BOUND('',#1561,.T.);
#1048=FACE_OUTER_BOUND('',#1562,.T.);
#1049=FACE_OUTER_BOUND('',#1563,.T.);
#1050=FACE_OUTER_BOUND('',#1564,.T.);
#1051=FACE_OUTER_BOUND('',#1565,.T.);
#1052=FACE_OUTER_BOUND('',#1566,.T.);
#1053=FACE_OUTER_BOUND('',#1567,.T.);
#1054=FACE_OUTER_BOUND('',#1568,.T.);
#1055=FACE_OUTER_BOUND('',#1569,.T.);
#1056=FACE_OUTER_BOUND('',#1570,.T.);
#1057=FACE_OUTER_BOUND('',#1571,.T.);
#1058=FACE_OUTER_BOUND('',#1572,.T.);
#1059=FACE_OUTER_BOUND('',#1573,.T.);
#1060=FACE_OUTER_BOUND('',#1574,.T.);
#1061=FACE_OUTER_BOUND('',#1575,.T.);
#1062=FACE_OUTER_BOUND('',#1576,.T.);
#1063=FACE_OUTER_BOUND('',#1577,.T.);
#1064=FACE_OUTER_BOUND('',#1578,.T.);
#1065=FACE_OUTER_BOUND('',#1579,.T.);
#1066=FACE_OUTER_BOUND('',#1580,.T.);
#1067=FACE_OUTER_BOUND('',#1581,.T.);
#1068=FACE_OUTER_BOUND('',#1582,.T.);
#1069=FACE_OUTER_BOUND('',#1583,.T.);
#1070=FACE_OUTER_BOUND('',#1584,.T.);
#1071=FACE_OUTER_BOUND('',#1585,.T.);
#1072=FACE_OUTER_BOUND('',#1586,.T.);
#1073=FACE_OUTER_BOUND('',#1587,.T.);
#1074=FACE_OUTER_BOUND('',#1588,.T.);
#1075=FACE_OUTER_BOUND('',#1589,.T.);
#1076=FACE_OUTER_BOUND('',#1590,.T.);
#1077=FACE_OUTER_BOUND('',#1591,.T.);
#1078=FACE_OUTER_BOUND('',#1592,.T.);
#1079=FACE_OUTER_BOUND('',#1593,.T.);
#1080=FACE_OUTER_BOUND('',#1594,.T.);
#1081=FACE_OUTER_BOUND('',#1595,.T.);
#1082=FACE_OUTER_BOUND('',#1596,.T.);
#1083=FACE_OUTER_BOUND('',#1597,.T.);
#1084=FACE_OUTER_BOUND('',#1598,.T.);
#1085=FACE_OUTER_BOUND('',#1599,.T.);
#1086=FACE_OUTER_BOUND('',#1600,.T.);
#1087=FACE_OUTER_BOUND('',#1601,.T.);
#1088=FACE_OUTER_BOUND('',#1602,.T.);
#1089=FACE_OUTER_BOUND('',#1603,.T.);
#1090=FACE_OUTER_BOUND('',#1604,.T.);
#1091=FACE_OUTER_BOUND('',#1605,.T.);
#1092=FACE_OUTER_BOUND('',#1606,.T.);
#1093=FACE_OUTER_BOUND('',#1607,.T.);
#1094=FACE_OUTER_BOUND('',#1608,.T.);
#1095=FACE_OUTER_BOUND('',#1609,.T.);
#1096=FACE_OUTER_BOUND('',#1610,.T.);
#1097=FACE_OUTER_BOUND('',#1611,.T.);
#1098=FACE_OUTER_BOUND('',#1612,.T.);
#1099=FACE_OUTER_BOUND('',#1613,.T.);
#1100=FACE_OUTER_BOUND('',#1614,.T.);
#1101=FACE_OUTER_BOUND('',#1615,.T.);
#1102=FACE_OUTER_BOUND('',#1616,.T.);
#1103=FACE_OUTER_BOUND('',#1617,.T.);
#1104=FACE_OUTER_BOUND('',#1618,.T.);
#1105=FACE_OUTER_BOUND('',#1619,.T.);
#1106=FACE_OUTER_BOUND('',#1620,.T.);
#1107=FACE_OUTER_BOUND('',#1621,.T.);
#1108=FACE_OUTER_BOUND('',#1622,.T.);
#1109=FACE_OUTER_BOUND('',#1623,.T.);
#1110=FACE_OUTER_BOUND('',#1624,.T.);
#1111=FACE_OUTER_BOUND('',#1625,.T.);
#1112=FACE_OUTER_BOUND('',#1626,.T.);
#1113=FACE_OUTER_BOUND('',#1627,.T.);
#1114=FACE_OUTER_BOUND('',#1628,.T.);
#1115=FACE_OUTER_BOUND('',#1629,.T.);
#1116=FACE_OUTER_BOUND('',#1630,.T.);
#1117=FACE_OUTER_BOUND('',#1631,.T.);
#1118=FACE_OUTER_BOUND('',#1632,.T.);
#1119=FACE_OUTER_BOUND('',#1633,.T.);
#1120=FACE_OUTER_BOUND('',#1634,.T.);
#1121=FACE_OUTER_BOUND('',#1635,.T.);
#1122=FACE_OUTER_BOUND('',#1636,.T.);
#1123=FACE_OUTER_BOUND('',#1637,.T.);
#1124=FACE_OUTER_BOUND('',#1638,.T.);
#1125=FACE_OUTER_BOUND('',#1639,.T.);
#1126=FACE_OUTER_BOUND('',#1640,.T.);
#1127=FACE_OUTER_BOUND('',#1641,.T.);
#1128=FACE_OUTER_BOUND('',#1642,.T.);
#1129=FACE_OUTER_BOUND('',#1643,.T.);
#1130=FACE_OUTER_BOUND('',#1644,.T.);
#1131=FACE_OUTER_BOUND('',#1645,.T.);
#1132=FACE_OUTER_BOUND('',#1646,.T.);
#1133=FACE_OUTER_BOUND('',#1647,.T.);
#1134=FACE_OUTER_BOUND('',#1648,.T.);
#1135=FACE_OUTER_BOUND('',#1649,.T.);
#1136=FACE_OUTER_BOUND('',#1650,.T.);
#1137=FACE_OUTER_BOUND('',#1651,.T.);
#1138=FACE_OUTER_BOUND('',#1652,.T.);
#1139=FACE_OUTER_BOUND('',#1653,.T.);
#1140=FACE_OUTER_BOUND('',#1654,.T.);
#1141=EDGE_LOOP('',(#5415,#5416,#5417,#5418));
#1142=EDGE_LOOP('',(#5419,#5420,#5421,#5422));
#1143=EDGE_LOOP('',(#5423,#5424,#5425,#5426));
#1144=EDGE_LOOP('',(#5427,#5428,#5429,#5430));
#1145=EDGE_LOOP('',(#5431,#5432,#5433,#5434));
#1146=EDGE_LOOP('',(#5435,#5436,#5437,#5438));
#1147=EDGE_LOOP('',(#5439,#5440,#5441,#5442));
#1148=EDGE_LOOP('',(#5443,#5444,#5445,#5446));
#1149=EDGE_LOOP('',(#5447,#5448,#5449,#5450));
#1150=EDGE_LOOP('',(#5451,#5452,#5453,#5454));
#1151=EDGE_LOOP('',(#5455,#5456,#5457,#5458));
#1152=EDGE_LOOP('',(#5459,#5460,#5461,#5462));
#1153=EDGE_LOOP('',(#5463,#5464,#5465,#5466));
#1154=EDGE_LOOP('',(#5467,#5468,#5469,#5470));
#1155=EDGE_LOOP('',(#5471,#5472,#5473,#5474));
#1156=EDGE_LOOP('',(#5475,#5476,#5477,#5478));
#1157=EDGE_LOOP('',(#5479,#5480,#5481,#5482));
#1158=EDGE_LOOP('',(#5483,#5484,#5485,#5486));
#1159=EDGE_LOOP('',(#5487,#5488,#5489,#5490));
#1160=EDGE_LOOP('',(#5491,#5492,#5493,#5494));
#1161=EDGE_LOOP('',(#5495,#5496,#5497,#5498));
#1162=EDGE_LOOP('',(#5499,#5500,#5501,#5502));
#1163=EDGE_LOOP('',(#5503,#5504,#5505,#5506));
#1164=EDGE_LOOP('',(#5507,#5508,#5509,#5510));
#1165=EDGE_LOOP('',(#5511,#5512,#5513,#5514));
#1166=EDGE_LOOP('',(#5515,#5516,#5517,#5518));
#1167=EDGE_LOOP('',(#5519,#5520,#5521,#5522));
#1168=EDGE_LOOP('',(#5523,#5524,#5525,#5526));
#1169=EDGE_LOOP('',(#5527,#5528,#5529,#5530));
#1170=EDGE_LOOP('',(#5531,#5532,#5533,#5534));
#1171=EDGE_LOOP('',(#5535,#5536,#5537,#5538));
#1172=EDGE_LOOP('',(#5539,#5540,#5541,#5542));
#1173=EDGE_LOOP('',(#5543,#5544,#5545,#5546));
#1174=EDGE_LOOP('',(#5547,#5548,#5549,#5550));
#1175=EDGE_LOOP('',(#5551,#5552,#5553,#5554));
#1176=EDGE_LOOP('',(#5555,#5556,#5557,#5558));
#1177=EDGE_LOOP('',(#5559,#5560,#5561,#5562));
#1178=EDGE_LOOP('',(#5563,#5564,#5565,#5566));
#1179=EDGE_LOOP('',(#5567,#5568,#5569,#5570));
#1180=EDGE_LOOP('',(#5571,#5572,#5573,#5574));
#1181=EDGE_LOOP('',(#5575,#5576,#5577,#5578));
#1182=EDGE_LOOP('',(#5579,#5580,#5581,#5582));
#1183=EDGE_LOOP('',(#5583,#5584,#5585,#5586));
#1184=EDGE_LOOP('',(#5587,#5588,#5589,#5590));
#1185=EDGE_LOOP('',(#5591,#5592,#5593,#5594));
#1186=EDGE_LOOP('',(#5595,#5596,#5597,#5598));
#1187=EDGE_LOOP('',(#5599,#5600,#5601,#5602));
#1188=EDGE_LOOP('',(#5603,#5604,#5605,#5606));
#1189=EDGE_LOOP('',(#5607,#5608,#5609,#5610));
#1190=EDGE_LOOP('',(#5611,#5612,#5613,#5614));
#1191=EDGE_LOOP('',(#5615,#5616,#5617,#5618));
#1192=EDGE_LOOP('',(#5619,#5620,#5621,#5622));
#1193=EDGE_LOOP('',(#5623,#5624,#5625,#5626,#5627,#5628,#5629,#5630,#5631,
#5632,#5633,#5634,#5635,#5636,#5637,#5638,#5639,#5640,#5641,#5642,#5643,
#5644,#5645,#5646,#5647,#5648,#5649,#5650,#5651,#5652,#5653,#5654));
#1194=EDGE_LOOP('',(#5655,#5656,#5657,#5658,#5659,#5660,#5661,#5662));
#1195=EDGE_LOOP('',(#5663,#5664,#5665,#5666,#5667,#5668,#5669,#5670));
#1196=EDGE_LOOP('',(#5671,#5672,#5673,#5674,#5675,#5676,#5677,#5678));
#1197=EDGE_LOOP('',(#5679,#5680,#5681,#5682,#5683,#5684,#5685,#5686));
#1198=EDGE_LOOP('',(#5687,#5688,#5689,#5690,#5691,#5692,#5693,#5694));
#1199=EDGE_LOOP('',(#5695,#5696,#5697,#5698,#5699,#5700,#5701,#5702));
#1200=EDGE_LOOP('',(#5703,#5704,#5705,#5706,#5707,#5708,#5709,#5710));
#1201=EDGE_LOOP('',(#5711,#5712,#5713,#5714,#5715,#5716,#5717,#5718));
#1202=EDGE_LOOP('',(#5719,#5720,#5721,#5722,#5723,#5724,#5725,#5726));
#1203=EDGE_LOOP('',(#5727,#5728,#5729,#5730,#5731,#5732,#5733,#5734));
#1204=EDGE_LOOP('',(#5735,#5736,#5737,#5738,#5739,#5740,#5741,#5742));
#1205=EDGE_LOOP('',(#5743,#5744,#5745,#5746,#5747,#5748,#5749,#5750));
#1206=EDGE_LOOP('',(#5751,#5752,#5753,#5754,#5755,#5756,#5757,#5758));
#1207=EDGE_LOOP('',(#5759,#5760,#5761,#5762,#5763,#5764,#5765,#5766));
#1208=EDGE_LOOP('',(#5767,#5768,#5769,#5770,#5771,#5772,#5773,#5774));
#1209=EDGE_LOOP('',(#5775,#5776,#5777,#5778,#5779,#5780,#5781,#5782));
#1210=EDGE_LOOP('',(#5783,#5784,#5785,#5786,#5787,#5788,#5789,#5790));
#1211=EDGE_LOOP('',(#5791,#5792,#5793,#5794,#5795,#5796,#5797,#5798));
#1212=EDGE_LOOP('',(#5799,#5800,#5801,#5802,#5803,#5804,#5805,#5806));
#1213=EDGE_LOOP('',(#5807,#5808,#5809,#5810,#5811,#5812,#5813,#5814));
#1214=EDGE_LOOP('',(#5815,#5816,#5817,#5818,#5819,#5820,#5821,#5822));
#1215=EDGE_LOOP('',(#5823,#5824,#5825,#5826,#5827,#5828,#5829,#5830));
#1216=EDGE_LOOP('',(#5831,#5832,#5833,#5834,#5835,#5836,#5837,#5838));
#1217=EDGE_LOOP('',(#5839,#5840,#5841,#5842,#5843,#5844,#5845,#5846));
#1218=EDGE_LOOP('',(#5847,#5848,#5849,#5850,#5851,#5852,#5853,#5854));
#1219=EDGE_LOOP('',(#5855,#5856,#5857,#5858,#5859,#5860,#5861,#5862));
#1220=EDGE_LOOP('',(#5863,#5864,#5865,#5866,#5867,#5868,#5869,#5870));
#1221=EDGE_LOOP('',(#5871,#5872,#5873,#5874,#5875,#5876,#5877,#5878));
#1222=EDGE_LOOP('',(#5879,#5880,#5881,#5882,#5883,#5884,#5885,#5886));
#1223=EDGE_LOOP('',(#5887,#5888,#5889,#5890,#5891,#5892,#5893,#5894));
#1224=EDGE_LOOP('',(#5895,#5896,#5897,#5898,#5899,#5900,#5901,#5902));
#1225=EDGE_LOOP('',(#5903,#5904,#5905,#5906,#5907,#5908,#5909,#5910));
#1226=EDGE_LOOP('',(#5911,#5912,#5913,#5914,#5915,#5916,#5917,#5918));
#1227=EDGE_LOOP('',(#5919,#5920,#5921,#5922,#5923,#5924,#5925,#5926));
#1228=EDGE_LOOP('',(#5927,#5928,#5929,#5930,#5931,#5932,#5933,#5934));
#1229=EDGE_LOOP('',(#5935,#5936,#5937,#5938,#5939,#5940,#5941,#5942));
#1230=EDGE_LOOP('',(#5943,#5944,#5945,#5946,#5947,#5948,#5949,#5950));
#1231=EDGE_LOOP('',(#5951,#5952,#5953,#5954,#5955,#5956,#5957,#5958));
#1232=EDGE_LOOP('',(#5959,#5960,#5961,#5962,#5963,#5964,#5965,#5966));
#1233=EDGE_LOOP('',(#5967,#5968,#5969,#5970,#5971,#5972,#5973,#5974));
#1234=EDGE_LOOP('',(#5975,#5976,#5977,#5978,#5979,#5980,#5981,#5982));
#1235=EDGE_LOOP('',(#5983,#5984,#5985,#5986,#5987,#5988,#5989,#5990));
#1236=EDGE_LOOP('',(#5991,#5992,#5993,#5994,#5995,#5996,#5997,#5998));
#1237=EDGE_LOOP('',(#5999,#6000,#6001,#6002,#6003,#6004,#6005,#6006));
#1238=EDGE_LOOP('',(#6007,#6008,#6009,#6010,#6011,#6012,#6013,#6014));
#1239=EDGE_LOOP('',(#6015,#6016,#6017,#6018,#6019,#6020,#6021,#6022));
#1240=EDGE_LOOP('',(#6023,#6024,#6025,#6026,#6027,#6028,#6029,#6030));
#1241=EDGE_LOOP('',(#6031,#6032,#6033,#6034,#6035,#6036,#6037,#6038));
#1242=EDGE_LOOP('',(#6039,#6040,#6041,#6042,#6043,#6044,#6045,#6046,#6047,
#6048,#6049,#6050,#6051,#6052,#6053,#6054,#6055,#6056,#6057,#6058,#6059,
#6060,#6061,#6062,#6063,#6064,#6065,#6066,#6067,#6068,#6069,#6070));
#1243=EDGE_LOOP('',(#6071,#6072,#6073,#6074,#6075,#6076,#6077,#6078));
#1244=EDGE_LOOP('',(#6079,#6080,#6081,#6082,#6083,#6084,#6085,#6086));
#1245=EDGE_LOOP('',(#6087,#6088,#6089,#6090,#6091,#6092,#6093,#6094));
#1246=EDGE_LOOP('',(#6095,#6096,#6097,#6098,#6099,#6100,#6101,#6102));
#1247=EDGE_LOOP('',(#6103,#6104,#6105,#6106,#6107,#6108,#6109,#6110));
#1248=EDGE_LOOP('',(#6111,#6112,#6113,#6114,#6115,#6116,#6117,#6118));
#1249=EDGE_LOOP('',(#6119,#6120,#6121,#6122,#6123,#6124,#6125,#6126));
#1250=EDGE_LOOP('',(#6127,#6128,#6129,#6130,#6131,#6132,#6133,#6134));
#1251=EDGE_LOOP('',(#6135,#6136,#6137,#6138,#6139,#6140,#6141,#6142));
#1252=EDGE_LOOP('',(#6143,#6144,#6145,#6146,#6147,#6148,#6149,#6150));
#1253=EDGE_LOOP('',(#6151,#6152,#6153,#6154,#6155,#6156,#6157,#6158));
#1254=EDGE_LOOP('',(#6159,#6160,#6161,#6162,#6163,#6164,#6165,#6166));
#1255=EDGE_LOOP('',(#6167,#6168,#6169,#6170,#6171,#6172,#6173,#6174));
#1256=EDGE_LOOP('',(#6175,#6176,#6177,#6178,#6179,#6180,#6181,#6182));
#1257=EDGE_LOOP('',(#6183,#6184,#6185,#6186,#6187,#6188,#6189,#6190));
#1258=EDGE_LOOP('',(#6191,#6192,#6193,#6194,#6195,#6196,#6197,#6198));
#1259=EDGE_LOOP('',(#6199,#6200,#6201,#6202,#6203,#6204,#6205,#6206));
#1260=EDGE_LOOP('',(#6207,#6208,#6209,#6210,#6211,#6212,#6213,#6214));
#1261=EDGE_LOOP('',(#6215,#6216,#6217,#6218,#6219,#6220,#6221,#6222));
#1262=EDGE_LOOP('',(#6223,#6224,#6225,#6226,#6227,#6228,#6229,#6230));
#1263=EDGE_LOOP('',(#6231,#6232,#6233,#6234,#6235,#6236,#6237,#6238));
#1264=EDGE_LOOP('',(#6239,#6240,#6241,#6242,#6243,#6244,#6245,#6246));
#1265=EDGE_LOOP('',(#6247,#6248,#6249,#6250,#6251,#6252,#6253,#6254));
#1266=EDGE_LOOP('',(#6255,#6256,#6257,#6258,#6259,#6260,#6261,#6262));
#1267=EDGE_LOOP('',(#6263,#6264,#6265,#6266,#6267,#6268,#6269,#6270));
#1268=EDGE_LOOP('',(#6271,#6272,#6273,#6274,#6275,#6276,#6277,#6278));
#1269=EDGE_LOOP('',(#6279,#6280,#6281,#6282,#6283,#6284,#6285,#6286));
#1270=EDGE_LOOP('',(#6287,#6288,#6289,#6290,#6291,#6292,#6293,#6294));
#1271=EDGE_LOOP('',(#6295,#6296,#6297,#6298,#6299,#6300,#6301,#6302));
#1272=EDGE_LOOP('',(#6303,#6304,#6305,#6306,#6307,#6308,#6309,#6310));
#1273=EDGE_LOOP('',(#6311,#6312,#6313,#6314,#6315,#6316,#6317,#6318));
#1274=EDGE_LOOP('',(#6319,#6320,#6321,#6322,#6323,#6324,#6325,#6326));
#1275=EDGE_LOOP('',(#6327,#6328,#6329,#6330,#6331,#6332,#6333,#6334));
#1276=EDGE_LOOP('',(#6335,#6336,#6337,#6338,#6339,#6340,#6341,#6342));
#1277=EDGE_LOOP('',(#6343,#6344,#6345,#6346,#6347,#6348,#6349,#6350));
#1278=EDGE_LOOP('',(#6351,#6352,#6353,#6354,#6355,#6356,#6357,#6358));
#1279=EDGE_LOOP('',(#6359,#6360,#6361,#6362,#6363,#6364,#6365,#6366));
#1280=EDGE_LOOP('',(#6367,#6368,#6369,#6370,#6371,#6372,#6373,#6374));
#1281=EDGE_LOOP('',(#6375,#6376,#6377,#6378,#6379,#6380,#6381,#6382));
#1282=EDGE_LOOP('',(#6383,#6384,#6385,#6386,#6387,#6388,#6389,#6390));
#1283=EDGE_LOOP('',(#6391,#6392,#6393,#6394,#6395,#6396,#6397,#6398));
#1284=EDGE_LOOP('',(#6399,#6400,#6401,#6402,#6403,#6404,#6405,#6406));
#1285=EDGE_LOOP('',(#6407,#6408,#6409,#6410,#6411,#6412,#6413,#6414));
#1286=EDGE_LOOP('',(#6415,#6416,#6417,#6418,#6419,#6420,#6421,#6422));
#1287=EDGE_LOOP('',(#6423,#6424,#6425,#6426,#6427,#6428,#6429,#6430));
#1288=EDGE_LOOP('',(#6431,#6432,#6433,#6434,#6435,#6436,#6437,#6438));
#1289=EDGE_LOOP('',(#6439,#6440,#6441,#6442,#6443,#6444,#6445,#6446));
#1290=EDGE_LOOP('',(#6447,#6448,#6449,#6450,#6451,#6452,#6453,#6454));
#1291=EDGE_LOOP('',(#6455,#6456,#6457,#6458));
#1292=EDGE_LOOP('',(#6459,#6460,#6461,#6462));
#1293=EDGE_LOOP('',(#6463,#6464,#6465,#6466));
#1294=EDGE_LOOP('',(#6467,#6468,#6469,#6470));
#1295=EDGE_LOOP('',(#6471,#6472,#6473,#6474));
#1296=EDGE_LOOP('',(#6475,#6476,#6477,#6478));
#1297=EDGE_LOOP('',(#6479,#6480,#6481,#6482));
#1298=EDGE_LOOP('',(#6483,#6484,#6485,#6486));
#1299=EDGE_LOOP('',(#6487,#6488,#6489,#6490));
#1300=EDGE_LOOP('',(#6491,#6492,#6493,#6494));
#1301=EDGE_LOOP('',(#6495,#6496,#6497,#6498));
#1302=EDGE_LOOP('',(#6499,#6500,#6501,#6502));
#1303=EDGE_LOOP('',(#6503,#6504,#6505,#6506));
#1304=EDGE_LOOP('',(#6507,#6508,#6509,#6510));
#1305=EDGE_LOOP('',(#6511,#6512,#6513,#6514));
#1306=EDGE_LOOP('',(#6515,#6516,#6517,#6518));
#1307=EDGE_LOOP('',(#6519,#6520,#6521,#6522));
#1308=EDGE_LOOP('',(#6523,#6524,#6525,#6526));
#1309=EDGE_LOOP('',(#6527,#6528,#6529,#6530));
#1310=EDGE_LOOP('',(#6531,#6532,#6533,#6534));
#1311=EDGE_LOOP('',(#6535,#6536,#6537,#6538));
#1312=EDGE_LOOP('',(#6539,#6540,#6541,#6542));
#1313=EDGE_LOOP('',(#6543,#6544,#6545,#6546));
#1314=EDGE_LOOP('',(#6547,#6548,#6549,#6550));
#1315=EDGE_LOOP('',(#6551,#6552,#6553,#6554));
#1316=EDGE_LOOP('',(#6555,#6556,#6557,#6558));
#1317=EDGE_LOOP('',(#6559,#6560,#6561,#6562));
#1318=EDGE_LOOP('',(#6563,#6564,#6565,#6566));
#1319=EDGE_LOOP('',(#6567,#6568,#6569,#6570));
#1320=EDGE_LOOP('',(#6571,#6572,#6573,#6574));
#1321=EDGE_LOOP('',(#6575,#6576,#6577,#6578));
#1322=EDGE_LOOP('',(#6579,#6580,#6581,#6582));
#1323=EDGE_LOOP('',(#6583,#6584,#6585,#6586));
#1324=EDGE_LOOP('',(#6587,#6588,#6589,#6590));
#1325=EDGE_LOOP('',(#6591,#6592,#6593,#6594));
#1326=EDGE_LOOP('',(#6595,#6596,#6597,#6598));
#1327=EDGE_LOOP('',(#6599,#6600,#6601,#6602));
#1328=EDGE_LOOP('',(#6603,#6604,#6605,#6606));
#1329=EDGE_LOOP('',(#6607,#6608,#6609,#6610));
#1330=EDGE_LOOP('',(#6611,#6612,#6613,#6614));
#1331=EDGE_LOOP('',(#6615,#6616,#6617,#6618));
#1332=EDGE_LOOP('',(#6619,#6620,#6621,#6622));
#1333=EDGE_LOOP('',(#6623,#6624,#6625,#6626));
#1334=EDGE_LOOP('',(#6627,#6628,#6629,#6630));
#1335=EDGE_LOOP('',(#6631,#6632,#6633,#6634));
#1336=EDGE_LOOP('',(#6635,#6636,#6637,#6638));
#1337=EDGE_LOOP('',(#6639,#6640,#6641,#6642));
#1338=EDGE_LOOP('',(#6643,#6644,#6645,#6646));
#1339=EDGE_LOOP('',(#6647,#6648,#6649,#6650));
#1340=EDGE_LOOP('',(#6651,#6652,#6653,#6654));
#1341=EDGE_LOOP('',(#6655,#6656,#6657,#6658));
#1342=EDGE_LOOP('',(#6659,#6660,#6661,#6662));
#1343=EDGE_LOOP('',(#6663,#6664,#6665,#6666));
#1344=EDGE_LOOP('',(#6667,#6668,#6669,#6670));
#1345=EDGE_LOOP('',(#6671,#6672,#6673,#6674));
#1346=EDGE_LOOP('',(#6675,#6676,#6677,#6678));
#1347=EDGE_LOOP('',(#6679,#6680,#6681,#6682));
#1348=EDGE_LOOP('',(#6683,#6684,#6685,#6686));
#1349=EDGE_LOOP('',(#6687,#6688,#6689,#6690));
#1350=EDGE_LOOP('',(#6691,#6692,#6693,#6694));
#1351=EDGE_LOOP('',(#6695,#6696,#6697,#6698));
#1352=EDGE_LOOP('',(#6699,#6700,#6701,#6702));
#1353=EDGE_LOOP('',(#6703,#6704,#6705,#6706));
#1354=EDGE_LOOP('',(#6707,#6708,#6709,#6710));
#1355=EDGE_LOOP('',(#6711,#6712,#6713,#6714));
#1356=EDGE_LOOP('',(#6715,#6716,#6717,#6718));
#1357=EDGE_LOOP('',(#6719,#6720,#6721,#6722));
#1358=EDGE_LOOP('',(#6723,#6724,#6725,#6726));
#1359=EDGE_LOOP('',(#6727,#6728,#6729,#6730));
#1360=EDGE_LOOP('',(#6731,#6732,#6733,#6734));
#1361=EDGE_LOOP('',(#6735,#6736,#6737,#6738));
#1362=EDGE_LOOP('',(#6739,#6740,#6741,#6742));
#1363=EDGE_LOOP('',(#6743,#6744,#6745,#6746));
#1364=EDGE_LOOP('',(#6747,#6748,#6749,#6750));
#1365=EDGE_LOOP('',(#6751,#6752,#6753,#6754));
#1366=EDGE_LOOP('',(#6755,#6756,#6757,#6758));
#1367=EDGE_LOOP('',(#6759,#6760,#6761,#6762));
#1368=EDGE_LOOP('',(#6763,#6764,#6765,#6766));
#1369=EDGE_LOOP('',(#6767,#6768,#6769,#6770));
#1370=EDGE_LOOP('',(#6771,#6772,#6773,#6774));
#1371=EDGE_LOOP('',(#6775,#6776,#6777,#6778));
#1372=EDGE_LOOP('',(#6779,#6780,#6781,#6782));
#1373=EDGE_LOOP('',(#6783,#6784,#6785,#6786));
#1374=EDGE_LOOP('',(#6787,#6788,#6789,#6790));
#1375=EDGE_LOOP('',(#6791,#6792,#6793,#6794));
#1376=EDGE_LOOP('',(#6795,#6796,#6797,#6798));
#1377=EDGE_LOOP('',(#6799,#6800,#6801,#6802));
#1378=EDGE_LOOP('',(#6803,#6804,#6805,#6806));
#1379=EDGE_LOOP('',(#6807,#6808,#6809,#6810));
#1380=EDGE_LOOP('',(#6811,#6812,#6813,#6814));
#1381=EDGE_LOOP('',(#6815,#6816,#6817,#6818));
#1382=EDGE_LOOP('',(#6819,#6820,#6821,#6822));
#1383=EDGE_LOOP('',(#6823,#6824,#6825,#6826));
#1384=EDGE_LOOP('',(#6827,#6828,#6829,#6830));
#1385=EDGE_LOOP('',(#6831,#6832,#6833,#6834));
#1386=EDGE_LOOP('',(#6835,#6836,#6837,#6838));
#1387=EDGE_LOOP('',(#6839,#6840,#6841,#6842));
#1388=EDGE_LOOP('',(#6843,#6844,#6845,#6846));
#1389=EDGE_LOOP('',(#6847,#6848,#6849,#6850));
#1390=EDGE_LOOP('',(#6851,#6852,#6853,#6854));
#1391=EDGE_LOOP('',(#6855,#6856,#6857,#6858));
#1392=EDGE_LOOP('',(#6859,#6860,#6861,#6862));
#1393=EDGE_LOOP('',(#6863,#6864,#6865,#6866));
#1394=EDGE_LOOP('',(#6867,#6868,#6869,#6870));
#1395=EDGE_LOOP('',(#6871,#6872,#6873,#6874));
#1396=EDGE_LOOP('',(#6875,#6876,#6877,#6878));
#1397=EDGE_LOOP('',(#6879,#6880,#6881,#6882));
#1398=EDGE_LOOP('',(#6883,#6884,#6885,#6886));
#1399=EDGE_LOOP('',(#6887,#6888,#6889,#6890));
#1400=EDGE_LOOP('',(#6891,#6892,#6893,#6894));
#1401=EDGE_LOOP('',(#6895,#6896,#6897,#6898));
#1402=EDGE_LOOP('',(#6899,#6900,#6901,#6902));
#1403=EDGE_LOOP('',(#6903,#6904,#6905,#6906));
#1404=EDGE_LOOP('',(#6907,#6908,#6909,#6910));
#1405=EDGE_LOOP('',(#6911,#6912,#6913,#6914));
#1406=EDGE_LOOP('',(#6915,#6916,#6917,#6918));
#1407=EDGE_LOOP('',(#6919,#6920,#6921,#6922));
#1408=EDGE_LOOP('',(#6923,#6924,#6925,#6926));
#1409=EDGE_LOOP('',(#6927,#6928,#6929,#6930));
#1410=EDGE_LOOP('',(#6931,#6932,#6933,#6934));
#1411=EDGE_LOOP('',(#6935,#6936,#6937,#6938));
#1412=EDGE_LOOP('',(#6939,#6940,#6941,#6942));
#1413=EDGE_LOOP('',(#6943,#6944,#6945,#6946));
#1414=EDGE_LOOP('',(#6947,#6948,#6949,#6950));
#1415=EDGE_LOOP('',(#6951,#6952,#6953,#6954));
#1416=EDGE_LOOP('',(#6955,#6956,#6957,#6958));
#1417=EDGE_LOOP('',(#6959,#6960,#6961,#6962));
#1418=EDGE_LOOP('',(#6963,#6964,#6965,#6966));
#1419=EDGE_LOOP('',(#6967,#6968,#6969,#6970));
#1420=EDGE_LOOP('',(#6971,#6972,#6973,#6974));
#1421=EDGE_LOOP('',(#6975,#6976,#6977,#6978));
#1422=EDGE_LOOP('',(#6979,#6980,#6981,#6982));
#1423=EDGE_LOOP('',(#6983,#6984,#6985,#6986));
#1424=EDGE_LOOP('',(#6987,#6988,#6989,#6990));
#1425=EDGE_LOOP('',(#6991,#6992,#6993,#6994));
#1426=EDGE_LOOP('',(#6995,#6996,#6997,#6998));
#1427=EDGE_LOOP('',(#6999,#7000,#7001,#7002));
#1428=EDGE_LOOP('',(#7003,#7004,#7005,#7006));
#1429=EDGE_LOOP('',(#7007,#7008,#7009,#7010));
#1430=EDGE_LOOP('',(#7011,#7012,#7013,#7014));
#1431=EDGE_LOOP('',(#7015,#7016,#7017,#7018));
#1432=EDGE_LOOP('',(#7019,#7020,#7021,#7022));
#1433=EDGE_LOOP('',(#7023,#7024,#7025,#7026));
#1434=EDGE_LOOP('',(#7027,#7028,#7029,#7030));
#1435=EDGE_LOOP('',(#7031,#7032,#7033,#7034));
#1436=EDGE_LOOP('',(#7035,#7036,#7037,#7038));
#1437=EDGE_LOOP('',(#7039,#7040,#7041,#7042));
#1438=EDGE_LOOP('',(#7043,#7044,#7045,#7046));
#1439=EDGE_LOOP('',(#7047,#7048,#7049,#7050));
#1440=EDGE_LOOP('',(#7051,#7052,#7053,#7054));
#1441=EDGE_LOOP('',(#7055,#7056,#7057,#7058));
#1442=EDGE_LOOP('',(#7059,#7060,#7061,#7062));
#1443=EDGE_LOOP('',(#7063,#7064,#7065,#7066));
#1444=EDGE_LOOP('',(#7067,#7068,#7069,#7070));
#1445=EDGE_LOOP('',(#7071,#7072,#7073,#7074));
#1446=EDGE_LOOP('',(#7075,#7076,#7077,#7078));
#1447=EDGE_LOOP('',(#7079,#7080,#7081,#7082));
#1448=EDGE_LOOP('',(#7083,#7084,#7085,#7086));
#1449=EDGE_LOOP('',(#7087,#7088,#7089,#7090));
#1450=EDGE_LOOP('',(#7091,#7092,#7093,#7094));
#1451=EDGE_LOOP('',(#7095,#7096,#7097,#7098));
#1452=EDGE_LOOP('',(#7099,#7100,#7101,#7102));
#1453=EDGE_LOOP('',(#7103,#7104,#7105,#7106));
#1454=EDGE_LOOP('',(#7107,#7108,#7109,#7110));
#1455=EDGE_LOOP('',(#7111,#7112,#7113,#7114));
#1456=EDGE_LOOP('',(#7115,#7116,#7117,#7118));
#1457=EDGE_LOOP('',(#7119,#7120,#7121,#7122));
#1458=EDGE_LOOP('',(#7123,#7124,#7125,#7126));
#1459=EDGE_LOOP('',(#7127,#7128,#7129,#7130));
#1460=EDGE_LOOP('',(#7131,#7132,#7133,#7134));
#1461=EDGE_LOOP('',(#7135,#7136,#7137,#7138));
#1462=EDGE_LOOP('',(#7139,#7140,#7141,#7142));
#1463=EDGE_LOOP('',(#7143,#7144,#7145,#7146));
#1464=EDGE_LOOP('',(#7147,#7148,#7149,#7150));
#1465=EDGE_LOOP('',(#7151,#7152,#7153,#7154));
#1466=EDGE_LOOP('',(#7155,#7156,#7157,#7158));
#1467=EDGE_LOOP('',(#7159,#7160,#7161,#7162));
#1468=EDGE_LOOP('',(#7163,#7164,#7165,#7166));
#1469=EDGE_LOOP('',(#7167,#7168,#7169,#7170));
#1470=EDGE_LOOP('',(#7171,#7172,#7173,#7174));
#1471=EDGE_LOOP('',(#7175,#7176,#7177,#7178));
#1472=EDGE_LOOP('',(#7179,#7180,#7181,#7182));
#1473=EDGE_LOOP('',(#7183,#7184,#7185,#7186));
#1474=EDGE_LOOP('',(#7187,#7188,#7189,#7190));
#1475=EDGE_LOOP('',(#7191,#7192,#7193,#7194));
#1476=EDGE_LOOP('',(#7195,#7196,#7197,#7198));
#1477=EDGE_LOOP('',(#7199,#7200,#7201,#7202));
#1478=EDGE_LOOP('',(#7203,#7204,#7205,#7206));
#1479=EDGE_LOOP('',(#7207,#7208,#7209,#7210));
#1480=EDGE_LOOP('',(#7211,#7212,#7213,#7214));
#1481=EDGE_LOOP('',(#7215,#7216,#7217,#7218));
#1482=EDGE_LOOP('',(#7219,#7220,#7221,#7222));
#1483=EDGE_LOOP('',(#7223,#7224,#7225,#7226));
#1484=EDGE_LOOP('',(#7227,#7228,#7229,#7230));
#1485=EDGE_LOOP('',(#7231,#7232,#7233,#7234));
#1486=EDGE_LOOP('',(#7235,#7236,#7237,#7238));
#1487=EDGE_LOOP('',(#7239,#7240,#7241,#7242));
#1488=EDGE_LOOP('',(#7243,#7244,#7245,#7246));
#1489=EDGE_LOOP('',(#7247,#7248,#7249,#7250));
#1490=EDGE_LOOP('',(#7251,#7252,#7253,#7254));
#1491=EDGE_LOOP('',(#7255,#7256,#7257,#7258));
#1492=EDGE_LOOP('',(#7259,#7260,#7261,#7262));
#1493=EDGE_LOOP('',(#7263,#7264,#7265,#7266));
#1494=EDGE_LOOP('',(#7267,#7268,#7269,#7270));
#1495=EDGE_LOOP('',(#7271,#7272,#7273,#7274));
#1496=EDGE_LOOP('',(#7275,#7276,#7277,#7278));
#1497=EDGE_LOOP('',(#7279,#7280,#7281,#7282));
#1498=EDGE_LOOP('',(#7283,#7284,#7285,#7286));
#1499=EDGE_LOOP('',(#7287,#7288,#7289,#7290));
#1500=EDGE_LOOP('',(#7291,#7292,#7293,#7294));
#1501=EDGE_LOOP('',(#7295,#7296,#7297,#7298));
#1502=EDGE_LOOP('',(#7299,#7300,#7301,#7302));
#1503=EDGE_LOOP('',(#7303,#7304,#7305,#7306));
#1504=EDGE_LOOP('',(#7307,#7308,#7309,#7310));
#1505=EDGE_LOOP('',(#7311,#7312,#7313,#7314));
#1506=EDGE_LOOP('',(#7315,#7316,#7317,#7318));
#1507=EDGE_LOOP('',(#7319,#7320,#7321,#7322));
#1508=EDGE_LOOP('',(#7323,#7324,#7325,#7326));
#1509=EDGE_LOOP('',(#7327,#7328,#7329,#7330));
#1510=EDGE_LOOP('',(#7331,#7332,#7333,#7334));
#1511=EDGE_LOOP('',(#7335,#7336,#7337,#7338));
#1512=EDGE_LOOP('',(#7339,#7340,#7341,#7342));
#1513=EDGE_LOOP('',(#7343,#7344,#7345,#7346));
#1514=EDGE_LOOP('',(#7347,#7348,#7349,#7350));
#1515=EDGE_LOOP('',(#7351,#7352,#7353,#7354));
#1516=EDGE_LOOP('',(#7355,#7356,#7357,#7358));
#1517=EDGE_LOOP('',(#7359,#7360,#7361,#7362));
#1518=EDGE_LOOP('',(#7363,#7364,#7365,#7366));
#1519=EDGE_LOOP('',(#7367,#7368,#7369,#7370));
#1520=EDGE_LOOP('',(#7371,#7372,#7373,#7374));
#1521=EDGE_LOOP('',(#7375,#7376,#7377,#7378));
#1522=EDGE_LOOP('',(#7379,#7380,#7381,#7382));
#1523=EDGE_LOOP('',(#7383,#7384,#7385,#7386));
#1524=EDGE_LOOP('',(#7387,#7388,#7389,#7390));
#1525=EDGE_LOOP('',(#7391,#7392,#7393,#7394));
#1526=EDGE_LOOP('',(#7395,#7396,#7397,#7398));
#1527=EDGE_LOOP('',(#7399,#7400,#7401,#7402));
#1528=EDGE_LOOP('',(#7403,#7404,#7405,#7406));
#1529=EDGE_LOOP('',(#7407,#7408,#7409,#7410));
#1530=EDGE_LOOP('',(#7411,#7412,#7413,#7414));
#1531=EDGE_LOOP('',(#7415,#7416,#7417,#7418));
#1532=EDGE_LOOP('',(#7419,#7420,#7421,#7422));
#1533=EDGE_LOOP('',(#7423,#7424,#7425,#7426));
#1534=EDGE_LOOP('',(#7427,#7428,#7429,#7430));
#1535=EDGE_LOOP('',(#7431,#7432,#7433,#7434));
#1536=EDGE_LOOP('',(#7435,#7436,#7437,#7438));
#1537=EDGE_LOOP('',(#7439,#7440,#7441,#7442));
#1538=EDGE_LOOP('',(#7443,#7444,#7445,#7446));
#1539=EDGE_LOOP('',(#7447,#7448,#7449,#7450));
#1540=EDGE_LOOP('',(#7451,#7452,#7453,#7454));
#1541=EDGE_LOOP('',(#7455,#7456,#7457,#7458));
#1542=EDGE_LOOP('',(#7459,#7460,#7461,#7462));
#1543=EDGE_LOOP('',(#7463,#7464,#7465,#7466));
#1544=EDGE_LOOP('',(#7467,#7468,#7469,#7470));
#1545=EDGE_LOOP('',(#7471,#7472,#7473,#7474));
#1546=EDGE_LOOP('',(#7475,#7476,#7477,#7478));
#1547=EDGE_LOOP('',(#7479,#7480,#7481,#7482));
#1548=EDGE_LOOP('',(#7483,#7484,#7485,#7486));
#1549=EDGE_LOOP('',(#7487,#7488,#7489,#7490));
#1550=EDGE_LOOP('',(#7491,#7492,#7493,#7494));
#1551=EDGE_LOOP('',(#7495,#7496,#7497,#7498));
#1552=EDGE_LOOP('',(#7499,#7500,#7501,#7502));
#1553=EDGE_LOOP('',(#7503,#7504,#7505,#7506));
#1554=EDGE_LOOP('',(#7507,#7508,#7509,#7510));
#1555=EDGE_LOOP('',(#7511,#7512,#7513,#7514));
#1556=EDGE_LOOP('',(#7515,#7516,#7517,#7518));
#1557=EDGE_LOOP('',(#7519,#7520,#7521,#7522));
#1558=EDGE_LOOP('',(#7523,#7524,#7525,#7526));
#1559=EDGE_LOOP('',(#7527,#7528,#7529,#7530));
#1560=EDGE_LOOP('',(#7531,#7532,#7533,#7534));
#1561=EDGE_LOOP('',(#7535,#7536,#7537,#7538));
#1562=EDGE_LOOP('',(#7539,#7540,#7541,#7542));
#1563=EDGE_LOOP('',(#7543,#7544,#7545,#7546));
#1564=EDGE_LOOP('',(#7547,#7548,#7549,#7550));
#1565=EDGE_LOOP('',(#7551,#7552,#7553,#7554));
#1566=EDGE_LOOP('',(#7555,#7556,#7557,#7558));
#1567=EDGE_LOOP('',(#7559,#7560,#7561,#7562));
#1568=EDGE_LOOP('',(#7563,#7564,#7565,#7566));
#1569=EDGE_LOOP('',(#7567,#7568,#7569,#7570));
#1570=EDGE_LOOP('',(#7571,#7572,#7573,#7574));
#1571=EDGE_LOOP('',(#7575,#7576,#7577,#7578));
#1572=EDGE_LOOP('',(#7579,#7580,#7581,#7582));
#1573=EDGE_LOOP('',(#7583,#7584,#7585,#7586));
#1574=EDGE_LOOP('',(#7587,#7588,#7589,#7590));
#1575=EDGE_LOOP('',(#7591,#7592,#7593,#7594));
#1576=EDGE_LOOP('',(#7595,#7596,#7597,#7598));
#1577=EDGE_LOOP('',(#7599,#7600,#7601,#7602));
#1578=EDGE_LOOP('',(#7603,#7604,#7605,#7606));
#1579=EDGE_LOOP('',(#7607,#7608,#7609,#7610));
#1580=EDGE_LOOP('',(#7611,#7612,#7613,#7614));
#1581=EDGE_LOOP('',(#7615,#7616,#7617,#7618));
#1582=EDGE_LOOP('',(#7619,#7620,#7621,#7622));
#1583=EDGE_LOOP('',(#7623,#7624,#7625,#7626));
#1584=EDGE_LOOP('',(#7627,#7628,#7629,#7630));
#1585=EDGE_LOOP('',(#7631,#7632,#7633,#7634));
#1586=EDGE_LOOP('',(#7635,#7636,#7637,#7638));
#1587=EDGE_LOOP('',(#7639,#7640,#7641,#7642));
#1588=EDGE_LOOP('',(#7643,#7644,#7645,#7646));
#1589=EDGE_LOOP('',(#7647,#7648,#7649,#7650));
#1590=EDGE_LOOP('',(#7651,#7652,#7653,#7654));
#1591=EDGE_LOOP('',(#7655,#7656,#7657,#7658));
#1592=EDGE_LOOP('',(#7659,#7660,#7661,#7662));
#1593=EDGE_LOOP('',(#7663,#7664,#7665,#7666));
#1594=EDGE_LOOP('',(#7667,#7668,#7669,#7670));
#1595=EDGE_LOOP('',(#7671,#7672,#7673,#7674));
#1596=EDGE_LOOP('',(#7675,#7676,#7677,#7678));
#1597=EDGE_LOOP('',(#7679,#7680,#7681,#7682));
#1598=EDGE_LOOP('',(#7683,#7684,#7685,#7686));
#1599=EDGE_LOOP('',(#7687,#7688,#7689,#7690));
#1600=EDGE_LOOP('',(#7691,#7692,#7693,#7694));
#1601=EDGE_LOOP('',(#7695,#7696,#7697,#7698));
#1602=EDGE_LOOP('',(#7699,#7700,#7701,#7702));
#1603=EDGE_LOOP('',(#7703,#7704,#7705,#7706));
#1604=EDGE_LOOP('',(#7707,#7708,#7709,#7710));
#1605=EDGE_LOOP('',(#7711,#7712,#7713,#7714));
#1606=EDGE_LOOP('',(#7715,#7716,#7717,#7718));
#1607=EDGE_LOOP('',(#7719,#7720,#7721,#7722));
#1608=EDGE_LOOP('',(#7723,#7724,#7725,#7726));
#1609=EDGE_LOOP('',(#7727,#7728,#7729,#7730));
#1610=EDGE_LOOP('',(#7731,#7732,#7733,#7734));
#1611=EDGE_LOOP('',(#7735,#7736,#7737,#7738));
#1612=EDGE_LOOP('',(#7739,#7740,#7741,#7742));
#1613=EDGE_LOOP('',(#7743,#7744,#7745,#7746));
#1614=EDGE_LOOP('',(#7747,#7748,#7749,#7750));
#1615=EDGE_LOOP('',(#7751,#7752,#7753,#7754));
#1616=EDGE_LOOP('',(#7755,#7756,#7757,#7758));
#1617=EDGE_LOOP('',(#7759,#7760,#7761,#7762));
#1618=EDGE_LOOP('',(#7763,#7764,#7765,#7766));
#1619=EDGE_LOOP('',(#7767,#7768,#7769,#7770));
#1620=EDGE_LOOP('',(#7771,#7772,#7773,#7774));
#1621=EDGE_LOOP('',(#7775,#7776,#7777,#7778));
#1622=EDGE_LOOP('',(#7779,#7780,#7781,#7782));
#1623=EDGE_LOOP('',(#7783,#7784,#7785,#7786));
#1624=EDGE_LOOP('',(#7787,#7788,#7789,#7790));
#1625=EDGE_LOOP('',(#7791,#7792,#7793,#7794));
#1626=EDGE_LOOP('',(#7795,#7796,#7797,#7798));
#1627=EDGE_LOOP('',(#7799,#7800,#7801,#7802));
#1628=EDGE_LOOP('',(#7803,#7804,#7805,#7806));
#1629=EDGE_LOOP('',(#7807,#7808,#7809,#7810));
#1630=EDGE_LOOP('',(#7811,#7812,#7813,#7814));
#1631=EDGE_LOOP('',(#7815,#7816,#7817,#7818));
#1632=EDGE_LOOP('',(#7819,#7820,#7821,#7822));
#1633=EDGE_LOOP('',(#7823,#7824,#7825,#7826));
#1634=EDGE_LOOP('',(#7827,#7828,#7829,#7830));
#1635=EDGE_LOOP('',(#7831,#7832,#7833,#7834));
#1636=EDGE_LOOP('',(#7835,#7836,#7837,#7838));
#1637=EDGE_LOOP('',(#7839,#7840,#7841,#7842));
#1638=EDGE_LOOP('',(#7843,#7844,#7845,#7846));
#1639=EDGE_LOOP('',(#7847,#7848,#7849,#7850));
#1640=EDGE_LOOP('',(#7851,#7852,#7853,#7854));
#1641=EDGE_LOOP('',(#7855,#7856,#7857,#7858));
#1642=EDGE_LOOP('',(#7859,#7860,#7861,#7862));
#1643=EDGE_LOOP('',(#7863,#7864,#7865,#7866));
#1644=EDGE_LOOP('',(#7867,#7868,#7869,#7870));
#1645=EDGE_LOOP('',(#7871,#7872,#7873,#7874));
#1646=EDGE_LOOP('',(#7875,#7876,#7877,#7878));
#1647=EDGE_LOOP('',(#7879,#7880,#7881,#7882));
#1648=EDGE_LOOP('',(#7883,#7884,#7885,#7886));
#1649=EDGE_LOOP('',(#7887,#7888,#7889,#7890));
#1650=EDGE_LOOP('',(#7891,#7892,#7893,#7894));
#1651=EDGE_LOOP('',(#7895,#7896,#7897,#7898));
#1652=EDGE_LOOP('',(#7899,#7900,#7901,#7902));
#1653=EDGE_LOOP('',(#7903,#7904,#7905,#7906));
#1654=EDGE_LOOP('',(#7907,#7908,#7909,#7910));
#1655=LINE('',#11881,#2495);
#1656=LINE('',#11883,#2496);
#1657=LINE('',#11885,#2497);
#1658=LINE('',#11886,#2498);
#1659=LINE('',#11889,#2499);
#1660=LINE('',#11891,#2500);
#1661=LINE('',#11892,#2501);
#1662=LINE('',#11895,#2502);
#1663=LINE('',#11897,#2503);
#1664=LINE('',#11898,#2504);
#1665=LINE('',#11904,#2505);
#1666=LINE('',#11907,#2506);
#1667=LINE('',#11909,#2507);
#1668=LINE('',#11910,#2508);
#1669=LINE('',#11916,#2509);
#1670=LINE('',#11919,#2510);
#1671=LINE('',#11921,#2511);
#1672=LINE('',#11922,#2512);
#1673=LINE('',#11925,#2513);
#1674=LINE('',#11927,#2514);
#1675=LINE('',#11928,#2515);
#1676=LINE('',#11931,#2516);
#1677=LINE('',#11933,#2517);
#1678=LINE('',#11934,#2518);
#1679=LINE('',#11940,#2519);
#1680=LINE('',#11943,#2520);
#1681=LINE('',#11945,#2521);
#1682=LINE('',#11946,#2522);
#1683=LINE('',#11952,#2523);
#1684=LINE('',#11955,#2524);
#1685=LINE('',#11957,#2525);
#1686=LINE('',#11958,#2526);
#1687=LINE('',#11964,#2527);
#1688=LINE('',#11967,#2528);
#1689=LINE('',#11969,#2529);
#1690=LINE('',#11970,#2530);
#1691=LINE('',#11976,#2531);
#1692=LINE('',#11979,#2532);
#1693=LINE('',#11981,#2533);
#1694=LINE('',#11982,#2534);
#1695=LINE('',#11985,#2535);
#1696=LINE('',#11987,#2536);
#1697=LINE('',#11988,#2537);
#1698=LINE('',#11991,#2538);
#1699=LINE('',#11993,#2539);
#1700=LINE('',#11994,#2540);
#1701=LINE('',#12000,#2541);
#1702=LINE('',#12003,#2542);
#1703=LINE('',#12005,#2543);
#1704=LINE('',#12006,#2544);
#1705=LINE('',#12012,#2545);
#1706=LINE('',#12015,#2546);
#1707=LINE('',#12017,#2547);
#1708=LINE('',#12018,#2548);
#1709=LINE('',#12021,#2549);
#1710=LINE('',#12023,#2550);
#1711=LINE('',#12024,#2551);
#1712=LINE('',#12027,#2552);
#1713=LINE('',#12029,#2553);
#1714=LINE('',#12030,#2554);
#1715=LINE('',#12036,#2555);
#1716=LINE('',#12039,#2556);
#1717=LINE('',#12041,#2557);
#1718=LINE('',#12042,#2558);
#1719=LINE('',#12048,#2559);
#1720=LINE('',#12051,#2560);
#1721=LINE('',#12053,#2561);
#1722=LINE('',#12054,#2562);
#1723=LINE('',#12060,#2563);
#1724=LINE('',#12063,#2564);
#1725=LINE('',#12065,#2565);
#1726=LINE('',#12066,#2566);
#1727=LINE('',#12075,#2567);
#1728=LINE('',#12078,#2568);
#1729=LINE('',#12081,#2569);
#1730=LINE('',#12083,#2570);
#1731=LINE('',#12084,#2571);
#1732=LINE('',#12090,#2572);
#1733=LINE('',#12096,#2573);
#1734=LINE('',#12099,#2574);
#1735=LINE('',#12102,#2575);
#1736=LINE('',#12104,#2576);
#1737=LINE('',#12105,#2577);
#1738=LINE('',#12111,#2578);
#1739=LINE('',#12117,#2579);
#1740=LINE('',#12120,#2580);
#1741=LINE('',#12123,#2581);
#1742=LINE('',#12125,#2582);
#1743=LINE('',#12126,#2583);
#1744=LINE('',#12132,#2584);
#1745=LINE('',#12138,#2585);
#1746=LINE('',#12141,#2586);
#1747=LINE('',#12144,#2587);
#1748=LINE('',#12146,#2588);
#1749=LINE('',#12147,#2589);
#1750=LINE('',#12152,#2590);
#1751=LINE('',#12156,#2591);
#1752=LINE('',#12158,#2592);
#1753=LINE('',#12159,#2593);
#1754=LINE('',#12162,#2594);
#1755=LINE('',#12164,#2595);
#1756=LINE('',#12165,#2596);
#1757=LINE('',#12168,#2597);
#1758=LINE('',#12170,#2598);
#1759=LINE('',#12171,#2599);
#1760=LINE('',#12174,#2600);
#1761=LINE('',#12176,#2601);
#1762=LINE('',#12177,#2602);
#1763=LINE('',#12180,#2603);
#1764=LINE('',#12182,#2604);
#1765=LINE('',#12183,#2605);
#1766=LINE('',#12186,#2606);
#1767=LINE('',#12188,#2607);
#1768=LINE('',#12189,#2608);
#1769=LINE('',#12192,#2609);
#1770=LINE('',#12194,#2610);
#1771=LINE('',#12195,#2611);
#1772=LINE('',#12198,#2612);
#1773=LINE('',#12200,#2613);
#1774=LINE('',#12201,#2614);
#1775=LINE('',#12206,#2615);
#1776=LINE('',#12211,#2616);
#1777=LINE('',#12216,#2617);
#1778=LINE('',#12221,#2618);
#1779=LINE('',#12225,#2619);
#1780=LINE('',#12229,#2620);
#1781=LINE('',#12233,#2621);
#1782=LINE('',#12237,#2622);
#1783=LINE('',#12241,#2623);
#1784=LINE('',#12245,#2624);
#1785=LINE('',#12249,#2625);
#1786=LINE('',#12253,#2626);
#1787=LINE('',#12257,#2627);
#1788=LINE('',#12261,#2628);
#1789=LINE('',#12265,#2629);
#1790=LINE('',#12269,#2630);
#1791=LINE('',#12275,#2631);
#1792=LINE('',#12279,#2632);
#1793=LINE('',#12283,#2633);
#1794=LINE('',#12286,#2634);
#1795=LINE('',#12291,#2635);
#1796=LINE('',#12295,#2636);
#1797=LINE('',#12299,#2637);
#1798=LINE('',#12302,#2638);
#1799=LINE('',#12307,#2639);
#1800=LINE('',#12311,#2640);
#1801=LINE('',#12315,#2641);
#1802=LINE('',#12318,#2642);
#1803=LINE('',#12323,#2643);
#1804=LINE('',#12327,#2644);
#1805=LINE('',#12331,#2645);
#1806=LINE('',#12334,#2646);
#1807=LINE('',#12337,#2647);
#1808=LINE('',#12341,#2648);
#1809=LINE('',#12345,#2649);
#1810=LINE('',#12349,#2650);
#1811=LINE('',#12353,#2651);
#1812=LINE('',#12357,#2652);
#1813=LINE('',#12361,#2653);
#1814=LINE('',#12365,#2654);
#1815=LINE('',#12369,#2655);
#1816=LINE('',#12373,#2656);
#1817=LINE('',#12377,#2657);
#1818=LINE('',#12381,#2658);
#1819=LINE('',#12385,#2659);
#1820=LINE('',#12389,#2660);
#1821=LINE('',#12393,#2661);
#1822=LINE('',#12397,#2662);
#1823=LINE('',#12401,#2663);
#1824=LINE('',#12405,#2664);
#1825=LINE('',#12409,#2665);
#1826=LINE('',#12413,#2666);
#1827=LINE('',#12417,#2667);
#1828=LINE('',#12421,#2668);
#1829=LINE('',#12425,#2669);
#1830=LINE('',#12429,#2670);
#1831=LINE('',#12433,#2671);
#1832=LINE('',#12437,#2672);
#1833=LINE('',#12441,#2673);
#1834=LINE('',#12445,#2674);
#1835=LINE('',#12449,#2675);
#1836=LINE('',#12453,#2676);
#1837=LINE('',#12457,#2677);
#1838=LINE('',#12461,#2678);
#1839=LINE('',#12465,#2679);
#1840=LINE('',#12469,#2680);
#1841=LINE('',#12473,#2681);
#1842=LINE('',#12477,#2682);
#1843=LINE('',#12481,#2683);
#1844=LINE('',#12485,#2684);
#1845=LINE('',#12489,#2685);
#1846=LINE('',#12493,#2686);
#1847=LINE('',#12497,#2687);
#1848=LINE('',#12501,#2688);
#1849=LINE('',#12505,#2689);
#1850=LINE('',#12509,#2690);
#1851=LINE('',#12513,#2691);
#1852=LINE('',#12517,#2692);
#1853=LINE('',#12521,#2693);
#1854=LINE('',#12525,#2694);
#1855=LINE('',#12529,#2695);
#1856=LINE('',#12533,#2696);
#1857=LINE('',#12537,#2697);
#1858=LINE('',#12541,#2698);
#1859=LINE('',#12545,#2699);
#1860=LINE('',#12549,#2700);
#1861=LINE('',#12553,#2701);
#1862=LINE('',#12557,#2702);
#1863=LINE('',#12561,#2703);
#1864=LINE('',#12565,#2704);
#1865=LINE('',#12569,#2705);
#1866=LINE('',#12573,#2706);
#1867=LINE('',#12577,#2707);
#1868=LINE('',#12581,#2708);
#1869=LINE('',#12585,#2709);
#1870=LINE('',#12589,#2710);
#1871=LINE('',#12593,#2711);
#1872=LINE('',#12597,#2712);
#1873=LINE('',#12601,#2713);
#1874=LINE('',#12605,#2714);
#1875=LINE('',#12609,#2715);
#1876=LINE('',#12613,#2716);
#1877=LINE('',#12617,#2717);
#1878=LINE('',#12621,#2718);
#1879=LINE('',#12627,#2719);
#1880=LINE('',#12631,#2720);
#1881=LINE('',#12635,#2721);
#1882=LINE('',#12638,#2722);
#1883=LINE('',#12643,#2723);
#1884=LINE('',#12647,#2724);
#1885=LINE('',#12651,#2725);
#1886=LINE('',#12654,#2726);
#1887=LINE('',#12657,#2727);
#1888=LINE('',#12661,#2728);
#1889=LINE('',#12665,#2729);
#1890=LINE('',#12669,#2730);
#1891=LINE('',#12675,#2731);
#1892=LINE('',#12679,#2732);
#1893=LINE('',#12683,#2733);
#1894=LINE('',#12686,#2734);
#1895=LINE('',#12689,#2735);
#1896=LINE('',#12693,#2736);
#1897=LINE('',#12697,#2737);
#1898=LINE('',#12701,#2738);
#1899=LINE('',#12705,#2739);
#1900=LINE('',#12709,#2740);
#1901=LINE('',#12713,#2741);
#1902=LINE('',#12717,#2742);
#1903=LINE('',#12721,#2743);
#1904=LINE('',#12725,#2744);
#1905=LINE('',#12729,#2745);
#1906=LINE('',#12733,#2746);
#1907=LINE('',#12737,#2747);
#1908=LINE('',#12741,#2748);
#1909=LINE('',#12745,#2749);
#1910=LINE('',#12749,#2750);
#1911=LINE('',#12753,#2751);
#1912=LINE('',#12757,#2752);
#1913=LINE('',#12761,#2753);
#1914=LINE('',#12765,#2754);
#1915=LINE('',#12769,#2755);
#1916=LINE('',#12773,#2756);
#1917=LINE('',#12777,#2757);
#1918=LINE('',#12781,#2758);
#1919=LINE('',#12785,#2759);
#1920=LINE('',#12789,#2760);
#1921=LINE('',#12793,#2761);
#1922=LINE('',#12797,#2762);
#1923=LINE('',#12803,#2763);
#1924=LINE('',#12807,#2764);
#1925=LINE('',#12811,#2765);
#1926=LINE('',#12814,#2766);
#1927=LINE('',#12817,#2767);
#1928=LINE('',#12821,#2768);
#1929=LINE('',#12825,#2769);
#1930=LINE('',#12829,#2770);
#1931=LINE('',#12833,#2771);
#1932=LINE('',#12837,#2772);
#1933=LINE('',#12841,#2773);
#1934=LINE('',#12845,#2774);
#1935=LINE('',#12849,#2775);
#1936=LINE('',#12853,#2776);
#1937=LINE('',#12857,#2777);
#1938=LINE('',#12861,#2778);
#1939=LINE('',#12865,#2779);
#1940=LINE('',#12869,#2780);
#1941=LINE('',#12873,#2781);
#1942=LINE('',#12877,#2782);
#1943=LINE('',#12881,#2783);
#1944=LINE('',#12885,#2784);
#1945=LINE('',#12889,#2785);
#1946=LINE('',#12893,#2786);
#1947=LINE('',#12897,#2787);
#1948=LINE('',#12901,#2788);
#1949=LINE('',#12905,#2789);
#1950=LINE('',#12909,#2790);
#1951=LINE('',#12913,#2791);
#1952=LINE('',#12917,#2792);
#1953=LINE('',#12921,#2793);
#1954=LINE('',#12925,#2794);
#1955=LINE('',#12931,#2795);
#1956=LINE('',#12936,#2796);
#1957=LINE('',#12941,#2797);
#1958=LINE('',#12946,#2798);
#1959=LINE('',#12950,#2799);
#1960=LINE('',#12954,#2800);
#1961=LINE('',#12958,#2801);
#1962=LINE('',#12962,#2802);
#1963=LINE('',#12966,#2803);
#1964=LINE('',#12970,#2804);
#1965=LINE('',#12974,#2805);
#1966=LINE('',#12978,#2806);
#1967=LINE('',#12982,#2807);
#1968=LINE('',#12986,#2808);
#1969=LINE('',#12990,#2809);
#1970=LINE('',#12994,#2810);
#1971=LINE('',#12998,#2811);
#1972=LINE('',#13002,#2812);
#1973=LINE('',#13006,#2813);
#1974=LINE('',#13010,#2814);
#1975=LINE('',#13014,#2815);
#1976=LINE('',#13018,#2816);
#1977=LINE('',#13022,#2817);
#1978=LINE('',#13026,#2818);
#1979=LINE('',#13030,#2819);
#1980=LINE('',#13034,#2820);
#1981=LINE('',#13038,#2821);
#1982=LINE('',#13042,#2822);
#1983=LINE('',#13046,#2823);
#1984=LINE('',#13050,#2824);
#1985=LINE('',#13054,#2825);
#1986=LINE('',#13058,#2826);
#1987=LINE('',#13064,#2827);
#1988=LINE('',#13068,#2828);
#1989=LINE('',#13072,#2829);
#1990=LINE('',#13075,#2830);
#1991=LINE('',#13078,#2831);
#1992=LINE('',#13082,#2832);
#1993=LINE('',#13086,#2833);
#1994=LINE('',#13090,#2834);
#1995=LINE('',#13094,#2835);
#1996=LINE('',#13098,#2836);
#1997=LINE('',#13102,#2837);
#1998=LINE('',#13106,#2838);
#1999=LINE('',#13110,#2839);
#2000=LINE('',#13114,#2840);
#2001=LINE('',#13118,#2841);
#2002=LINE('',#13122,#2842);
#2003=LINE('',#13126,#2843);
#2004=LINE('',#13130,#2844);
#2005=LINE('',#13134,#2845);
#2006=LINE('',#13138,#2846);
#2007=LINE('',#13142,#2847);
#2008=LINE('',#13146,#2848);
#2009=LINE('',#13150,#2849);
#2010=LINE('',#13154,#2850);
#2011=LINE('',#13158,#2851);
#2012=LINE('',#13162,#2852);
#2013=LINE('',#13166,#2853);
#2014=LINE('',#13170,#2854);
#2015=LINE('',#13174,#2855);
#2016=LINE('',#13178,#2856);
#2017=LINE('',#13182,#2857);
#2018=LINE('',#13186,#2858);
#2019=LINE('',#13192,#2859);
#2020=LINE('',#13196,#2860);
#2021=LINE('',#13200,#2861);
#2022=LINE('',#13203,#2862);
#2023=LINE('',#13206,#2863);
#2024=LINE('',#13210,#2864);
#2025=LINE('',#13214,#2865);
#2026=LINE('',#13218,#2866);
#2027=LINE('',#13224,#2867);
#2028=LINE('',#13228,#2868);
#2029=LINE('',#13232,#2869);
#2030=LINE('',#13235,#2870);
#2031=LINE('',#13240,#2871);
#2032=LINE('',#13244,#2872);
#2033=LINE('',#13248,#2873);
#2034=LINE('',#13251,#2874);
#2035=LINE('',#13254,#2875);
#2036=LINE('',#13258,#2876);
#2037=LINE('',#13262,#2877);
#2038=LINE('',#13266,#2878);
#2039=LINE('',#13270,#2879);
#2040=LINE('',#13274,#2880);
#2041=LINE('',#13278,#2881);
#2042=LINE('',#13282,#2882);
#2043=LINE('',#13286,#2883);
#2044=LINE('',#13290,#2884);
#2045=LINE('',#13294,#2885);
#2046=LINE('',#13298,#2886);
#2047=LINE('',#13302,#2887);
#2048=LINE('',#13306,#2888);
#2049=LINE('',#13310,#2889);
#2050=LINE('',#13314,#2890);
#2051=LINE('',#13318,#2891);
#2052=LINE('',#13322,#2892);
#2053=LINE('',#13326,#2893);
#2054=LINE('',#13330,#2894);
#2055=LINE('',#13334,#2895);
#2056=LINE('',#13338,#2896);
#2057=LINE('',#13342,#2897);
#2058=LINE('',#13346,#2898);
#2059=LINE('',#13350,#2899);
#2060=LINE('',#13354,#2900);
#2061=LINE('',#13358,#2901);
#2062=LINE('',#13362,#2902);
#2063=LINE('',#13366,#2903);
#2064=LINE('',#13370,#2904);
#2065=LINE('',#13374,#2905);
#2066=LINE('',#13378,#2906);
#2067=LINE('',#13382,#2907);
#2068=LINE('',#13386,#2908);
#2069=LINE('',#13390,#2909);
#2070=LINE('',#13394,#2910);
#2071=LINE('',#13398,#2911);
#2072=LINE('',#13402,#2912);
#2073=LINE('',#13406,#2913);
#2074=LINE('',#13410,#2914);
#2075=LINE('',#13414,#2915);
#2076=LINE('',#13418,#2916);
#2077=LINE('',#13422,#2917);
#2078=LINE('',#13426,#2918);
#2079=LINE('',#13430,#2919);
#2080=LINE('',#13434,#2920);
#2081=LINE('',#13438,#2921);
#2082=LINE('',#13442,#2922);
#2083=LINE('',#13446,#2923);
#2084=LINE('',#13450,#2924);
#2085=LINE('',#13454,#2925);
#2086=LINE('',#13458,#2926);
#2087=LINE('',#13462,#2927);
#2088=LINE('',#13466,#2928);
#2089=LINE('',#13470,#2929);
#2090=LINE('',#13474,#2930);
#2091=LINE('',#13478,#2931);
#2092=LINE('',#13482,#2932);
#2093=LINE('',#13486,#2933);
#2094=LINE('',#13490,#2934);
#2095=LINE('',#13494,#2935);
#2096=LINE('',#13498,#2936);
#2097=LINE('',#13502,#2937);
#2098=LINE('',#13506,#2938);
#2099=LINE('',#13510,#2939);
#2100=LINE('',#13514,#2940);
#2101=LINE('',#13518,#2941);
#2102=LINE('',#13522,#2942);
#2103=LINE('',#13526,#2943);
#2104=LINE('',#13530,#2944);
#2105=LINE('',#13534,#2945);
#2106=LINE('',#13538,#2946);
#2107=LINE('',#13544,#2947);
#2108=LINE('',#13548,#2948);
#2109=LINE('',#13552,#2949);
#2110=LINE('',#13555,#2950);
#2111=LINE('',#13560,#2951);
#2112=LINE('',#13564,#2952);
#2113=LINE('',#13568,#2953);
#2114=LINE('',#13571,#2954);
#2115=LINE('',#13576,#2955);
#2116=LINE('',#13580,#2956);
#2117=LINE('',#13584,#2957);
#2118=LINE('',#13587,#2958);
#2119=LINE('',#13592,#2959);
#2120=LINE('',#13596,#2960);
#2121=LINE('',#13600,#2961);
#2122=LINE('',#13603,#2962);
#2123=LINE('',#13606,#2963);
#2124=LINE('',#13610,#2964);
#2125=LINE('',#13614,#2965);
#2126=LINE('',#13618,#2966);
#2127=LINE('',#13622,#2967);
#2128=LINE('',#13626,#2968);
#2129=LINE('',#13630,#2969);
#2130=LINE('',#13634,#2970);
#2131=LINE('',#13638,#2971);
#2132=LINE('',#13642,#2972);
#2133=LINE('',#13646,#2973);
#2134=LINE('',#13650,#2974);
#2135=LINE('',#13653,#2975);
#2136=LINE('',#13655,#2976);
#2137=LINE('',#13658,#2977);
#2138=LINE('',#13660,#2978);
#2139=LINE('',#13663,#2979);
#2140=LINE('',#13665,#2980);
#2141=LINE('',#13668,#2981);
#2142=LINE('',#13670,#2982);
#2143=LINE('',#13673,#2983);
#2144=LINE('',#13674,#2984);
#2145=LINE('',#13676,#2985);
#2146=LINE('',#13678,#2986);
#2147=LINE('',#13680,#2987);
#2148=LINE('',#13682,#2988);
#2149=LINE('',#13684,#2989);
#2150=LINE('',#13686,#2990);
#2151=LINE('',#13689,#2991);
#2152=LINE('',#13690,#2992);
#2153=LINE('',#13692,#2993);
#2154=LINE('',#13694,#2994);
#2155=LINE('',#13696,#2995);
#2156=LINE('',#13698,#2996);
#2157=LINE('',#13700,#2997);
#2158=LINE('',#13702,#2998);
#2159=LINE('',#13705,#2999);
#2160=LINE('',#13706,#3000);
#2161=LINE('',#13708,#3001);
#2162=LINE('',#13710,#3002);
#2163=LINE('',#13712,#3003);
#2164=LINE('',#13714,#3004);
#2165=LINE('',#13716,#3005);
#2166=LINE('',#13718,#3006);
#2167=LINE('',#13721,#3007);
#2168=LINE('',#13722,#3008);
#2169=LINE('',#13724,#3009);
#2170=LINE('',#13726,#3010);
#2171=LINE('',#13728,#3011);
#2172=LINE('',#13730,#3012);
#2173=LINE('',#13732,#3013);
#2174=LINE('',#13734,#3014);
#2175=LINE('',#13737,#3015);
#2176=LINE('',#13738,#3016);
#2177=LINE('',#13740,#3017);
#2178=LINE('',#13742,#3018);
#2179=LINE('',#13744,#3019);
#2180=LINE('',#13746,#3020);
#2181=LINE('',#13748,#3021);
#2182=LINE('',#13750,#3022);
#2183=LINE('',#13753,#3023);
#2184=LINE('',#13754,#3024);
#2185=LINE('',#13756,#3025);
#2186=LINE('',#13758,#3026);
#2187=LINE('',#13760,#3027);
#2188=LINE('',#13762,#3028);
#2189=LINE('',#13764,#3029);
#2190=LINE('',#13766,#3030);
#2191=LINE('',#13769,#3031);
#2192=LINE('',#13770,#3032);
#2193=LINE('',#13772,#3033);
#2194=LINE('',#13774,#3034);
#2195=LINE('',#13776,#3035);
#2196=LINE('',#13778,#3036);
#2197=LINE('',#13780,#3037);
#2198=LINE('',#13782,#3038);
#2199=LINE('',#13785,#3039);
#2200=LINE('',#13786,#3040);
#2201=LINE('',#13788,#3041);
#2202=LINE('',#13790,#3042);
#2203=LINE('',#13792,#3043);
#2204=LINE('',#13794,#3044);
#2205=LINE('',#13796,#3045);
#2206=LINE('',#13798,#3046);
#2207=LINE('',#13801,#3047);
#2208=LINE('',#13802,#3048);
#2209=LINE('',#13804,#3049);
#2210=LINE('',#13806,#3050);
#2211=LINE('',#13808,#3051);
#2212=LINE('',#13810,#3052);
#2213=LINE('',#13812,#3053);
#2214=LINE('',#13814,#3054);
#2215=LINE('',#13817,#3055);
#2216=LINE('',#13818,#3056);
#2217=LINE('',#13820,#3057);
#2218=LINE('',#13822,#3058);
#2219=LINE('',#13824,#3059);
#2220=LINE('',#13826,#3060);
#2221=LINE('',#13828,#3061);
#2222=LINE('',#13830,#3062);
#2223=LINE('',#13833,#3063);
#2224=LINE('',#13834,#3064);
#2225=LINE('',#13836,#3065);
#2226=LINE('',#13838,#3066);
#2227=LINE('',#13840,#3067);
#2228=LINE('',#13842,#3068);
#2229=LINE('',#13844,#3069);
#2230=LINE('',#13846,#3070);
#2231=LINE('',#13849,#3071);
#2232=LINE('',#13850,#3072);
#2233=LINE('',#13852,#3073);
#2234=LINE('',#13854,#3074);
#2235=LINE('',#13856,#3075);
#2236=LINE('',#13858,#3076);
#2237=LINE('',#13860,#3077);
#2238=LINE('',#13862,#3078);
#2239=LINE('',#13865,#3079);
#2240=LINE('',#13866,#3080);
#2241=LINE('',#13868,#3081);
#2242=LINE('',#13870,#3082);
#2243=LINE('',#13872,#3083);
#2244=LINE('',#13874,#3084);
#2245=LINE('',#13876,#3085);
#2246=LINE('',#13878,#3086);
#2247=LINE('',#13881,#3087);
#2248=LINE('',#13882,#3088);
#2249=LINE('',#13884,#3089);
#2250=LINE('',#13886,#3090);
#2251=LINE('',#13888,#3091);
#2252=LINE('',#13890,#3092);
#2253=LINE('',#13892,#3093);
#2254=LINE('',#13894,#3094);
#2255=LINE('',#13897,#3095);
#2256=LINE('',#13898,#3096);
#2257=LINE('',#13900,#3097);
#2258=LINE('',#13902,#3098);
#2259=LINE('',#13904,#3099);
#2260=LINE('',#13906,#3100);
#2261=LINE('',#13908,#3101);
#2262=LINE('',#13910,#3102);
#2263=LINE('',#13913,#3103);
#2264=LINE('',#13914,#3104);
#2265=LINE('',#13916,#3105);
#2266=LINE('',#13918,#3106);
#2267=LINE('',#13920,#3107);
#2268=LINE('',#13922,#3108);
#2269=LINE('',#13924,#3109);
#2270=LINE('',#13926,#3110);
#2271=LINE('',#13929,#3111);
#2272=LINE('',#13930,#3112);
#2273=LINE('',#13932,#3113);
#2274=LINE('',#13934,#3114);
#2275=LINE('',#13936,#3115);
#2276=LINE('',#13938,#3116);
#2277=LINE('',#13940,#3117);
#2278=LINE('',#13942,#3118);
#2279=LINE('',#13945,#3119);
#2280=LINE('',#13946,#3120);
#2281=LINE('',#13948,#3121);
#2282=LINE('',#13950,#3122);
#2283=LINE('',#13952,#3123);
#2284=LINE('',#13954,#3124);
#2285=LINE('',#13956,#3125);
#2286=LINE('',#13958,#3126);
#2287=LINE('',#13961,#3127);
#2288=LINE('',#13962,#3128);
#2289=LINE('',#13964,#3129);
#2290=LINE('',#13966,#3130);
#2291=LINE('',#13968,#3131);
#2292=LINE('',#13970,#3132);
#2293=LINE('',#13972,#3133);
#2294=LINE('',#13974,#3134);
#2295=LINE('',#13977,#3135);
#2296=LINE('',#13978,#3136);
#2297=LINE('',#13980,#3137);
#2298=LINE('',#13982,#3138);
#2299=LINE('',#13984,#3139);
#2300=LINE('',#13986,#3140);
#2301=LINE('',#13988,#3141);
#2302=LINE('',#13990,#3142);
#2303=LINE('',#13993,#3143);
#2304=LINE('',#13994,#3144);
#2305=LINE('',#13996,#3145);
#2306=LINE('',#13998,#3146);
#2307=LINE('',#14000,#3147);
#2308=LINE('',#14002,#3148);
#2309=LINE('',#14004,#3149);
#2310=LINE('',#14006,#3150);
#2311=LINE('',#14009,#3151);
#2312=LINE('',#14010,#3152);
#2313=LINE('',#14012,#3153);
#2314=LINE('',#14014,#3154);
#2315=LINE('',#14016,#3155);
#2316=LINE('',#14018,#3156);
#2317=LINE('',#14020,#3157);
#2318=LINE('',#14022,#3158);
#2319=LINE('',#14025,#3159);
#2320=LINE('',#14026,#3160);
#2321=LINE('',#14028,#3161);
#2322=LINE('',#14030,#3162);
#2323=LINE('',#14032,#3163);
#2324=LINE('',#14034,#3164);
#2325=LINE('',#14036,#3165);
#2326=LINE('',#14038,#3166);
#2327=LINE('',#14041,#3167);
#2328=LINE('',#14042,#3168);
#2329=LINE('',#14044,#3169);
#2330=LINE('',#14046,#3170);
#2331=LINE('',#14048,#3171);
#2332=LINE('',#14050,#3172);
#2333=LINE('',#14052,#3173);
#2334=LINE('',#14054,#3174);
#2335=LINE('',#14057,#3175);
#2336=LINE('',#14058,#3176);
#2337=LINE('',#14060,#3177);
#2338=LINE('',#14062,#3178);
#2339=LINE('',#14064,#3179);
#2340=LINE('',#14066,#3180);
#2341=LINE('',#14068,#3181);
#2342=LINE('',#14070,#3182);
#2343=LINE('',#14073,#3183);
#2344=LINE('',#14074,#3184);
#2345=LINE('',#14076,#3185);
#2346=LINE('',#14078,#3186);
#2347=LINE('',#14080,#3187);
#2348=LINE('',#14082,#3188);
#2349=LINE('',#14084,#3189);
#2350=LINE('',#14086,#3190);
#2351=LINE('',#14089,#3191);
#2352=LINE('',#14090,#3192);
#2353=LINE('',#14092,#3193);
#2354=LINE('',#14094,#3194);
#2355=LINE('',#14096,#3195);
#2356=LINE('',#14098,#3196);
#2357=LINE('',#14100,#3197);
#2358=LINE('',#14102,#3198);
#2359=LINE('',#14105,#3199);
#2360=LINE('',#14106,#3200);
#2361=LINE('',#14108,#3201);
#2362=LINE('',#14110,#3202);
#2363=LINE('',#14112,#3203);
#2364=LINE('',#14114,#3204);
#2365=LINE('',#14116,#3205);
#2366=LINE('',#14118,#3206);
#2367=LINE('',#14121,#3207);
#2368=LINE('',#14122,#3208);
#2369=LINE('',#14124,#3209);
#2370=LINE('',#14126,#3210);
#2371=LINE('',#14128,#3211);
#2372=LINE('',#14130,#3212);
#2373=LINE('',#14132,#3213);
#2374=LINE('',#14134,#3214);
#2375=LINE('',#14137,#3215);
#2376=LINE('',#14138,#3216);
#2377=LINE('',#14140,#3217);
#2378=LINE('',#14142,#3218);
#2379=LINE('',#14144,#3219);
#2380=LINE('',#14146,#3220);
#2381=LINE('',#14148,#3221);
#2382=LINE('',#14150,#3222);
#2383=LINE('',#14153,#3223);
#2384=LINE('',#14154,#3224);
#2385=LINE('',#14156,#3225);
#2386=LINE('',#14158,#3226);
#2387=LINE('',#14160,#3227);
#2388=LINE('',#14162,#3228);
#2389=LINE('',#14164,#3229);
#2390=LINE('',#14166,#3230);
#2391=LINE('',#14169,#3231);
#2392=LINE('',#14170,#3232);
#2393=LINE('',#14172,#3233);
#2394=LINE('',#14174,#3234);
#2395=LINE('',#14176,#3235);
#2396=LINE('',#14178,#3236);
#2397=LINE('',#14180,#3237);
#2398=LINE('',#14182,#3238);
#2399=LINE('',#14185,#3239);
#2400=LINE('',#14186,#3240);
#2401=LINE('',#14188,#3241);
#2402=LINE('',#14190,#3242);
#2403=LINE('',#14192,#3243);
#2404=LINE('',#14194,#3244);
#2405=LINE('',#14196,#3245);
#2406=LINE('',#14198,#3246);
#2407=LINE('',#14201,#3247);
#2408=LINE('',#14202,#3248);
#2409=LINE('',#14204,#3249);
#2410=LINE('',#14206,#3250);
#2411=LINE('',#14208,#3251);
#2412=LINE('',#14210,#3252);
#2413=LINE('',#14212,#3253);
#2414=LINE('',#14214,#3254);
#2415=LINE('',#14217,#3255);
#2416=LINE('',#14218,#3256);
#2417=LINE('',#14220,#3257);
#2418=LINE('',#14222,#3258);
#2419=LINE('',#14224,#3259);
#2420=LINE('',#14226,#3260);
#2421=LINE('',#14228,#3261);
#2422=LINE('',#14230,#3262);
#2423=LINE('',#14233,#3263);
#2424=LINE('',#14234,#3264);
#2425=LINE('',#14236,#3265);
#2426=LINE('',#14238,#3266);
#2427=LINE('',#14240,#3267);
#2428=LINE('',#14242,#3268);
#2429=LINE('',#14244,#3269);
#2430=LINE('',#14246,#3270);
#2431=LINE('',#14249,#3271);
#2432=LINE('',#14250,#3272);
#2433=LINE('',#14252,#3273);
#2434=LINE('',#14254,#3274);
#2435=LINE('',#14256,#3275);
#2436=LINE('',#14258,#3276);
#2437=LINE('',#14260,#3277);
#2438=LINE('',#14262,#3278);
#2439=LINE('',#14265,#3279);
#2440=LINE('',#14266,#3280);
#2441=LINE('',#14268,#3281);
#2442=LINE('',#14270,#3282);
#2443=LINE('',#14272,#3283);
#2444=LINE('',#14274,#3284);
#2445=LINE('',#14276,#3285);
#2446=LINE('',#14278,#3286);
#2447=LINE('',#14281,#3287);
#2448=LINE('',#14282,#3288);
#2449=LINE('',#14284,#3289);
#2450=LINE('',#14286,#3290);
#2451=LINE('',#14288,#3291);
#2452=LINE('',#14290,#3292);
#2453=LINE('',#14292,#3293);
#2454=LINE('',#14294,#3294);
#2455=LINE('',#14297,#3295);
#2456=LINE('',#14298,#3296);
#2457=LINE('',#14300,#3297);
#2458=LINE('',#14302,#3298);
#2459=LINE('',#14304,#3299);
#2460=LINE('',#14306,#3300);
#2461=LINE('',#14308,#3301);
#2462=LINE('',#14310,#3302);
#2463=LINE('',#14313,#3303);
#2464=LINE('',#14314,#3304);
#2465=LINE('',#14316,#3305);
#2466=LINE('',#14318,#3306);
#2467=LINE('',#14320,#3307);
#2468=LINE('',#14322,#3308);
#2469=LINE('',#14324,#3309);
#2470=LINE('',#14326,#3310);
#2471=LINE('',#14329,#3311);
#2472=LINE('',#14330,#3312);
#2473=LINE('',#14332,#3313);
#2474=LINE('',#14334,#3314);
#2475=LINE('',#14336,#3315);
#2476=LINE('',#14338,#3316);
#2477=LINE('',#14340,#3317);
#2478=LINE('',#14342,#3318);
#2479=LINE('',#14345,#3319);
#2480=LINE('',#14346,#3320);
#2481=LINE('',#14348,#3321);
#2482=LINE('',#14350,#3322);
#2483=LINE('',#14352,#3323);
#2484=LINE('',#14354,#3324);
#2485=LINE('',#14356,#3325);
#2486=LINE('',#14358,#3326);
#2487=LINE('',#14361,#3327);
#2488=LINE('',#14362,#3328);
#2489=LINE('',#14364,#3329);
#2490=LINE('',#14366,#3330);
#2491=LINE('',#14368,#3331);
#2492=LINE('',#14370,#3332);
#2493=LINE('',#14372,#3333);
#2494=LINE('',#14374,#3334);
#2495=VECTOR('',#9387,10.);
#2496=VECTOR('',#9388,10.);
#2497=VECTOR('',#9389,10.);
#2498=VECTOR('',#9390,10.);
#2499=VECTOR('',#9393,10.);
#2500=VECTOR('',#9394,10.);
#2501=VECTOR('',#9395,10.);
#2502=VECTOR('',#9398,10.);
#2503=VECTOR('',#9399,10.);
#2504=VECTOR('',#9400,10.);
#2505=VECTOR('',#9407,10.);
#2506=VECTOR('',#9410,10.);
#2507=VECTOR('',#9411,10.);
#2508=VECTOR('',#9412,10.);
#2509=VECTOR('',#9419,10.);
#2510=VECTOR('',#9422,10.);
#2511=VECTOR('',#9423,10.);
#2512=VECTOR('',#9424,10.);
#2513=VECTOR('',#9427,10.);
#2514=VECTOR('',#9428,10.);
#2515=VECTOR('',#9429,10.);
#2516=VECTOR('',#9432,10.);
#2517=VECTOR('',#9433,10.);
#2518=VECTOR('',#9434,10.);
#2519=VECTOR('',#9441,10.);
#2520=VECTOR('',#9444,10.);
#2521=VECTOR('',#9445,10.);
#2522=VECTOR('',#9446,10.);
#2523=VECTOR('',#9453,10.);
#2524=VECTOR('',#9456,10.);
#2525=VECTOR('',#9457,10.);
#2526=VECTOR('',#9458,10.);
#2527=VECTOR('',#9465,10.);
#2528=VECTOR('',#9468,10.);
#2529=VECTOR('',#9469,10.);
#2530=VECTOR('',#9470,10.);
#2531=VECTOR('',#9477,10.);
#2532=VECTOR('',#9480,10.);
#2533=VECTOR('',#9481,10.);
#2534=VECTOR('',#9482,10.);
#2535=VECTOR('',#9485,10.);
#2536=VECTOR('',#9486,10.);
#2537=VECTOR('',#9487,10.);
#2538=VECTOR('',#9490,10.);
#2539=VECTOR('',#9491,10.);
#2540=VECTOR('',#9492,10.);
#2541=VECTOR('',#9499,10.);
#2542=VECTOR('',#9502,10.);
#2543=VECTOR('',#9503,10.);
#2544=VECTOR('',#9504,10.);
#2545=VECTOR('',#9511,10.);
#2546=VECTOR('',#9514,10.);
#2547=VECTOR('',#9515,10.);
#2548=VECTOR('',#9516,10.);
#2549=VECTOR('',#9519,10.);
#2550=VECTOR('',#9520,10.);
#2551=VECTOR('',#9521,10.);
#2552=VECTOR('',#9524,10.);
#2553=VECTOR('',#9525,10.);
#2554=VECTOR('',#9526,10.);
#2555=VECTOR('',#9533,10.);
#2556=VECTOR('',#9536,10.);
#2557=VECTOR('',#9537,10.);
#2558=VECTOR('',#9538,10.);
#2559=VECTOR('',#9545,10.);
#2560=VECTOR('',#9548,10.);
#2561=VECTOR('',#9549,10.);
#2562=VECTOR('',#9550,10.);
#2563=VECTOR('',#9557,10.);
#2564=VECTOR('',#9560,10.);
#2565=VECTOR('',#9561,10.);
#2566=VECTOR('',#9562,10.);
#2567=VECTOR('',#9573,10.);
#2568=VECTOR('',#9576,10.);
#2569=VECTOR('',#9579,10.);
#2570=VECTOR('',#9580,10.);
#2571=VECTOR('',#9581,10.);
#2572=VECTOR('',#9588,10.);
#2573=VECTOR('',#9593,10.);
#2574=VECTOR('',#9596,10.);
#2575=VECTOR('',#9599,10.);
#2576=VECTOR('',#9600,10.);
#2577=VECTOR('',#9601,10.);
#2578=VECTOR('',#9608,10.);
#2579=VECTOR('',#9613,10.);
#2580=VECTOR('',#9616,10.);
#2581=VECTOR('',#9619,10.);
#2582=VECTOR('',#9620,10.);
#2583=VECTOR('',#9621,10.);
#2584=VECTOR('',#9628,10.);
#2585=VECTOR('',#9633,10.);
#2586=VECTOR('',#9636,10.);
#2587=VECTOR('',#9639,10.);
#2588=VECTOR('',#9640,10.);
#2589=VECTOR('',#9641,10.);
#2590=VECTOR('',#9646,10.);
#2591=VECTOR('',#9651,10.);
#2592=VECTOR('',#9652,10.);
#2593=VECTOR('',#9653,10.);
#2594=VECTOR('',#9656,10.);
#2595=VECTOR('',#9657,10.);
#2596=VECTOR('',#9658,10.);
#2597=VECTOR('',#9661,10.);
#2598=VECTOR('',#9662,10.);
#2599=VECTOR('',#9663,10.);
#2600=VECTOR('',#9666,10.);
#2601=VECTOR('',#9667,10.);
#2602=VECTOR('',#9668,10.);
#2603=VECTOR('',#9671,10.);
#2604=VECTOR('',#9672,10.);
#2605=VECTOR('',#9673,10.);
#2606=VECTOR('',#9676,10.);
#2607=VECTOR('',#9677,10.);
#2608=VECTOR('',#9678,10.);
#2609=VECTOR('',#9681,10.);
#2610=VECTOR('',#9682,10.);
#2611=VECTOR('',#9683,10.);
#2612=VECTOR('',#9686,10.);
#2613=VECTOR('',#9687,10.);
#2614=VECTOR('',#9688,10.);
#2615=VECTOR('',#9693,10.);
#2616=VECTOR('',#9698,10.);
#2617=VECTOR('',#9703,10.);
#2618=VECTOR('',#9708,10.);
#2619=VECTOR('',#9711,10.);
#2620=VECTOR('',#9714,10.);
#2621=VECTOR('',#9717,10.);
#2622=VECTOR('',#9720,10.);
#2623=VECTOR('',#9723,10.);
#2624=VECTOR('',#9726,10.);
#2625=VECTOR('',#9729,10.);
#2626=VECTOR('',#9732,10.);
#2627=VECTOR('',#9735,10.);
#2628=VECTOR('',#9738,10.);
#2629=VECTOR('',#9741,10.);
#2630=VECTOR('',#9744,10.);
#2631=VECTOR('',#9749,10.);
#2632=VECTOR('',#9752,10.);
#2633=VECTOR('',#9755,10.);
#2634=VECTOR('',#9758,10.);
#2635=VECTOR('',#9761,10.);
#2636=VECTOR('',#9764,10.);
#2637=VECTOR('',#9767,10.);
#2638=VECTOR('',#9770,10.);
#2639=VECTOR('',#9773,10.);
#2640=VECTOR('',#9776,10.);
#2641=VECTOR('',#9779,10.);
#2642=VECTOR('',#9782,10.);
#2643=VECTOR('',#9785,10.);
#2644=VECTOR('',#9788,10.);
#2645=VECTOR('',#9791,10.);
#2646=VECTOR('',#9794,10.);
#2647=VECTOR('',#9795,10.);
#2648=VECTOR('',#9798,10.);
#2649=VECTOR('',#9801,10.);
#2650=VECTOR('',#9804,10.);
#2651=VECTOR('',#9807,10.);
#2652=VECTOR('',#9810,10.);
#2653=VECTOR('',#9813,10.);
#2654=VECTOR('',#9816,10.);
#2655=VECTOR('',#9819,10.);
#2656=VECTOR('',#9822,10.);
#2657=VECTOR('',#9825,10.);
#2658=VECTOR('',#9828,10.);
#2659=VECTOR('',#9831,10.);
#2660=VECTOR('',#9834,10.);
#2661=VECTOR('',#9837,10.);
#2662=VECTOR('',#9840,10.);
#2663=VECTOR('',#9843,10.);
#2664=VECTOR('',#9846,10.);
#2665=VECTOR('',#9849,10.);
#2666=VECTOR('',#9852,10.);
#2667=VECTOR('',#9855,10.);
#2668=VECTOR('',#9858,10.);
#2669=VECTOR('',#9861,10.);
#2670=VECTOR('',#9864,10.);
#2671=VECTOR('',#9867,10.);
#2672=VECTOR('',#9870,10.);
#2673=VECTOR('',#9873,10.);
#2674=VECTOR('',#9876,10.);
#2675=VECTOR('',#9879,10.);
#2676=VECTOR('',#9882,10.);
#2677=VECTOR('',#9885,10.);
#2678=VECTOR('',#9888,10.);
#2679=VECTOR('',#9891,10.);
#2680=VECTOR('',#9894,10.);
#2681=VECTOR('',#9897,10.);
#2682=VECTOR('',#9900,10.);
#2683=VECTOR('',#9903,10.);
#2684=VECTOR('',#9906,10.);
#2685=VECTOR('',#9909,10.);
#2686=VECTOR('',#9912,10.);
#2687=VECTOR('',#9915,10.);
#2688=VECTOR('',#9918,10.);
#2689=VECTOR('',#9921,10.);
#2690=VECTOR('',#9924,10.);
#2691=VECTOR('',#9927,10.);
#2692=VECTOR('',#9930,10.);
#2693=VECTOR('',#9933,10.);
#2694=VECTOR('',#9936,10.);
#2695=VECTOR('',#9939,10.);
#2696=VECTOR('',#9942,10.);
#2697=VECTOR('',#9945,10.);
#2698=VECTOR('',#9948,10.);
#2699=VECTOR('',#9951,10.);
#2700=VECTOR('',#9954,10.);
#2701=VECTOR('',#9957,10.);
#2702=VECTOR('',#9960,10.);
#2703=VECTOR('',#9963,10.);
#2704=VECTOR('',#9966,10.);
#2705=VECTOR('',#9969,10.);
#2706=VECTOR('',#9972,10.);
#2707=VECTOR('',#9975,10.);
#2708=VECTOR('',#9978,10.);
#2709=VECTOR('',#9981,10.);
#2710=VECTOR('',#9984,10.);
#2711=VECTOR('',#9987,10.);
#2712=VECTOR('',#9990,10.);
#2713=VECTOR('',#9993,10.);
#2714=VECTOR('',#9996,10.);
#2715=VECTOR('',#9999,10.);
#2716=VECTOR('',#10002,10.);
#2717=VECTOR('',#10005,10.);
#2718=VECTOR('',#10008,10.);
#2719=VECTOR('',#10013,10.);
#2720=VECTOR('',#10016,10.);
#2721=VECTOR('',#10019,10.);
#2722=VECTOR('',#10022,10.);
#2723=VECTOR('',#10025,10.);
#2724=VECTOR('',#10028,10.);
#2725=VECTOR('',#10031,10.);
#2726=VECTOR('',#10034,10.);
#2727=VECTOR('',#10035,10.);
#2728=VECTOR('',#10038,10.);
#2729=VECTOR('',#10041,10.);
#2730=VECTOR('',#10044,10.);
#2731=VECTOR('',#10049,10.);
#2732=VECTOR('',#10052,10.);
#2733=VECTOR('',#10055,10.);
#2734=VECTOR('',#10058,10.);
#2735=VECTOR('',#10059,10.);
#2736=VECTOR('',#10062,10.);
#2737=VECTOR('',#10065,10.);
#2738=VECTOR('',#10068,10.);
#2739=VECTOR('',#10071,10.);
#2740=VECTOR('',#10074,10.);
#2741=VECTOR('',#10077,10.);
#2742=VECTOR('',#10080,10.);
#2743=VECTOR('',#10083,10.);
#2744=VECTOR('',#10086,10.);
#2745=VECTOR('',#10089,10.);
#2746=VECTOR('',#10092,10.);
#2747=VECTOR('',#10095,10.);
#2748=VECTOR('',#10098,10.);
#2749=VECTOR('',#10101,10.);
#2750=VECTOR('',#10104,10.);
#2751=VECTOR('',#10107,10.);
#2752=VECTOR('',#10110,10.);
#2753=VECTOR('',#10113,10.);
#2754=VECTOR('',#10116,10.);
#2755=VECTOR('',#10119,10.);
#2756=VECTOR('',#10122,10.);
#2757=VECTOR('',#10125,10.);
#2758=VECTOR('',#10128,10.);
#2759=VECTOR('',#10131,10.);
#2760=VECTOR('',#10134,10.);
#2761=VECTOR('',#10137,10.);
#2762=VECTOR('',#10140,10.);
#2763=VECTOR('',#10145,10.);
#2764=VECTOR('',#10148,10.);
#2765=VECTOR('',#10151,10.);
#2766=VECTOR('',#10154,10.);
#2767=VECTOR('',#10155,10.);
#2768=VECTOR('',#10158,10.);
#2769=VECTOR('',#10161,10.);
#2770=VECTOR('',#10164,10.);
#2771=VECTOR('',#10167,10.);
#2772=VECTOR('',#10170,10.);
#2773=VECTOR('',#10173,10.);
#2774=VECTOR('',#10176,10.);
#2775=VECTOR('',#10179,10.);
#2776=VECTOR('',#10182,10.);
#2777=VECTOR('',#10185,10.);
#2778=VECTOR('',#10188,10.);
#2779=VECTOR('',#10191,10.);
#2780=VECTOR('',#10194,10.);
#2781=VECTOR('',#10197,10.);
#2782=VECTOR('',#10200,10.);
#2783=VECTOR('',#10203,10.);
#2784=VECTOR('',#10206,10.);
#2785=VECTOR('',#10209,10.);
#2786=VECTOR('',#10212,10.);
#2787=VECTOR('',#10215,10.);
#2788=VECTOR('',#10218,10.);
#2789=VECTOR('',#10221,10.);
#2790=VECTOR('',#10224,10.);
#2791=VECTOR('',#10227,10.);
#2792=VECTOR('',#10230,10.);
#2793=VECTOR('',#10233,10.);
#2794=VECTOR('',#10236,10.);
#2795=VECTOR('',#10243,10.);
#2796=VECTOR('',#10248,10.);
#2797=VECTOR('',#10253,10.);
#2798=VECTOR('',#10258,10.);
#2799=VECTOR('',#10261,10.);
#2800=VECTOR('',#10264,10.);
#2801=VECTOR('',#10267,10.);
#2802=VECTOR('',#10270,10.);
#2803=VECTOR('',#10273,10.);
#2804=VECTOR('',#10276,10.);
#2805=VECTOR('',#10279,10.);
#2806=VECTOR('',#10282,10.);
#2807=VECTOR('',#10285,10.);
#2808=VECTOR('',#10288,10.);
#2809=VECTOR('',#10291,10.);
#2810=VECTOR('',#10294,10.);
#2811=VECTOR('',#10297,10.);
#2812=VECTOR('',#10300,10.);
#2813=VECTOR('',#10303,10.);
#2814=VECTOR('',#10306,10.);
#2815=VECTOR('',#10309,10.);
#2816=VECTOR('',#10312,10.);
#2817=VECTOR('',#10315,10.);
#2818=VECTOR('',#10318,10.);
#2819=VECTOR('',#10321,10.);
#2820=VECTOR('',#10324,10.);
#2821=VECTOR('',#10327,10.);
#2822=VECTOR('',#10330,10.);
#2823=VECTOR('',#10333,10.);
#2824=VECTOR('',#10336,10.);
#2825=VECTOR('',#10339,10.);
#2826=VECTOR('',#10342,10.);
#2827=VECTOR('',#10347,10.);
#2828=VECTOR('',#10350,10.);
#2829=VECTOR('',#10353,10.);
#2830=VECTOR('',#10356,10.);
#2831=VECTOR('',#10357,10.);
#2832=VECTOR('',#10360,10.);
#2833=VECTOR('',#10363,10.);
#2834=VECTOR('',#10366,10.);
#2835=VECTOR('',#10369,10.);
#2836=VECTOR('',#10372,10.);
#2837=VECTOR('',#10375,10.);
#2838=VECTOR('',#10378,10.);
#2839=VECTOR('',#10381,10.);
#2840=VECTOR('',#10384,10.);
#2841=VECTOR('',#10387,10.);
#2842=VECTOR('',#10390,10.);
#2843=VECTOR('',#10393,10.);
#2844=VECTOR('',#10396,10.);
#2845=VECTOR('',#10399,10.);
#2846=VECTOR('',#10402,10.);
#2847=VECTOR('',#10405,10.);
#2848=VECTOR('',#10408,10.);
#2849=VECTOR('',#10411,10.);
#2850=VECTOR('',#10414,10.);
#2851=VECTOR('',#10417,10.);
#2852=VECTOR('',#10420,10.);
#2853=VECTOR('',#10423,10.);
#2854=VECTOR('',#10426,10.);
#2855=VECTOR('',#10429,10.);
#2856=VECTOR('',#10432,10.);
#2857=VECTOR('',#10435,10.);
#2858=VECTOR('',#10438,10.);
#2859=VECTOR('',#10443,10.);
#2860=VECTOR('',#10446,10.);
#2861=VECTOR('',#10449,10.);
#2862=VECTOR('',#10452,10.);
#2863=VECTOR('',#10453,10.);
#2864=VECTOR('',#10456,10.);
#2865=VECTOR('',#10459,10.);
#2866=VECTOR('',#10462,10.);
#2867=VECTOR('',#10467,10.);
#2868=VECTOR('',#10470,10.);
#2869=VECTOR('',#10473,10.);
#2870=VECTOR('',#10476,10.);
#2871=VECTOR('',#10479,10.);
#2872=VECTOR('',#10482,10.);
#2873=VECTOR('',#10485,10.);
#2874=VECTOR('',#10488,10.);
#2875=VECTOR('',#10489,10.);
#2876=VECTOR('',#10492,10.);
#2877=VECTOR('',#10495,10.);
#2878=VECTOR('',#10498,10.);
#2879=VECTOR('',#10501,10.);
#2880=VECTOR('',#10504,10.);
#2881=VECTOR('',#10507,10.);
#2882=VECTOR('',#10510,10.);
#2883=VECTOR('',#10513,10.);
#2884=VECTOR('',#10516,10.);
#2885=VECTOR('',#10519,10.);
#2886=VECTOR('',#10522,10.);
#2887=VECTOR('',#10525,10.);
#2888=VECTOR('',#10528,10.);
#2889=VECTOR('',#10531,10.);
#2890=VECTOR('',#10534,10.);
#2891=VECTOR('',#10537,10.);
#2892=VECTOR('',#10540,10.);
#2893=VECTOR('',#10543,10.);
#2894=VECTOR('',#10546,10.);
#2895=VECTOR('',#10549,10.);
#2896=VECTOR('',#10552,10.);
#2897=VECTOR('',#10555,10.);
#2898=VECTOR('',#10558,10.);
#2899=VECTOR('',#10561,10.);
#2900=VECTOR('',#10564,10.);
#2901=VECTOR('',#10567,10.);
#2902=VECTOR('',#10570,10.);
#2903=VECTOR('',#10573,10.);
#2904=VECTOR('',#10576,10.);
#2905=VECTOR('',#10579,10.);
#2906=VECTOR('',#10582,10.);
#2907=VECTOR('',#10585,10.);
#2908=VECTOR('',#10588,10.);
#2909=VECTOR('',#10591,10.);
#2910=VECTOR('',#10594,10.);
#2911=VECTOR('',#10597,10.);
#2912=VECTOR('',#10600,10.);
#2913=VECTOR('',#10603,10.);
#2914=VECTOR('',#10606,10.);
#2915=VECTOR('',#10609,10.);
#2916=VECTOR('',#10612,10.);
#2917=VECTOR('',#10615,10.);
#2918=VECTOR('',#10618,10.);
#2919=VECTOR('',#10621,10.);
#2920=VECTOR('',#10624,10.);
#2921=VECTOR('',#10627,10.);
#2922=VECTOR('',#10630,10.);
#2923=VECTOR('',#10633,10.);
#2924=VECTOR('',#10636,10.);
#2925=VECTOR('',#10639,10.);
#2926=VECTOR('',#10642,10.);
#2927=VECTOR('',#10645,10.);
#2928=VECTOR('',#10648,10.);
#2929=VECTOR('',#10651,10.);
#2930=VECTOR('',#10654,10.);
#2931=VECTOR('',#10657,10.);
#2932=VECTOR('',#10660,10.);
#2933=VECTOR('',#10663,10.);
#2934=VECTOR('',#10666,10.);
#2935=VECTOR('',#10669,10.);
#2936=VECTOR('',#10672,10.);
#2937=VECTOR('',#10675,10.);
#2938=VECTOR('',#10678,10.);
#2939=VECTOR('',#10681,10.);
#2940=VECTOR('',#10684,10.);
#2941=VECTOR('',#10687,10.);
#2942=VECTOR('',#10690,10.);
#2943=VECTOR('',#10693,10.);
#2944=VECTOR('',#10696,10.);
#2945=VECTOR('',#10699,10.);
#2946=VECTOR('',#10702,10.);
#2947=VECTOR('',#10707,10.);
#2948=VECTOR('',#10710,10.);
#2949=VECTOR('',#10713,10.);
#2950=VECTOR('',#10716,10.);
#2951=VECTOR('',#10719,10.);
#2952=VECTOR('',#10722,10.);
#2953=VECTOR('',#10725,10.);
#2954=VECTOR('',#10728,10.);
#2955=VECTOR('',#10731,10.);
#2956=VECTOR('',#10734,10.);
#2957=VECTOR('',#10737,10.);
#2958=VECTOR('',#10740,10.);
#2959=VECTOR('',#10743,10.);
#2960=VECTOR('',#10746,10.);
#2961=VECTOR('',#10749,10.);
#2962=VECTOR('',#10752,10.);
#2963=VECTOR('',#10753,10.);
#2964=VECTOR('',#10756,10.);
#2965=VECTOR('',#10759,10.);
#2966=VECTOR('',#10762,10.);
#2967=VECTOR('',#10765,10.);
#2968=VECTOR('',#10768,10.);
#2969=VECTOR('',#10771,10.);
#2970=VECTOR('',#10774,10.);
#2971=VECTOR('',#10777,10.);
#2972=VECTOR('',#10780,10.);
#2973=VECTOR('',#10783,10.);
#2974=VECTOR('',#10786,10.);
#2975=VECTOR('',#10791,10.);
#2976=VECTOR('',#10794,10.);
#2977=VECTOR('',#10799,10.);
#2978=VECTOR('',#10802,10.);
#2979=VECTOR('',#10807,10.);
#2980=VECTOR('',#10810,10.);
#2981=VECTOR('',#10815,10.);
#2982=VECTOR('',#10818,10.);
#2983=VECTOR('',#10823,10.);
#2984=VECTOR('',#10824,10.);
#2985=VECTOR('',#10827,10.);
#2986=VECTOR('',#10830,10.);
#2987=VECTOR('',#10833,10.);
#2988=VECTOR('',#10836,10.);
#2989=VECTOR('',#10839,10.);
#2990=VECTOR('',#10842,10.);
#2991=VECTOR('',#10847,10.);
#2992=VECTOR('',#10848,10.);
#2993=VECTOR('',#10851,10.);
#2994=VECTOR('',#10854,10.);
#2995=VECTOR('',#10857,10.);
#2996=VECTOR('',#10860,10.);
#2997=VECTOR('',#10863,10.);
#2998=VECTOR('',#10866,10.);
#2999=VECTOR('',#10871,10.);
#3000=VECTOR('',#10872,10.);
#3001=VECTOR('',#10875,10.);
#3002=VECTOR('',#10878,10.);
#3003=VECTOR('',#10881,10.);
#3004=VECTOR('',#10884,10.);
#3005=VECTOR('',#10887,10.);
#3006=VECTOR('',#10890,10.);
#3007=VECTOR('',#10895,10.);
#3008=VECTOR('',#10896,10.);
#3009=VECTOR('',#10899,10.);
#3010=VECTOR('',#10902,10.);
#3011=VECTOR('',#10905,10.);
#3012=VECTOR('',#10908,10.);
#3013=VECTOR('',#10911,10.);
#3014=VECTOR('',#10914,10.);
#3015=VECTOR('',#10919,10.);
#3016=VECTOR('',#10920,10.);
#3017=VECTOR('',#10923,10.);
#3018=VECTOR('',#10926,10.);
#3019=VECTOR('',#10929,10.);
#3020=VECTOR('',#10932,10.);
#3021=VECTOR('',#10935,10.);
#3022=VECTOR('',#10938,10.);
#3023=VECTOR('',#10943,10.);
#3024=VECTOR('',#10944,10.);
#3025=VECTOR('',#10947,10.);
#3026=VECTOR('',#10950,10.);
#3027=VECTOR('',#10953,10.);
#3028=VECTOR('',#10956,10.);
#3029=VECTOR('',#10959,10.);
#3030=VECTOR('',#10962,10.);
#3031=VECTOR('',#10967,10.);
#3032=VECTOR('',#10968,10.);
#3033=VECTOR('',#10971,10.);
#3034=VECTOR('',#10974,10.);
#3035=VECTOR('',#10977,10.);
#3036=VECTOR('',#10980,10.);
#3037=VECTOR('',#10983,10.);
#3038=VECTOR('',#10986,10.);
#3039=VECTOR('',#10991,10.);
#3040=VECTOR('',#10992,10.);
#3041=VECTOR('',#10995,10.);
#3042=VECTOR('',#10998,10.);
#3043=VECTOR('',#11001,10.);
#3044=VECTOR('',#11004,10.);
#3045=VECTOR('',#11007,10.);
#3046=VECTOR('',#11010,10.);
#3047=VECTOR('',#11015,10.);
#3048=VECTOR('',#11016,10.);
#3049=VECTOR('',#11019,10.);
#3050=VECTOR('',#11022,10.);
#3051=VECTOR('',#11025,10.);
#3052=VECTOR('',#11028,10.);
#3053=VECTOR('',#11031,10.);
#3054=VECTOR('',#11034,10.);
#3055=VECTOR('',#11039,10.);
#3056=VECTOR('',#11040,10.);
#3057=VECTOR('',#11043,10.);
#3058=VECTOR('',#11046,10.);
#3059=VECTOR('',#11049,10.);
#3060=VECTOR('',#11052,10.);
#3061=VECTOR('',#11055,10.);
#3062=VECTOR('',#11058,10.);
#3063=VECTOR('',#11063,10.);
#3064=VECTOR('',#11064,10.);
#3065=VECTOR('',#11067,10.);
#3066=VECTOR('',#11070,10.);
#3067=VECTOR('',#11073,10.);
#3068=VECTOR('',#11076,10.);
#3069=VECTOR('',#11079,10.);
#3070=VECTOR('',#11082,10.);
#3071=VECTOR('',#11087,10.);
#3072=VECTOR('',#11088,10.);
#3073=VECTOR('',#11091,10.);
#3074=VECTOR('',#11094,10.);
#3075=VECTOR('',#11097,10.);
#3076=VECTOR('',#11100,10.);
#3077=VECTOR('',#11103,10.);
#3078=VECTOR('',#11106,10.);
#3079=VECTOR('',#11111,10.);
#3080=VECTOR('',#11112,10.);
#3081=VECTOR('',#11115,10.);
#3082=VECTOR('',#11118,10.);
#3083=VECTOR('',#11121,10.);
#3084=VECTOR('',#11124,10.);
#3085=VECTOR('',#11127,10.);
#3086=VECTOR('',#11130,10.);
#3087=VECTOR('',#11135,10.);
#3088=VECTOR('',#11136,10.);
#3089=VECTOR('',#11139,10.);
#3090=VECTOR('',#11142,10.);
#3091=VECTOR('',#11145,10.);
#3092=VECTOR('',#11148,10.);
#3093=VECTOR('',#11151,10.);
#3094=VECTOR('',#11154,10.);
#3095=VECTOR('',#11159,10.);
#3096=VECTOR('',#11160,10.);
#3097=VECTOR('',#11163,10.);
#3098=VECTOR('',#11166,10.);
#3099=VECTOR('',#11169,10.);
#3100=VECTOR('',#11172,10.);
#3101=VECTOR('',#11175,10.);
#3102=VECTOR('',#11178,10.);
#3103=VECTOR('',#11183,10.);
#3104=VECTOR('',#11184,10.);
#3105=VECTOR('',#11187,10.);
#3106=VECTOR('',#11190,10.);
#3107=VECTOR('',#11193,10.);
#3108=VECTOR('',#11196,10.);
#3109=VECTOR('',#11199,10.);
#3110=VECTOR('',#11202,10.);
#3111=VECTOR('',#11207,10.);
#3112=VECTOR('',#11208,10.);
#3113=VECTOR('',#11211,10.);
#3114=VECTOR('',#11214,10.);
#3115=VECTOR('',#11217,10.);
#3116=VECTOR('',#11220,10.);
#3117=VECTOR('',#11223,10.);
#3118=VECTOR('',#11226,10.);
#3119=VECTOR('',#11231,10.);
#3120=VECTOR('',#11232,10.);
#3121=VECTOR('',#11235,10.);
#3122=VECTOR('',#11238,10.);
#3123=VECTOR('',#11241,10.);
#3124=VECTOR('',#11244,10.);
#3125=VECTOR('',#11247,10.);
#3126=VECTOR('',#11250,10.);
#3127=VECTOR('',#11255,10.);
#3128=VECTOR('',#11256,10.);
#3129=VECTOR('',#11259,10.);
#3130=VECTOR('',#11262,10.);
#3131=VECTOR('',#11265,10.);
#3132=VECTOR('',#11268,10.);
#3133=VECTOR('',#11271,10.);
#3134=VECTOR('',#11274,10.);
#3135=VECTOR('',#11279,10.);
#3136=VECTOR('',#11280,10.);
#3137=VECTOR('',#11283,10.);
#3138=VECTOR('',#11286,10.);
#3139=VECTOR('',#11289,10.);
#3140=VECTOR('',#11292,10.);
#3141=VECTOR('',#11295,10.);
#3142=VECTOR('',#11298,10.);
#3143=VECTOR('',#11303,10.);
#3144=VECTOR('',#11304,10.);
#3145=VECTOR('',#11307,10.);
#3146=VECTOR('',#11310,10.);
#3147=VECTOR('',#11313,10.);
#3148=VECTOR('',#11316,10.);
#3149=VECTOR('',#11319,10.);
#3150=VECTOR('',#11322,10.);
#3151=VECTOR('',#11327,10.);
#3152=VECTOR('',#11328,10.);
#3153=VECTOR('',#11331,10.);
#3154=VECTOR('',#11334,10.);
#3155=VECTOR('',#11337,10.);
#3156=VECTOR('',#11340,10.);
#3157=VECTOR('',#11343,10.);
#3158=VECTOR('',#11346,10.);
#3159=VECTOR('',#11351,10.);
#3160=VECTOR('',#11352,10.);
#3161=VECTOR('',#11355,10.);
#3162=VECTOR('',#11358,10.);
#3163=VECTOR('',#11361,10.);
#3164=VECTOR('',#11364,10.);
#3165=VECTOR('',#11367,10.);
#3166=VECTOR('',#11370,10.);
#3167=VECTOR('',#11375,10.);
#3168=VECTOR('',#11376,10.);
#3169=VECTOR('',#11379,10.);
#3170=VECTOR('',#11382,10.);
#3171=VECTOR('',#11385,10.);
#3172=VECTOR('',#11388,10.);
#3173=VECTOR('',#11391,10.);
#3174=VECTOR('',#11394,10.);
#3175=VECTOR('',#11399,10.);
#3176=VECTOR('',#11400,10.);
#3177=VECTOR('',#11403,10.);
#3178=VECTOR('',#11406,10.);
#3179=VECTOR('',#11409,10.);
#3180=VECTOR('',#11412,10.);
#3181=VECTOR('',#11415,10.);
#3182=VECTOR('',#11418,10.);
#3183=VECTOR('',#11423,10.);
#3184=VECTOR('',#11424,10.);
#3185=VECTOR('',#11427,10.);
#3186=VECTOR('',#11430,10.);
#3187=VECTOR('',#11433,10.);
#3188=VECTOR('',#11436,10.);
#3189=VECTOR('',#11439,10.);
#3190=VECTOR('',#11442,10.);
#3191=VECTOR('',#11447,10.);
#3192=VECTOR('',#11448,10.);
#3193=VECTOR('',#11451,10.);
#3194=VECTOR('',#11454,10.);
#3195=VECTOR('',#11457,10.);
#3196=VECTOR('',#11460,10.);
#3197=VECTOR('',#11463,10.);
#3198=VECTOR('',#11466,10.);
#3199=VECTOR('',#11471,10.);
#3200=VECTOR('',#11472,10.);
#3201=VECTOR('',#11475,10.);
#3202=VECTOR('',#11478,10.);
#3203=VECTOR('',#11481,10.);
#3204=VECTOR('',#11484,10.);
#3205=VECTOR('',#11487,10.);
#3206=VECTOR('',#11490,10.);
#3207=VECTOR('',#11495,10.);
#3208=VECTOR('',#11496,10.);
#3209=VECTOR('',#11499,10.);
#3210=VECTOR('',#11502,10.);
#3211=VECTOR('',#11505,10.);
#3212=VECTOR('',#11508,10.);
#3213=VECTOR('',#11511,10.);
#3214=VECTOR('',#11514,10.);
#3215=VECTOR('',#11519,10.);
#3216=VECTOR('',#11520,10.);
#3217=VECTOR('',#11523,10.);
#3218=VECTOR('',#11526,10.);
#3219=VECTOR('',#11529,10.);
#3220=VECTOR('',#11532,10.);
#3221=VECTOR('',#11535,10.);
#3222=VECTOR('',#11538,10.);
#3223=VECTOR('',#11543,10.);
#3224=VECTOR('',#11544,10.);
#3225=VECTOR('',#11547,10.);
#3226=VECTOR('',#11550,10.);
#3227=VECTOR('',#11553,10.);
#3228=VECTOR('',#11556,10.);
#3229=VECTOR('',#11559,10.);
#3230=VECTOR('',#11562,10.);
#3231=VECTOR('',#11567,10.);
#3232=VECTOR('',#11568,10.);
#3233=VECTOR('',#11571,10.);
#3234=VECTOR('',#11574,10.);
#3235=VECTOR('',#11577,10.);
#3236=VECTOR('',#11580,10.);
#3237=VECTOR('',#11583,10.);
#3238=VECTOR('',#11586,10.);
#3239=VECTOR('',#11591,10.);
#3240=VECTOR('',#11592,10.);
#3241=VECTOR('',#11595,10.);
#3242=VECTOR('',#11598,10.);
#3243=VECTOR('',#11601,10.);
#3244=VECTOR('',#11604,10.);
#3245=VECTOR('',#11607,10.);
#3246=VECTOR('',#11610,10.);
#3247=VECTOR('',#11615,10.);
#3248=VECTOR('',#11616,10.);
#3249=VECTOR('',#11619,10.);
#3250=VECTOR('',#11622,10.);
#3251=VECTOR('',#11625,10.);
#3252=VECTOR('',#11628,10.);
#3253=VECTOR('',#11631,10.);
#3254=VECTOR('',#11634,10.);
#3255=VECTOR('',#11639,10.);
#3256=VECTOR('',#11640,10.);
#3257=VECTOR('',#11643,10.);
#3258=VECTOR('',#11646,10.);
#3259=VECTOR('',#11649,10.);
#3260=VECTOR('',#11652,10.);
#3261=VECTOR('',#11655,10.);
#3262=VECTOR('',#11658,10.);
#3263=VECTOR('',#11663,10.);
#3264=VECTOR('',#11664,10.);
#3265=VECTOR('',#11667,10.);
#3266=VECTOR('',#11670,10.);
#3267=VECTOR('',#11673,10.);
#3268=VECTOR('',#11676,10.);
#3269=VECTOR('',#11679,10.);
#3270=VECTOR('',#11682,10.);
#3271=VECTOR('',#11687,10.);
#3272=VECTOR('',#11688,10.);
#3273=VECTOR('',#11691,10.);
#3274=VECTOR('',#11694,10.);
#3275=VECTOR('',#11697,10.);
#3276=VECTOR('',#11700,10.);
#3277=VECTOR('',#11703,10.);
#3278=VECTOR('',#11706,10.);
#3279=VECTOR('',#11711,10.);
#3280=VECTOR('',#11712,10.);
#3281=VECTOR('',#11715,10.);
#3282=VECTOR('',#11718,10.);
#3283=VECTOR('',#11721,10.);
#3284=VECTOR('',#11724,10.);
#3285=VECTOR('',#11727,10.);
#3286=VECTOR('',#11730,10.);
#3287=VECTOR('',#11735,10.);
#3288=VECTOR('',#11736,10.);
#3289=VECTOR('',#11739,10.);
#3290=VECTOR('',#11742,10.);
#3291=VECTOR('',#11745,10.);
#3292=VECTOR('',#11748,10.);
#3293=VECTOR('',#11751,10.);
#3294=VECTOR('',#11754,10.);
#3295=VECTOR('',#11759,10.);
#3296=VECTOR('',#11760,10.);
#3297=VECTOR('',#11763,10.);
#3298=VECTOR('',#11766,10.);
#3299=VECTOR('',#11769,10.);
#3300=VECTOR('',#11772,10.);
#3301=VECTOR('',#11775,10.);
#3302=VECTOR('',#11778,10.);
#3303=VECTOR('',#11783,10.);
#3304=VECTOR('',#11784,10.);
#3305=VECTOR('',#11787,10.);
#3306=VECTOR('',#11790,10.);
#3307=VECTOR('',#11793,10.);
#3308=VECTOR('',#11796,10.);
#3309=VECTOR('',#11799,10.);
#3310=VECTOR('',#11802,10.);
#3311=VECTOR('',#11807,10.);
#3312=VECTOR('',#11808,10.);
#3313=VECTOR('',#11811,10.);
#3314=VECTOR('',#11814,10.);
#3315=VECTOR('',#11817,10.);
#3316=VECTOR('',#11820,10.);
#3317=VECTOR('',#11823,10.);
#3318=VECTOR('',#11826,10.);
#3319=VECTOR('',#11831,10.);
#3320=VECTOR('',#11832,10.);
#3321=VECTOR('',#11835,10.);
#3322=VECTOR('',#11838,10.);
#3323=VECTOR('',#11841,10.);
#3324=VECTOR('',#11844,10.);
#3325=VECTOR('',#11847,10.);
#3326=VECTOR('',#11850,10.);
#3327=VECTOR('',#11855,10.);
#3328=VECTOR('',#11856,10.);
#3329=VECTOR('',#11859,10.);
#3330=VECTOR('',#11862,10.);
#3331=VECTOR('',#11865,10.);
#3332=VECTOR('',#11868,10.);
#3333=VECTOR('',#11871,10.);
#3334=VECTOR('',#11874,10.);
#3335=VERTEX_POINT('',#11879);
#3336=VERTEX_POINT('',#11880);
#3337=VERTEX_POINT('',#11882);
#3338=VERTEX_POINT('',#11884);
#3339=VERTEX_POINT('',#11888);
#3340=VERTEX_POINT('',#11890);
#3341=VERTEX_POINT('',#11894);
#3342=VERTEX_POINT('',#11896);
#3343=VERTEX_POINT('',#11900);
#3344=VERTEX_POINT('',#11902);
#3345=VERTEX_POINT('',#11906);
#3346=VERTEX_POINT('',#11908);
#3347=VERTEX_POINT('',#11912);
#3348=VERTEX_POINT('',#11914);
#3349=VERTEX_POINT('',#11918);
#3350=VERTEX_POINT('',#11920);
#3351=VERTEX_POINT('',#11924);
#3352=VERTEX_POINT('',#11926);
#3353=VERTEX_POINT('',#11930);
#3354=VERTEX_POINT('',#11932);
#3355=VERTEX_POINT('',#11936);
#3356=VERTEX_POINT('',#11938);
#3357=VERTEX_POINT('',#11942);
#3358=VERTEX_POINT('',#11944);
#3359=VERTEX_POINT('',#11948);
#3360=VERTEX_POINT('',#11950);
#3361=VERTEX_POINT('',#11954);
#3362=VERTEX_POINT('',#11956);
#3363=VERTEX_POINT('',#11960);
#3364=VERTEX_POINT('',#11962);
#3365=VERTEX_POINT('',#11966);
#3366=VERTEX_POINT('',#11968);
#3367=VERTEX_POINT('',#11972);
#3368=VERTEX_POINT('',#11974);
#3369=VERTEX_POINT('',#11978);
#3370=VERTEX_POINT('',#11980);
#3371=VERTEX_POINT('',#11984);
#3372=VERTEX_POINT('',#11986);
#3373=VERTEX_POINT('',#11990);
#3374=VERTEX_POINT('',#11992);
#3375=VERTEX_POINT('',#11996);
#3376=VERTEX_POINT('',#11998);
#3377=VERTEX_POINT('',#12002);
#3378=VERTEX_POINT('',#12004);
#3379=VERTEX_POINT('',#12008);
#3380=VERTEX_POINT('',#12010);
#3381=VERTEX_POINT('',#12014);
#3382=VERTEX_POINT('',#12016);
#3383=VERTEX_POINT('',#12020);
#3384=VERTEX_POINT('',#12022);
#3385=VERTEX_POINT('',#12026);
#3386=VERTEX_POINT('',#12028);
#3387=VERTEX_POINT('',#12032);
#3388=VERTEX_POINT('',#12034);
#3389=VERTEX_POINT('',#12038);
#3390=VERTEX_POINT('',#12040);
#3391=VERTEX_POINT('',#12044);
#3392=VERTEX_POINT('',#12046);
#3393=VERTEX_POINT('',#12050);
#3394=VERTEX_POINT('',#12052);
#3395=VERTEX_POINT('',#12056);
#3396=VERTEX_POINT('',#12058);
#3397=VERTEX_POINT('',#12062);
#3398=VERTEX_POINT('',#12064);
#3399=VERTEX_POINT('',#12071);
#3400=VERTEX_POINT('',#12072);
#3401=VERTEX_POINT('',#12074);
#3402=VERTEX_POINT('',#12076);
#3403=VERTEX_POINT('',#12080);
#3404=VERTEX_POINT('',#12082);
#3405=VERTEX_POINT('',#12086);
#3406=VERTEX_POINT('',#12088);
#3407=VERTEX_POINT('',#12092);
#3408=VERTEX_POINT('',#12093);
#3409=VERTEX_POINT('',#12095);
#3410=VERTEX_POINT('',#12097);
#3411=VERTEX_POINT('',#12101);
#3412=VERTEX_POINT('',#12103);
#3413=VERTEX_POINT('',#12107);
#3414=VERTEX_POINT('',#12109);
#3415=VERTEX_POINT('',#12113);
#3416=VERTEX_POINT('',#12114);
#3417=VERTEX_POINT('',#12116);
#3418=VERTEX_POINT('',#12118);
#3419=VERTEX_POINT('',#12122);
#3420=VERTEX_POINT('',#12124);
#3421=VERTEX_POINT('',#12128);
#3422=VERTEX_POINT('',#12130);
#3423=VERTEX_POINT('',#12134);
#3424=VERTEX_POINT('',#12135);
#3425=VERTEX_POINT('',#12137);
#3426=VERTEX_POINT('',#12139);
#3427=VERTEX_POINT('',#12143);
#3428=VERTEX_POINT('',#12145);
#3429=VERTEX_POINT('',#12149);
#3430=VERTEX_POINT('',#12151);
#3431=VERTEX_POINT('',#12155);
#3432=VERTEX_POINT('',#12157);
#3433=VERTEX_POINT('',#12161);
#3434=VERTEX_POINT('',#12163);
#3435=VERTEX_POINT('',#12167);
#3436=VERTEX_POINT('',#12169);
#3437=VERTEX_POINT('',#12173);
#3438=VERTEX_POINT('',#12175);
#3439=VERTEX_POINT('',#12179);
#3440=VERTEX_POINT('',#12181);
#3441=VERTEX_POINT('',#12185);
#3442=VERTEX_POINT('',#12187);
#3443=VERTEX_POINT('',#12191);
#3444=VERTEX_POINT('',#12193);
#3445=VERTEX_POINT('',#12197);
#3446=VERTEX_POINT('',#12199);
#3447=VERTEX_POINT('',#12203);
#3448=VERTEX_POINT('',#12205);
#3449=VERTEX_POINT('',#12208);
#3450=VERTEX_POINT('',#12210);
#3451=VERTEX_POINT('',#12213);
#3452=VERTEX_POINT('',#12215);
#3453=VERTEX_POINT('',#12218);
#3454=VERTEX_POINT('',#12220);
#3455=VERTEX_POINT('',#12223);
#3456=VERTEX_POINT('',#12224);
#3457=VERTEX_POINT('',#12226);
#3458=VERTEX_POINT('',#12228);
#3459=VERTEX_POINT('',#12230);
#3460=VERTEX_POINT('',#12232);
#3461=VERTEX_POINT('',#12234);
#3462=VERTEX_POINT('',#12236);
#3463=VERTEX_POINT('',#12239);
#3464=VERTEX_POINT('',#12240);
#3465=VERTEX_POINT('',#12242);
#3466=VERTEX_POINT('',#12244);
#3467=VERTEX_POINT('',#12246);
#3468=VERTEX_POINT('',#12248);
#3469=VERTEX_POINT('',#12250);
#3470=VERTEX_POINT('',#12252);
#3471=VERTEX_POINT('',#12255);
#3472=VERTEX_POINT('',#12256);
#3473=VERTEX_POINT('',#12258);
#3474=VERTEX_POINT('',#12260);
#3475=VERTEX_POINT('',#12262);
#3476=VERTEX_POINT('',#12264);
#3477=VERTEX_POINT('',#12266);
#3478=VERTEX_POINT('',#12268);
#3479=VERTEX_POINT('',#12271);
#3480=VERTEX_POINT('',#12272);
#3481=VERTEX_POINT('',#12274);
#3482=VERTEX_POINT('',#12276);
#3483=VERTEX_POINT('',#12278);
#3484=VERTEX_POINT('',#12280);
#3485=VERTEX_POINT('',#12282);
#3486=VERTEX_POINT('',#12284);
#3487=VERTEX_POINT('',#12287);
#3488=VERTEX_POINT('',#12288);
#3489=VERTEX_POINT('',#12290);
#3490=VERTEX_POINT('',#12292);
#3491=VERTEX_POINT('',#12294);
#3492=VERTEX_POINT('',#12296);
#3493=VERTEX_POINT('',#12298);
#3494=VERTEX_POINT('',#12300);
#3495=VERTEX_POINT('',#12303);
#3496=VERTEX_POINT('',#12304);
#3497=VERTEX_POINT('',#12306);
#3498=VERTEX_POINT('',#12308);
#3499=VERTEX_POINT('',#12310);
#3500=VERTEX_POINT('',#12312);
#3501=VERTEX_POINT('',#12314);
#3502=VERTEX_POINT('',#12316);
#3503=VERTEX_POINT('',#12319);
#3504=VERTEX_POINT('',#12320);
#3505=VERTEX_POINT('',#12322);
#3506=VERTEX_POINT('',#12324);
#3507=VERTEX_POINT('',#12326);
#3508=VERTEX_POINT('',#12328);
#3509=VERTEX_POINT('',#12330);
#3510=VERTEX_POINT('',#12332);
#3511=VERTEX_POINT('',#12335);
#3512=VERTEX_POINT('',#12336);
#3513=VERTEX_POINT('',#12338);
#3514=VERTEX_POINT('',#12340);
#3515=VERTEX_POINT('',#12342);
#3516=VERTEX_POINT('',#12344);
#3517=VERTEX_POINT('',#12346);
#3518=VERTEX_POINT('',#12348);
#3519=VERTEX_POINT('',#12351);
#3520=VERTEX_POINT('',#12352);
#3521=VERTEX_POINT('',#12354);
#3522=VERTEX_POINT('',#12356);
#3523=VERTEX_POINT('',#12358);
#3524=VERTEX_POINT('',#12360);
#3525=VERTEX_POINT('',#12362);
#3526=VERTEX_POINT('',#12364);
#3527=VERTEX_POINT('',#12367);
#3528=VERTEX_POINT('',#12368);
#3529=VERTEX_POINT('',#12370);
#3530=VERTEX_POINT('',#12372);
#3531=VERTEX_POINT('',#12374);
#3532=VERTEX_POINT('',#12376);
#3533=VERTEX_POINT('',#12378);
#3534=VERTEX_POINT('',#12380);
#3535=VERTEX_POINT('',#12383);
#3536=VERTEX_POINT('',#12384);
#3537=VERTEX_POINT('',#12386);
#3538=VERTEX_POINT('',#12388);
#3539=VERTEX_POINT('',#12390);
#3540=VERTEX_POINT('',#12392);
#3541=VERTEX_POINT('',#12394);
#3542=VERTEX_POINT('',#12396);
#3543=VERTEX_POINT('',#12399);
#3544=VERTEX_POINT('',#12400);
#3545=VERTEX_POINT('',#12402);
#3546=VERTEX_POINT('',#12404);
#3547=VERTEX_POINT('',#12406);
#3548=VERTEX_POINT('',#12408);
#3549=VERTEX_POINT('',#12410);
#3550=VERTEX_POINT('',#12412);
#3551=VERTEX_POINT('',#12415);
#3552=VERTEX_POINT('',#12416);
#3553=VERTEX_POINT('',#12418);
#3554=VERTEX_POINT('',#12420);
#3555=VERTEX_POINT('',#12422);
#3556=VERTEX_POINT('',#12424);
#3557=VERTEX_POINT('',#12426);
#3558=VERTEX_POINT('',#12428);
#3559=VERTEX_POINT('',#12431);
#3560=VERTEX_POINT('',#12432);
#3561=VERTEX_POINT('',#12434);
#3562=VERTEX_POINT('',#12436);
#3563=VERTEX_POINT('',#12438);
#3564=VERTEX_POINT('',#12440);
#3565=VERTEX_POINT('',#12442);
#3566=VERTEX_POINT('',#12444);
#3567=VERTEX_POINT('',#12447);
#3568=VERTEX_POINT('',#12448);
#3569=VERTEX_POINT('',#12450);
#3570=VERTEX_POINT('',#12452);
#3571=VERTEX_POINT('',#12454);
#3572=VERTEX_POINT('',#12456);
#3573=VERTEX_POINT('',#12458);
#3574=VERTEX_POINT('',#12460);
#3575=VERTEX_POINT('',#12463);
#3576=VERTEX_POINT('',#12464);
#3577=VERTEX_POINT('',#12466);
#3578=VERTEX_POINT('',#12468);
#3579=VERTEX_POINT('',#12470);
#3580=VERTEX_POINT('',#12472);
#3581=VERTEX_POINT('',#12474);
#3582=VERTEX_POINT('',#12476);
#3583=VERTEX_POINT('',#12479);
#3584=VERTEX_POINT('',#12480);
#3585=VERTEX_POINT('',#12482);
#3586=VERTEX_POINT('',#12484);
#3587=VERTEX_POINT('',#12486);
#3588=VERTEX_POINT('',#12488);
#3589=VERTEX_POINT('',#12490);
#3590=VERTEX_POINT('',#12492);
#3591=VERTEX_POINT('',#12495);
#3592=VERTEX_POINT('',#12496);
#3593=VERTEX_POINT('',#12498);
#3594=VERTEX_POINT('',#12500);
#3595=VERTEX_POINT('',#12502);
#3596=VERTEX_POINT('',#12504);
#3597=VERTEX_POINT('',#12506);
#3598=VERTEX_POINT('',#12508);
#3599=VERTEX_POINT('',#12511);
#3600=VERTEX_POINT('',#12512);
#3601=VERTEX_POINT('',#12514);
#3602=VERTEX_POINT('',#12516);
#3603=VERTEX_POINT('',#12518);
#3604=VERTEX_POINT('',#12520);
#3605=VERTEX_POINT('',#12522);
#3606=VERTEX_POINT('',#12524);
#3607=VERTEX_POINT('',#12527);
#3608=VERTEX_POINT('',#12528);
#3609=VERTEX_POINT('',#12530);
#3610=VERTEX_POINT('',#12532);
#3611=VERTEX_POINT('',#12534);
#3612=VERTEX_POINT('',#12536);
#3613=VERTEX_POINT('',#12538);
#3614=VERTEX_POINT('',#12540);
#3615=VERTEX_POINT('',#12543);
#3616=VERTEX_POINT('',#12544);
#3617=VERTEX_POINT('',#12546);
#3618=VERTEX_POINT('',#12548);
#3619=VERTEX_POINT('',#12550);
#3620=VERTEX_POINT('',#12552);
#3621=VERTEX_POINT('',#12554);
#3622=VERTEX_POINT('',#12556);
#3623=VERTEX_POINT('',#12559);
#3624=VERTEX_POINT('',#12560);
#3625=VERTEX_POINT('',#12562);
#3626=VERTEX_POINT('',#12564);
#3627=VERTEX_POINT('',#12566);
#3628=VERTEX_POINT('',#12568);
#3629=VERTEX_POINT('',#12570);
#3630=VERTEX_POINT('',#12572);
#3631=VERTEX_POINT('',#12575);
#3632=VERTEX_POINT('',#12576);
#3633=VERTEX_POINT('',#12578);
#3634=VERTEX_POINT('',#12580);
#3635=VERTEX_POINT('',#12582);
#3636=VERTEX_POINT('',#12584);
#3637=VERTEX_POINT('',#12586);
#3638=VERTEX_POINT('',#12588);
#3639=VERTEX_POINT('',#12591);
#3640=VERTEX_POINT('',#12592);
#3641=VERTEX_POINT('',#12594);
#3642=VERTEX_POINT('',#12596);
#3643=VERTEX_POINT('',#12598);
#3644=VERTEX_POINT('',#12600);
#3645=VERTEX_POINT('',#12602);
#3646=VERTEX_POINT('',#12604);
#3647=VERTEX_POINT('',#12607);
#3648=VERTEX_POINT('',#12608);
#3649=VERTEX_POINT('',#12610);
#3650=VERTEX_POINT('',#12612);
#3651=VERTEX_POINT('',#12614);
#3652=VERTEX_POINT('',#12616);
#3653=VERTEX_POINT('',#12618);
#3654=VERTEX_POINT('',#12620);
#3655=VERTEX_POINT('',#12623);
#3656=VERTEX_POINT('',#12624);
#3657=VERTEX_POINT('',#12626);
#3658=VERTEX_POINT('',#12628);
#3659=VERTEX_POINT('',#12630);
#3660=VERTEX_POINT('',#12632);
#3661=VERTEX_POINT('',#12634);
#3662=VERTEX_POINT('',#12636);
#3663=VERTEX_POINT('',#12639);
#3664=VERTEX_POINT('',#12640);
#3665=VERTEX_POINT('',#12642);
#3666=VERTEX_POINT('',#12644);
#3667=VERTEX_POINT('',#12646);
#3668=VERTEX_POINT('',#12648);
#3669=VERTEX_POINT('',#12650);
#3670=VERTEX_POINT('',#12652);
#3671=VERTEX_POINT('',#12655);
#3672=VERTEX_POINT('',#12656);
#3673=VERTEX_POINT('',#12658);
#3674=VERTEX_POINT('',#12660);
#3675=VERTEX_POINT('',#12662);
#3676=VERTEX_POINT('',#12664);
#3677=VERTEX_POINT('',#12666);
#3678=VERTEX_POINT('',#12668);
#3679=VERTEX_POINT('',#12671);
#3680=VERTEX_POINT('',#12672);
#3681=VERTEX_POINT('',#12674);
#3682=VERTEX_POINT('',#12676);
#3683=VERTEX_POINT('',#12678);
#3684=VERTEX_POINT('',#12680);
#3685=VERTEX_POINT('',#12682);
#3686=VERTEX_POINT('',#12684);
#3687=VERTEX_POINT('',#12687);
#3688=VERTEX_POINT('',#12688);
#3689=VERTEX_POINT('',#12690);
#3690=VERTEX_POINT('',#12692);
#3691=VERTEX_POINT('',#12694);
#3692=VERTEX_POINT('',#12696);
#3693=VERTEX_POINT('',#12698);
#3694=VERTEX_POINT('',#12700);
#3695=VERTEX_POINT('',#12703);
#3696=VERTEX_POINT('',#12704);
#3697=VERTEX_POINT('',#12706);
#3698=VERTEX_POINT('',#12708);
#3699=VERTEX_POINT('',#12710);
#3700=VERTEX_POINT('',#12712);
#3701=VERTEX_POINT('',#12714);
#3702=VERTEX_POINT('',#12716);
#3703=VERTEX_POINT('',#12719);
#3704=VERTEX_POINT('',#12720);
#3705=VERTEX_POINT('',#12722);
#3706=VERTEX_POINT('',#12724);
#3707=VERTEX_POINT('',#12726);
#3708=VERTEX_POINT('',#12728);
#3709=VERTEX_POINT('',#12730);
#3710=VERTEX_POINT('',#12732);
#3711=VERTEX_POINT('',#12735);
#3712=VERTEX_POINT('',#12736);
#3713=VERTEX_POINT('',#12738);
#3714=VERTEX_POINT('',#12740);
#3715=VERTEX_POINT('',#12742);
#3716=VERTEX_POINT('',#12744);
#3717=VERTEX_POINT('',#12746);
#3718=VERTEX_POINT('',#12748);
#3719=VERTEX_POINT('',#12751);
#3720=VERTEX_POINT('',#12752);
#3721=VERTEX_POINT('',#12754);
#3722=VERTEX_POINT('',#12756);
#3723=VERTEX_POINT('',#12758);
#3724=VERTEX_POINT('',#12760);
#3725=VERTEX_POINT('',#12762);
#3726=VERTEX_POINT('',#12764);
#3727=VERTEX_POINT('',#12767);
#3728=VERTEX_POINT('',#12768);
#3729=VERTEX_POINT('',#12770);
#3730=VERTEX_POINT('',#12772);
#3731=VERTEX_POINT('',#12774);
#3732=VERTEX_POINT('',#12776);
#3733=VERTEX_POINT('',#12778);
#3734=VERTEX_POINT('',#12780);
#3735=VERTEX_POINT('',#12783);
#3736=VERTEX_POINT('',#12784);
#3737=VERTEX_POINT('',#12786);
#3738=VERTEX_POINT('',#12788);
#3739=VERTEX_POINT('',#12790);
#3740=VERTEX_POINT('',#12792);
#3741=VERTEX_POINT('',#12794);
#3742=VERTEX_POINT('',#12796);
#3743=VERTEX_POINT('',#12799);
#3744=VERTEX_POINT('',#12800);
#3745=VERTEX_POINT('',#12802);
#3746=VERTEX_POINT('',#12804);
#3747=VERTEX_POINT('',#12806);
#3748=VERTEX_POINT('',#12808);
#3749=VERTEX_POINT('',#12810);
#3750=VERTEX_POINT('',#12812);
#3751=VERTEX_POINT('',#12815);
#3752=VERTEX_POINT('',#12816);
#3753=VERTEX_POINT('',#12818);
#3754=VERTEX_POINT('',#12820);
#3755=VERTEX_POINT('',#12822);
#3756=VERTEX_POINT('',#12824);
#3757=VERTEX_POINT('',#12826);
#3758=VERTEX_POINT('',#12828);
#3759=VERTEX_POINT('',#12831);
#3760=VERTEX_POINT('',#12832);
#3761=VERTEX_POINT('',#12834);
#3762=VERTEX_POINT('',#12836);
#3763=VERTEX_POINT('',#12838);
#3764=VERTEX_POINT('',#12840);
#3765=VERTEX_POINT('',#12842);
#3766=VERTEX_POINT('',#12844);
#3767=VERTEX_POINT('',#12847);
#3768=VERTEX_POINT('',#12848);
#3769=VERTEX_POINT('',#12850);
#3770=VERTEX_POINT('',#12852);
#3771=VERTEX_POINT('',#12854);
#3772=VERTEX_POINT('',#12856);
#3773=VERTEX_POINT('',#12858);
#3774=VERTEX_POINT('',#12860);
#3775=VERTEX_POINT('',#12863);
#3776=VERTEX_POINT('',#12864);
#3777=VERTEX_POINT('',#12866);
#3778=VERTEX_POINT('',#12868);
#3779=VERTEX_POINT('',#12870);
#3780=VERTEX_POINT('',#12872);
#3781=VERTEX_POINT('',#12874);
#3782=VERTEX_POINT('',#12876);
#3783=VERTEX_POINT('',#12879);
#3784=VERTEX_POINT('',#12880);
#3785=VERTEX_POINT('',#12882);
#3786=VERTEX_POINT('',#12884);
#3787=VERTEX_POINT('',#12886);
#3788=VERTEX_POINT('',#12888);
#3789=VERTEX_POINT('',#12890);
#3790=VERTEX_POINT('',#12892);
#3791=VERTEX_POINT('',#12895);
#3792=VERTEX_POINT('',#12896);
#3793=VERTEX_POINT('',#12898);
#3794=VERTEX_POINT('',#12900);
#3795=VERTEX_POINT('',#12902);
#3796=VERTEX_POINT('',#12904);
#3797=VERTEX_POINT('',#12906);
#3798=VERTEX_POINT('',#12908);
#3799=VERTEX_POINT('',#12911);
#3800=VERTEX_POINT('',#12912);
#3801=VERTEX_POINT('',#12914);
#3802=VERTEX_POINT('',#12916);
#3803=VERTEX_POINT('',#12918);
#3804=VERTEX_POINT('',#12920);
#3805=VERTEX_POINT('',#12922);
#3806=VERTEX_POINT('',#12924);
#3807=VERTEX_POINT('',#12928);
#3808=VERTEX_POINT('',#12930);
#3809=VERTEX_POINT('',#12933);
#3810=VERTEX_POINT('',#12935);
#3811=VERTEX_POINT('',#12938);
#3812=VERTEX_POINT('',#12940);
#3813=VERTEX_POINT('',#12943);
#3814=VERTEX_POINT('',#12945);
#3815=VERTEX_POINT('',#12948);
#3816=VERTEX_POINT('',#12949);
#3817=VERTEX_POINT('',#12951);
#3818=VERTEX_POINT('',#12953);
#3819=VERTEX_POINT('',#12955);
#3820=VERTEX_POINT('',#12957);
#3821=VERTEX_POINT('',#12959);
#3822=VERTEX_POINT('',#12961);
#3823=VERTEX_POINT('',#12964);
#3824=VERTEX_POINT('',#12965);
#3825=VERTEX_POINT('',#12967);
#3826=VERTEX_POINT('',#12969);
#3827=VERTEX_POINT('',#12971);
#3828=VERTEX_POINT('',#12973);
#3829=VERTEX_POINT('',#12975);
#3830=VERTEX_POINT('',#12977);
#3831=VERTEX_POINT('',#12980);
#3832=VERTEX_POINT('',#12981);
#3833=VERTEX_POINT('',#12983);
#3834=VERTEX_POINT('',#12985);
#3835=VERTEX_POINT('',#12987);
#3836=VERTEX_POINT('',#12989);
#3837=VERTEX_POINT('',#12991);
#3838=VERTEX_POINT('',#12993);
#3839=VERTEX_POINT('',#12996);
#3840=VERTEX_POINT('',#12997);
#3841=VERTEX_POINT('',#12999);
#3842=VERTEX_POINT('',#13001);
#3843=VERTEX_POINT('',#13003);
#3844=VERTEX_POINT('',#13005);
#3845=VERTEX_POINT('',#13007);
#3846=VERTEX_POINT('',#13009);
#3847=VERTEX_POINT('',#13012);
#3848=VERTEX_POINT('',#13013);
#3849=VERTEX_POINT('',#13015);
#3850=VERTEX_POINT('',#13017);
#3851=VERTEX_POINT('',#13019);
#3852=VERTEX_POINT('',#13021);
#3853=VERTEX_POINT('',#13023);
#3854=VERTEX_POINT('',#13025);
#3855=VERTEX_POINT('',#13028);
#3856=VERTEX_POINT('',#13029);
#3857=VERTEX_POINT('',#13031);
#3858=VERTEX_POINT('',#13033);
#3859=VERTEX_POINT('',#13035);
#3860=VERTEX_POINT('',#13037);
#3861=VERTEX_POINT('',#13039);
#3862=VERTEX_POINT('',#13041);
#3863=VERTEX_POINT('',#13044);
#3864=VERTEX_POINT('',#13045);
#3865=VERTEX_POINT('',#13047);
#3866=VERTEX_POINT('',#13049);
#3867=VERTEX_POINT('',#13051);
#3868=VERTEX_POINT('',#13053);
#3869=VERTEX_POINT('',#13055);
#3870=VERTEX_POINT('',#13057);
#3871=VERTEX_POINT('',#13060);
#3872=VERTEX_POINT('',#13061);
#3873=VERTEX_POINT('',#13063);
#3874=VERTEX_POINT('',#13065);
#3875=VERTEX_POINT('',#13067);
#3876=VERTEX_POINT('',#13069);
#3877=VERTEX_POINT('',#13071);
#3878=VERTEX_POINT('',#13073);
#3879=VERTEX_POINT('',#13076);
#3880=VERTEX_POINT('',#13077);
#3881=VERTEX_POINT('',#13079);
#3882=VERTEX_POINT('',#13081);
#3883=VERTEX_POINT('',#13083);
#3884=VERTEX_POINT('',#13085);
#3885=VERTEX_POINT('',#13087);
#3886=VERTEX_POINT('',#13089);
#3887=VERTEX_POINT('',#13092);
#3888=VERTEX_POINT('',#13093);
#3889=VERTEX_POINT('',#13095);
#3890=VERTEX_POINT('',#13097);
#3891=VERTEX_POINT('',#13099);
#3892=VERTEX_POINT('',#13101);
#3893=VERTEX_POINT('',#13103);
#3894=VERTEX_POINT('',#13105);
#3895=VERTEX_POINT('',#13108);
#3896=VERTEX_POINT('',#13109);
#3897=VERTEX_POINT('',#13111);
#3898=VERTEX_POINT('',#13113);
#3899=VERTEX_POINT('',#13115);
#3900=VERTEX_POINT('',#13117);
#3901=VERTEX_POINT('',#13119);
#3902=VERTEX_POINT('',#13121);
#3903=VERTEX_POINT('',#13124);
#3904=VERTEX_POINT('',#13125);
#3905=VERTEX_POINT('',#13127);
#3906=VERTEX_POINT('',#13129);
#3907=VERTEX_POINT('',#13131);
#3908=VERTEX_POINT('',#13133);
#3909=VERTEX_POINT('',#13135);
#3910=VERTEX_POINT('',#13137);
#3911=VERTEX_POINT('',#13140);
#3912=VERTEX_POINT('',#13141);
#3913=VERTEX_POINT('',#13143);
#3914=VERTEX_POINT('',#13145);
#3915=VERTEX_POINT('',#13147);
#3916=VERTEX_POINT('',#13149);
#3917=VERTEX_POINT('',#13151);
#3918=VERTEX_POINT('',#13153);
#3919=VERTEX_POINT('',#13156);
#3920=VERTEX_POINT('',#13157);
#3921=VERTEX_POINT('',#13159);
#3922=VERTEX_POINT('',#13161);
#3923=VERTEX_POINT('',#13163);
#3924=VERTEX_POINT('',#13165);
#3925=VERTEX_POINT('',#13167);
#3926=VERTEX_POINT('',#13169);
#3927=VERTEX_POINT('',#13172);
#3928=VERTEX_POINT('',#13173);
#3929=VERTEX_POINT('',#13175);
#3930=VERTEX_POINT('',#13177);
#3931=VERTEX_POINT('',#13179);
#3932=VERTEX_POINT('',#13181);
#3933=VERTEX_POINT('',#13183);
#3934=VERTEX_POINT('',#13185);
#3935=VERTEX_POINT('',#13188);
#3936=VERTEX_POINT('',#13189);
#3937=VERTEX_POINT('',#13191);
#3938=VERTEX_POINT('',#13193);
#3939=VERTEX_POINT('',#13195);
#3940=VERTEX_POINT('',#13197);
#3941=VERTEX_POINT('',#13199);
#3942=VERTEX_POINT('',#13201);
#3943=VERTEX_POINT('',#13204);
#3944=VERTEX_POINT('',#13205);
#3945=VERTEX_POINT('',#13207);
#3946=VERTEX_POINT('',#13209);
#3947=VERTEX_POINT('',#13211);
#3948=VERTEX_POINT('',#13213);
#3949=VERTEX_POINT('',#13215);
#3950=VERTEX_POINT('',#13217);
#3951=VERTEX_POINT('',#13220);
#3952=VERTEX_POINT('',#13221);
#3953=VERTEX_POINT('',#13223);
#3954=VERTEX_POINT('',#13225);
#3955=VERTEX_POINT('',#13227);
#3956=VERTEX_POINT('',#13229);
#3957=VERTEX_POINT('',#13231);
#3958=VERTEX_POINT('',#13233);
#3959=VERTEX_POINT('',#13236);
#3960=VERTEX_POINT('',#13237);
#3961=VERTEX_POINT('',#13239);
#3962=VERTEX_POINT('',#13241);
#3963=VERTEX_POINT('',#13243);
#3964=VERTEX_POINT('',#13245);
#3965=VERTEX_POINT('',#13247);
#3966=VERTEX_POINT('',#13249);
#3967=VERTEX_POINT('',#13252);
#3968=VERTEX_POINT('',#13253);
#3969=VERTEX_POINT('',#13255);
#3970=VERTEX_POINT('',#13257);
#3971=VERTEX_POINT('',#13259);
#3972=VERTEX_POINT('',#13261);
#3973=VERTEX_POINT('',#13263);
#3974=VERTEX_POINT('',#13265);
#3975=VERTEX_POINT('',#13268);
#3976=VERTEX_POINT('',#13269);
#3977=VERTEX_POINT('',#13271);
#3978=VERTEX_POINT('',#13273);
#3979=VERTEX_POINT('',#13275);
#3980=VERTEX_POINT('',#13277);
#3981=VERTEX_POINT('',#13279);
#3982=VERTEX_POINT('',#13281);
#3983=VERTEX_POINT('',#13284);
#3984=VERTEX_POINT('',#13285);
#3985=VERTEX_POINT('',#13287);
#3986=VERTEX_POINT('',#13289);
#3987=VERTEX_POINT('',#13291);
#3988=VERTEX_POINT('',#13293);
#3989=VERTEX_POINT('',#13295);
#3990=VERTEX_POINT('',#13297);
#3991=VERTEX_POINT('',#13300);
#3992=VERTEX_POINT('',#13301);
#3993=VERTEX_POINT('',#13303);
#3994=VERTEX_POINT('',#13305);
#3995=VERTEX_POINT('',#13307);
#3996=VERTEX_POINT('',#13309);
#3997=VERTEX_POINT('',#13311);
#3998=VERTEX_POINT('',#13313);
#3999=VERTEX_POINT('',#13316);
#4000=VERTEX_POINT('',#13317);
#4001=VERTEX_POINT('',#13319);
#4002=VERTEX_POINT('',#13321);
#4003=VERTEX_POINT('',#13323);
#4004=VERTEX_POINT('',#13325);
#4005=VERTEX_POINT('',#13327);
#4006=VERTEX_POINT('',#13329);
#4007=VERTEX_POINT('',#13332);
#4008=VERTEX_POINT('',#13333);
#4009=VERTEX_POINT('',#13335);
#4010=VERTEX_POINT('',#13337);
#4011=VERTEX_POINT('',#13339);
#4012=VERTEX_POINT('',#13341);
#4013=VERTEX_POINT('',#13343);
#4014=VERTEX_POINT('',#13345);
#4015=VERTEX_POINT('',#13348);
#4016=VERTEX_POINT('',#13349);
#4017=VERTEX_POINT('',#13351);
#4018=VERTEX_POINT('',#13353);
#4019=VERTEX_POINT('',#13355);
#4020=VERTEX_POINT('',#13357);
#4021=VERTEX_POINT('',#13359);
#4022=VERTEX_POINT('',#13361);
#4023=VERTEX_POINT('',#13364);
#4024=VERTEX_POINT('',#13365);
#4025=VERTEX_POINT('',#13367);
#4026=VERTEX_POINT('',#13369);
#4027=VERTEX_POINT('',#13371);
#4028=VERTEX_POINT('',#13373);
#4029=VERTEX_POINT('',#13375);
#4030=VERTEX_POINT('',#13377);
#4031=VERTEX_POINT('',#13380);
#4032=VERTEX_POINT('',#13381);
#4033=VERTEX_POINT('',#13383);
#4034=VERTEX_POINT('',#13385);
#4035=VERTEX_POINT('',#13387);
#4036=VERTEX_POINT('',#13389);
#4037=VERTEX_POINT('',#13391);
#4038=VERTEX_POINT('',#13393);
#4039=VERTEX_POINT('',#13396);
#4040=VERTEX_POINT('',#13397);
#4041=VERTEX_POINT('',#13399);
#4042=VERTEX_POINT('',#13401);
#4043=VERTEX_POINT('',#13403);
#4044=VERTEX_POINT('',#13405);
#4045=VERTEX_POINT('',#13407);
#4046=VERTEX_POINT('',#13409);
#4047=VERTEX_POINT('',#13412);
#4048=VERTEX_POINT('',#13413);
#4049=VERTEX_POINT('',#13415);
#4050=VERTEX_POINT('',#13417);
#4051=VERTEX_POINT('',#13419);
#4052=VERTEX_POINT('',#13421);
#4053=VERTEX_POINT('',#13423);
#4054=VERTEX_POINT('',#13425);
#4055=VERTEX_POINT('',#13428);
#4056=VERTEX_POINT('',#13429);
#4057=VERTEX_POINT('',#13431);
#4058=VERTEX_POINT('',#13433);
#4059=VERTEX_POINT('',#13435);
#4060=VERTEX_POINT('',#13437);
#4061=VERTEX_POINT('',#13439);
#4062=VERTEX_POINT('',#13441);
#4063=VERTEX_POINT('',#13444);
#4064=VERTEX_POINT('',#13445);
#4065=VERTEX_POINT('',#13447);
#4066=VERTEX_POINT('',#13449);
#4067=VERTEX_POINT('',#13451);
#4068=VERTEX_POINT('',#13453);
#4069=VERTEX_POINT('',#13455);
#4070=VERTEX_POINT('',#13457);
#4071=VERTEX_POINT('',#13460);
#4072=VERTEX_POINT('',#13461);
#4073=VERTEX_POINT('',#13463);
#4074=VERTEX_POINT('',#13465);
#4075=VERTEX_POINT('',#13467);
#4076=VERTEX_POINT('',#13469);
#4077=VERTEX_POINT('',#13471);
#4078=VERTEX_POINT('',#13473);
#4079=VERTEX_POINT('',#13476);
#4080=VERTEX_POINT('',#13477);
#4081=VERTEX_POINT('',#13479);
#4082=VERTEX_POINT('',#13481);
#4083=VERTEX_POINT('',#13483);
#4084=VERTEX_POINT('',#13485);
#4085=VERTEX_POINT('',#13487);
#4086=VERTEX_POINT('',#13489);
#4087=VERTEX_POINT('',#13492);
#4088=VERTEX_POINT('',#13493);
#4089=VERTEX_POINT('',#13495);
#4090=VERTEX_POINT('',#13497);
#4091=VERTEX_POINT('',#13499);
#4092=VERTEX_POINT('',#13501);
#4093=VERTEX_POINT('',#13503);
#4094=VERTEX_POINT('',#13505);
#4095=VERTEX_POINT('',#13508);
#4096=VERTEX_POINT('',#13509);
#4097=VERTEX_POINT('',#13511);
#4098=VERTEX_POINT('',#13513);
#4099=VERTEX_POINT('',#13515);
#4100=VERTEX_POINT('',#13517);
#4101=VERTEX_POINT('',#13519);
#4102=VERTEX_POINT('',#13521);
#4103=VERTEX_POINT('',#13524);
#4104=VERTEX_POINT('',#13525);
#4105=VERTEX_POINT('',#13527);
#4106=VERTEX_POINT('',#13529);
#4107=VERTEX_POINT('',#13531);
#4108=VERTEX_POINT('',#13533);
#4109=VERTEX_POINT('',#13535);
#4110=VERTEX_POINT('',#13537);
#4111=VERTEX_POINT('',#13540);
#4112=VERTEX_POINT('',#13541);
#4113=VERTEX_POINT('',#13543);
#4114=VERTEX_POINT('',#13545);
#4115=VERTEX_POINT('',#13547);
#4116=VERTEX_POINT('',#13549);
#4117=VERTEX_POINT('',#13551);
#4118=VERTEX_POINT('',#13553);
#4119=VERTEX_POINT('',#13556);
#4120=VERTEX_POINT('',#13557);
#4121=VERTEX_POINT('',#13559);
#4122=VERTEX_POINT('',#13561);
#4123=VERTEX_POINT('',#13563);
#4124=VERTEX_POINT('',#13565);
#4125=VERTEX_POINT('',#13567);
#4126=VERTEX_POINT('',#13569);
#4127=VERTEX_POINT('',#13572);
#4128=VERTEX_POINT('',#13573);
#4129=VERTEX_POINT('',#13575);
#4130=VERTEX_POINT('',#13577);
#4131=VERTEX_POINT('',#13579);
#4132=VERTEX_POINT('',#13581);
#4133=VERTEX_POINT('',#13583);
#4134=VERTEX_POINT('',#13585);
#4135=VERTEX_POINT('',#13588);
#4136=VERTEX_POINT('',#13589);
#4137=VERTEX_POINT('',#13591);
#4138=VERTEX_POINT('',#13593);
#4139=VERTEX_POINT('',#13595);
#4140=VERTEX_POINT('',#13597);
#4141=VERTEX_POINT('',#13599);
#4142=VERTEX_POINT('',#13601);
#4143=VERTEX_POINT('',#13604);
#4144=VERTEX_POINT('',#13605);
#4145=VERTEX_POINT('',#13607);
#4146=VERTEX_POINT('',#13609);
#4147=VERTEX_POINT('',#13611);
#4148=VERTEX_POINT('',#13613);
#4149=VERTEX_POINT('',#13615);
#4150=VERTEX_POINT('',#13617);
#4151=VERTEX_POINT('',#13620);
#4152=VERTEX_POINT('',#13621);
#4153=VERTEX_POINT('',#13623);
#4154=VERTEX_POINT('',#13625);
#4155=VERTEX_POINT('',#13627);
#4156=VERTEX_POINT('',#13629);
#4157=VERTEX_POINT('',#13631);
#4158=VERTEX_POINT('',#13633);
#4159=VERTEX_POINT('',#13636);
#4160=VERTEX_POINT('',#13637);
#4161=VERTEX_POINT('',#13639);
#4162=VERTEX_POINT('',#13641);
#4163=VERTEX_POINT('',#13643);
#4164=VERTEX_POINT('',#13645);
#4165=VERTEX_POINT('',#13647);
#4166=VERTEX_POINT('',#13649);
#4167=EDGE_CURVE('',#3335,#3336,#1655,.T.);
#4168=EDGE_CURVE('',#3337,#3335,#1656,.T.);
#4169=EDGE_CURVE('',#3338,#3337,#1657,.T.);
#4170=EDGE_CURVE('',#3338,#3336,#1658,.T.);
#4171=EDGE_CURVE('',#3336,#3339,#1659,.T.);
#4172=EDGE_CURVE('',#3340,#3338,#1660,.T.);
#4173=EDGE_CURVE('',#3340,#3339,#1661,.T.);
#4174=EDGE_CURVE('',#3339,#3341,#1662,.T.);
#4175=EDGE_CURVE('',#3342,#3340,#1663,.T.);
#4176=EDGE_CURVE('',#3342,#3341,#1664,.T.);
#4177=EDGE_CURVE('',#3341,#3343,#111,.T.);
#4178=EDGE_CURVE('',#3344,#3342,#112,.T.);
#4179=EDGE_CURVE('',#3344,#3343,#1665,.T.);
#4180=EDGE_CURVE('',#3343,#3345,#1666,.T.);
#4181=EDGE_CURVE('',#3346,#3344,#1667,.T.);
#4182=EDGE_CURVE('',#3346,#3345,#1668,.T.);
#4183=EDGE_CURVE('',#3345,#3347,#113,.T.);
#4184=EDGE_CURVE('',#3348,#3346,#114,.T.);
#4185=EDGE_CURVE('',#3348,#3347,#1669,.T.);
#4186=EDGE_CURVE('',#3347,#3349,#1670,.T.);
#4187=EDGE_CURVE('',#3350,#3348,#1671,.T.);
#4188=EDGE_CURVE('',#3350,#3349,#1672,.T.);
#4189=EDGE_CURVE('',#3349,#3351,#1673,.T.);
#4190=EDGE_CURVE('',#3352,#3350,#1674,.T.);
#4191=EDGE_CURVE('',#3352,#3351,#1675,.T.);
#4192=EDGE_CURVE('',#3351,#3353,#1676,.T.);
#4193=EDGE_CURVE('',#3354,#3352,#1677,.T.);
#4194=EDGE_CURVE('',#3354,#3353,#1678,.T.);
#4195=EDGE_CURVE('',#3353,#3355,#115,.T.);
#4196=EDGE_CURVE('',#3356,#3354,#116,.T.);
#4197=EDGE_CURVE('',#3356,#3355,#1679,.T.);
#4198=EDGE_CURVE('',#3355,#3357,#1680,.T.);
#4199=EDGE_CURVE('',#3358,#3356,#1681,.T.);
#4200=EDGE_CURVE('',#3358,#3357,#1682,.T.);
#4201=EDGE_CURVE('',#3357,#3359,#117,.T.);
#4202=EDGE_CURVE('',#3360,#3358,#118,.T.);
#4203=EDGE_CURVE('',#3360,#3359,#1683,.T.);
#4204=EDGE_CURVE('',#3359,#3361,#1684,.T.);
#4205=EDGE_CURVE('',#3362,#3360,#1685,.T.);
#4206=EDGE_CURVE('',#3362,#3361,#1686,.T.);
#4207=EDGE_CURVE('',#3361,#3363,#119,.T.);
#4208=EDGE_CURVE('',#3364,#3362,#120,.T.);
#4209=EDGE_CURVE('',#3364,#3363,#1687,.T.);
#4210=EDGE_CURVE('',#3363,#3365,#1688,.T.);
#4211=EDGE_CURVE('',#3366,#3364,#1689,.T.);
#4212=EDGE_CURVE('',#3366,#3365,#1690,.T.);
#4213=EDGE_CURVE('',#3365,#3367,#121,.T.);
#4214=EDGE_CURVE('',#3368,#3366,#122,.T.);
#4215=EDGE_CURVE('',#3368,#3367,#1691,.T.);
#4216=EDGE_CURVE('',#3367,#3369,#1692,.T.);
#4217=EDGE_CURVE('',#3370,#3368,#1693,.T.);
#4218=EDGE_CURVE('',#3370,#3369,#1694,.T.);
#4219=EDGE_CURVE('',#3369,#3371,#1695,.T.);
#4220=EDGE_CURVE('',#3372,#3370,#1696,.T.);
#4221=EDGE_CURVE('',#3372,#3371,#1697,.T.);
#4222=EDGE_CURVE('',#3371,#3373,#1698,.T.);
#4223=EDGE_CURVE('',#3374,#3372,#1699,.T.);
#4224=EDGE_CURVE('',#3374,#3373,#1700,.T.);
#4225=EDGE_CURVE('',#3373,#3375,#123,.T.);
#4226=EDGE_CURVE('',#3376,#3374,#124,.T.);
#4227=EDGE_CURVE('',#3376,#3375,#1701,.T.);
#4228=EDGE_CURVE('',#3375,#3377,#1702,.T.);
#4229=EDGE_CURVE('',#3378,#3376,#1703,.T.);
#4230=EDGE_CURVE('',#3378,#3377,#1704,.T.);
#4231=EDGE_CURVE('',#3377,#3379,#125,.T.);
#4232=EDGE_CURVE('',#3380,#3378,#126,.T.);
#4233=EDGE_CURVE('',#3380,#3379,#1705,.T.);
#4234=EDGE_CURVE('',#3379,#3381,#1706,.T.);
#4235=EDGE_CURVE('',#3382,#3380,#1707,.T.);
#4236=EDGE_CURVE('',#3382,#3381,#1708,.T.);
#4237=EDGE_CURVE('',#3381,#3383,#1709,.T.);
#4238=EDGE_CURVE('',#3384,#3382,#1710,.T.);
#4239=EDGE_CURVE('',#3384,#3383,#1711,.T.);
#4240=EDGE_CURVE('',#3383,#3385,#1712,.T.);
#4241=EDGE_CURVE('',#3386,#3384,#1713,.T.);
#4242=EDGE_CURVE('',#3386,#3385,#1714,.T.);
#4243=EDGE_CURVE('',#3385,#3387,#127,.T.);
#4244=EDGE_CURVE('',#3388,#3386,#128,.T.);
#4245=EDGE_CURVE('',#3388,#3387,#1715,.T.);
#4246=EDGE_CURVE('',#3387,#3389,#1716,.T.);
#4247=EDGE_CURVE('',#3390,#3388,#1717,.T.);
#4248=EDGE_CURVE('',#3390,#3389,#1718,.T.);
#4249=EDGE_CURVE('',#3389,#3391,#129,.T.);
#4250=EDGE_CURVE('',#3392,#3390,#130,.T.);
#4251=EDGE_CURVE('',#3392,#3391,#1719,.T.);
#4252=EDGE_CURVE('',#3391,#3393,#1720,.T.);
#4253=EDGE_CURVE('',#3394,#3392,#1721,.T.);
#4254=EDGE_CURVE('',#3394,#3393,#1722,.T.);
#4255=EDGE_CURVE('',#3393,#3395,#131,.T.);
#4256=EDGE_CURVE('',#3396,#3394,#132,.T.);
#4257=EDGE_CURVE('',#3396,#3395,#1723,.T.);
#4258=EDGE_CURVE('',#3395,#3397,#1724,.T.);
#4259=EDGE_CURVE('',#3398,#3396,#1725,.T.);
#4260=EDGE_CURVE('',#3398,#3397,#1726,.T.);
#4261=EDGE_CURVE('',#3397,#3335,#133,.T.);
#4262=EDGE_CURVE('',#3337,#3398,#134,.T.);
#4263=EDGE_CURVE('',#3399,#3400,#135,.T.);
#4264=EDGE_CURVE('',#3400,#3401,#1727,.T.);
#4265=EDGE_CURVE('',#3401,#3402,#136,.T.);
#4266=EDGE_CURVE('',#3402,#3399,#1728,.T.);
#4267=EDGE_CURVE('',#3403,#3400,#1729,.T.);
#4268=EDGE_CURVE('',#3404,#3403,#1730,.T.);
#4269=EDGE_CURVE('',#3401,#3404,#1731,.T.);
#4270=EDGE_CURVE('',#3405,#3404,#137,.T.);
#4271=EDGE_CURVE('',#3403,#3406,#138,.T.);
#4272=EDGE_CURVE('',#3406,#3405,#1732,.T.);
#4273=EDGE_CURVE('',#3407,#3408,#139,.T.);
#4274=EDGE_CURVE('',#3408,#3409,#1733,.T.);
#4275=EDGE_CURVE('',#3409,#3410,#140,.T.);
#4276=EDGE_CURVE('',#3410,#3407,#1734,.T.);
#4277=EDGE_CURVE('',#3411,#3408,#1735,.T.);
#4278=EDGE_CURVE('',#3412,#3411,#1736,.T.);
#4279=EDGE_CURVE('',#3409,#3412,#1737,.T.);
#4280=EDGE_CURVE('',#3413,#3412,#141,.T.);
#4281=EDGE_CURVE('',#3411,#3414,#142,.T.);
#4282=EDGE_CURVE('',#3414,#3413,#1738,.T.);
#4283=EDGE_CURVE('',#3415,#3416,#143,.T.);
#4284=EDGE_CURVE('',#3416,#3417,#1739,.T.);
#4285=EDGE_CURVE('',#3417,#3418,#144,.T.);
#4286=EDGE_CURVE('',#3418,#3415,#1740,.T.);
#4287=EDGE_CURVE('',#3419,#3416,#1741,.T.);
#4288=EDGE_CURVE('',#3420,#3419,#1742,.T.);
#4289=EDGE_CURVE('',#3417,#3420,#1743,.T.);
#4290=EDGE_CURVE('',#3421,#3420,#145,.T.);
#4291=EDGE_CURVE('',#3419,#3422,#146,.T.);
#4292=EDGE_CURVE('',#3422,#3421,#1744,.T.);
#4293=EDGE_CURVE('',#3423,#3424,#147,.T.);
#4294=EDGE_CURVE('',#3424,#3425,#1745,.T.);
#4295=EDGE_CURVE('',#3425,#3426,#148,.T.);
#4296=EDGE_CURVE('',#3426,#3423,#1746,.T.);
#4297=EDGE_CURVE('',#3427,#3424,#1747,.T.);
#4298=EDGE_CURVE('',#3428,#3427,#1748,.T.);
#4299=EDGE_CURVE('',#3425,#3428,#1749,.T.);
#4300=EDGE_CURVE('',#3427,#3429,#149,.T.);
#4301=EDGE_CURVE('',#3429,#3430,#1750,.T.);
#4302=EDGE_CURVE('',#3430,#3428,#150,.T.);
#4303=EDGE_CURVE('',#3431,#3429,#1751,.T.);
#4304=EDGE_CURVE('',#3431,#3432,#1752,.T.);
#4305=EDGE_CURVE('',#3430,#3432,#1753,.T.);
#4306=EDGE_CURVE('',#3433,#3402,#1754,.T.);
#4307=EDGE_CURVE('',#3434,#3433,#1755,.T.);
#4308=EDGE_CURVE('',#3434,#3399,#1756,.T.);
#4309=EDGE_CURVE('',#3435,#3410,#1757,.T.);
#4310=EDGE_CURVE('',#3436,#3435,#1758,.T.);
#4311=EDGE_CURVE('',#3436,#3407,#1759,.T.);
#4312=EDGE_CURVE('',#3437,#3418,#1760,.T.);
#4313=EDGE_CURVE('',#3438,#3437,#1761,.T.);
#4314=EDGE_CURVE('',#3438,#3415,#1762,.T.);
#4315=EDGE_CURVE('',#3439,#3426,#1763,.T.);
#4316=EDGE_CURVE('',#3440,#3439,#1764,.T.);
#4317=EDGE_CURVE('',#3440,#3423,#1765,.T.);
#4318=EDGE_CURVE('',#3441,#3406,#1766,.T.);
#4319=EDGE_CURVE('',#3441,#3442,#1767,.T.);
#4320=EDGE_CURVE('',#3405,#3442,#1768,.T.);
#4321=EDGE_CURVE('',#3443,#3414,#1769,.T.);
#4322=EDGE_CURVE('',#3443,#3444,#1770,.T.);
#4323=EDGE_CURVE('',#3413,#3444,#1771,.T.);
#4324=EDGE_CURVE('',#3445,#3422,#1772,.T.);
#4325=EDGE_CURVE('',#3445,#3446,#1773,.T.);
#4326=EDGE_CURVE('',#3421,#3446,#1774,.T.);
#4327=EDGE_CURVE('',#3438,#3447,#151,.T.);
#4328=EDGE_CURVE('',#3447,#3448,#1775,.T.);
#4329=EDGE_CURVE('',#3448,#3445,#152,.T.);
#4330=EDGE_CURVE('',#3436,#3449,#153,.T.);
#4331=EDGE_CURVE('',#3449,#3450,#1776,.T.);
#4332=EDGE_CURVE('',#3450,#3443,#154,.T.);
#4333=EDGE_CURVE('',#3434,#3451,#155,.T.);
#4334=EDGE_CURVE('',#3452,#3451,#1777,.T.);
#4335=EDGE_CURVE('',#3452,#3441,#156,.T.);
#4336=EDGE_CURVE('',#3440,#3453,#157,.T.);
#4337=EDGE_CURVE('',#3454,#3453,#1778,.T.);
#4338=EDGE_CURVE('',#3454,#3431,#158,.T.);
#4339=EDGE_CURVE('',#3455,#3456,#1779,.T.);
#4340=EDGE_CURVE('',#3455,#3457,#159,.T.);
#4341=EDGE_CURVE('',#3457,#3458,#1780,.T.);
#4342=EDGE_CURVE('',#3458,#3459,#160,.T.);
#4343=EDGE_CURVE('',#3459,#3460,#1781,.T.);
#4344=EDGE_CURVE('',#3460,#3461,#161,.T.);
#4345=EDGE_CURVE('',#3462,#3461,#1782,.T.);
#4346=EDGE_CURVE('',#3462,#3456,#162,.T.);
#4347=EDGE_CURVE('',#3463,#3464,#1783,.T.);
#4348=EDGE_CURVE('',#3463,#3465,#163,.T.);
#4349=EDGE_CURVE('',#3465,#3466,#1784,.T.);
#4350=EDGE_CURVE('',#3466,#3467,#164,.T.);
#4351=EDGE_CURVE('',#3467,#3468,#1785,.T.);
#4352=EDGE_CURVE('',#3468,#3469,#165,.T.);
#4353=EDGE_CURVE('',#3470,#3469,#1786,.T.);
#4354=EDGE_CURVE('',#3470,#3464,#166,.T.);
#4355=EDGE_CURVE('',#3471,#3472,#1787,.T.);
#4356=EDGE_CURVE('',#3471,#3473,#167,.T.);
#4357=EDGE_CURVE('',#3474,#3473,#1788,.T.);
#4358=EDGE_CURVE('',#3474,#3475,#168,.T.);
#4359=EDGE_CURVE('',#3475,#3476,#1789,.T.);
#4360=EDGE_CURVE('',#3476,#3477,#169,.T.);
#4361=EDGE_CURVE('',#3477,#3478,#1790,.T.);
#4362=EDGE_CURVE('',#3478,#3472,#170,.T.);
#4363=EDGE_CURVE('',#3479,#3480,#171,.T.);
#4364=EDGE_CURVE('',#3480,#3481,#1791,.T.);
#4365=EDGE_CURVE('',#3481,#3482,#172,.T.);
#4366=EDGE_CURVE('',#3482,#3483,#1792,.T.);
#4367=EDGE_CURVE('',#3483,#3484,#173,.T.);
#4368=EDGE_CURVE('',#3484,#3485,#1793,.T.);
#4369=EDGE_CURVE('',#3485,#3486,#174,.T.);
#4370=EDGE_CURVE('',#3486,#3479,#1794,.T.);
#4371=EDGE_CURVE('',#3487,#3488,#175,.T.);
#4372=EDGE_CURVE('',#3489,#3487,#1795,.T.);
#4373=EDGE_CURVE('',#3490,#3489,#176,.T.);
#4374=EDGE_CURVE('',#3491,#3490,#1796,.T.);
#4375=EDGE_CURVE('',#3492,#3491,#177,.T.);
#4376=EDGE_CURVE('',#3493,#3492,#1797,.T.);
#4377=EDGE_CURVE('',#3494,#3493,#178,.T.);
#4378=EDGE_CURVE('',#3488,#3494,#1798,.T.);
#4379=EDGE_CURVE('',#3495,#3496,#179,.T.);
#4380=EDGE_CURVE('',#3496,#3497,#1799,.T.);
#4381=EDGE_CURVE('',#3497,#3498,#180,.T.);
#4382=EDGE_CURVE('',#3498,#3499,#1800,.T.);
#4383=EDGE_CURVE('',#3499,#3500,#181,.T.);
#4384=EDGE_CURVE('',#3500,#3501,#1801,.T.);
#4385=EDGE_CURVE('',#3501,#3502,#182,.T.);
#4386=EDGE_CURVE('',#3502,#3495,#1802,.T.);
#4387=EDGE_CURVE('',#3503,#3504,#183,.T.);
#4388=EDGE_CURVE('',#3505,#3503,#1803,.T.);
#4389=EDGE_CURVE('',#3506,#3505,#184,.T.);
#4390=EDGE_CURVE('',#3507,#3506,#1804,.T.);
#4391=EDGE_CURVE('',#3508,#3507,#185,.T.);
#4392=EDGE_CURVE('',#3509,#3508,#1805,.T.);
#4393=EDGE_CURVE('',#3510,#3509,#186,.T.);
#4394=EDGE_CURVE('',#3504,#3510,#1806,.T.);
#4395=EDGE_CURVE('',#3511,#3512,#1807,.T.);
#4396=EDGE_CURVE('',#3512,#3513,#187,.T.);
#4397=EDGE_CURVE('',#3513,#3514,#1808,.T.);
#4398=EDGE_CURVE('',#3514,#3515,#188,.T.);
#4399=EDGE_CURVE('',#3515,#3516,#1809,.T.);
#4400=EDGE_CURVE('',#3516,#3517,#189,.T.);
#4401=EDGE_CURVE('',#3517,#3518,#1810,.T.);
#4402=EDGE_CURVE('',#3518,#3511,#190,.T.);
#4403=EDGE_CURVE('',#3519,#3520,#1811,.T.);
#4404=EDGE_CURVE('',#3519,#3521,#191,.T.);
#4405=EDGE_CURVE('',#3522,#3521,#1812,.T.);
#4406=EDGE_CURVE('',#3522,#3523,#192,.T.);
#4407=EDGE_CURVE('',#3524,#3523,#1813,.T.);
#4408=EDGE_CURVE('',#3524,#3525,#193,.T.);
#4409=EDGE_CURVE('',#3526,#3525,#1814,.T.);
#4410=EDGE_CURVE('',#3520,#3526,#194,.T.);
#4411=EDGE_CURVE('',#3527,#3528,#1815,.T.);
#4412=EDGE_CURVE('',#3527,#3529,#195,.T.);
#4413=EDGE_CURVE('',#3529,#3530,#1816,.T.);
#4414=EDGE_CURVE('',#3530,#3531,#196,.T.);
#4415=EDGE_CURVE('',#3531,#3532,#1817,.T.);
#4416=EDGE_CURVE('',#3532,#3533,#197,.T.);
#4417=EDGE_CURVE('',#3534,#3533,#1818,.T.);
#4418=EDGE_CURVE('',#3534,#3528,#198,.T.);
#4419=EDGE_CURVE('',#3535,#3536,#1819,.T.);
#4420=EDGE_CURVE('',#3536,#3537,#199,.T.);
#4421=EDGE_CURVE('',#3537,#3538,#1820,.T.);
#4422=EDGE_CURVE('',#3538,#3539,#200,.T.);
#4423=EDGE_CURVE('',#3539,#3540,#1821,.T.);
#4424=EDGE_CURVE('',#3540,#3541,#201,.T.);
#4425=EDGE_CURVE('',#3541,#3542,#1822,.T.);
#4426=EDGE_CURVE('',#3542,#3535,#202,.T.);
#4427=EDGE_CURVE('',#3543,#3544,#1823,.T.);
#4428=EDGE_CURVE('',#3543,#3545,#203,.T.);
#4429=EDGE_CURVE('',#3545,#3546,#1824,.T.);
#4430=EDGE_CURVE('',#3546,#3547,#204,.T.);
#4431=EDGE_CURVE('',#3547,#3548,#1825,.T.);
#4432=EDGE_CURVE('',#3548,#3549,#205,.T.);
#4433=EDGE_CURVE('',#3550,#3549,#1826,.T.);
#4434=EDGE_CURVE('',#3550,#3544,#206,.T.);
#4435=EDGE_CURVE('',#3551,#3552,#1827,.T.);
#4436=EDGE_CURVE('',#3553,#3551,#207,.T.);
#4437=EDGE_CURVE('',#3553,#3554,#1828,.T.);
#4438=EDGE_CURVE('',#3555,#3554,#208,.T.);
#4439=EDGE_CURVE('',#3555,#3556,#1829,.T.);
#4440=EDGE_CURVE('',#3557,#3556,#209,.T.);
#4441=EDGE_CURVE('',#3558,#3557,#1830,.T.);
#4442=EDGE_CURVE('',#3552,#3558,#210,.T.);
#4443=EDGE_CURVE('',#3559,#3560,#1831,.T.);
#4444=EDGE_CURVE('',#3559,#3561,#211,.T.);
#4445=EDGE_CURVE('',#3561,#3562,#1832,.T.);
#4446=EDGE_CURVE('',#3562,#3563,#212,.T.);
#4447=EDGE_CURVE('',#3563,#3564,#1833,.T.);
#4448=EDGE_CURVE('',#3564,#3565,#213,.T.);
#4449=EDGE_CURVE('',#3566,#3565,#1834,.T.);
#4450=EDGE_CURVE('',#3566,#3560,#214,.T.);
#4451=EDGE_CURVE('',#3567,#3568,#1835,.T.);
#4452=EDGE_CURVE('',#3567,#3569,#215,.T.);
#4453=EDGE_CURVE('',#3570,#3569,#1836,.T.);
#4454=EDGE_CURVE('',#3570,#3571,#216,.T.);
#4455=EDGE_CURVE('',#3571,#3572,#1837,.T.);
#4456=EDGE_CURVE('',#3572,#3573,#217,.T.);
#4457=EDGE_CURVE('',#3573,#3574,#1838,.T.);
#4458=EDGE_CURVE('',#3574,#3568,#218,.T.);
#4459=EDGE_CURVE('',#3575,#3576,#1839,.T.);
#4460=EDGE_CURVE('',#3575,#3577,#219,.T.);
#4461=EDGE_CURVE('',#3577,#3578,#1840,.T.);
#4462=EDGE_CURVE('',#3578,#3579,#220,.T.);
#4463=EDGE_CURVE('',#3579,#3580,#1841,.T.);
#4464=EDGE_CURVE('',#3580,#3581,#221,.T.);
#4465=EDGE_CURVE('',#3582,#3581,#1842,.T.);
#4466=EDGE_CURVE('',#3582,#3576,#222,.T.);
#4467=EDGE_CURVE('',#3583,#3584,#1843,.T.);
#4468=EDGE_CURVE('',#3583,#3585,#223,.T.);
#4469=EDGE_CURVE('',#3585,#3586,#1844,.T.);
#4470=EDGE_CURVE('',#3586,#3587,#224,.T.);
#4471=EDGE_CURVE('',#3587,#3588,#1845,.T.);
#4472=EDGE_CURVE('',#3588,#3589,#225,.T.);
#4473=EDGE_CURVE('',#3590,#3589,#1846,.T.);
#4474=EDGE_CURVE('',#3590,#3584,#226,.T.);
#4475=EDGE_CURVE('',#3591,#3592,#1847,.T.);
#4476=EDGE_CURVE('',#3591,#3593,#227,.T.);
#4477=EDGE_CURVE('',#3593,#3594,#1848,.T.);
#4478=EDGE_CURVE('',#3594,#3595,#228,.T.);
#4479=EDGE_CURVE('',#3595,#3596,#1849,.T.);
#4480=EDGE_CURVE('',#3596,#3597,#229,.T.);
#4481=EDGE_CURVE('',#3598,#3597,#1850,.T.);
#4482=EDGE_CURVE('',#3598,#3592,#230,.T.);
#4483=EDGE_CURVE('',#3599,#3600,#1851,.T.);
#4484=EDGE_CURVE('',#3599,#3601,#231,.T.);
#4485=EDGE_CURVE('',#3602,#3601,#1852,.T.);
#4486=EDGE_CURVE('',#3602,#3603,#232,.T.);
#4487=EDGE_CURVE('',#3603,#3604,#1853,.T.);
#4488=EDGE_CURVE('',#3604,#3605,#233,.T.);
#4489=EDGE_CURVE('',#3605,#3606,#1854,.T.);
#4490=EDGE_CURVE('',#3606,#3600,#234,.T.);
#4491=EDGE_CURVE('',#3607,#3608,#1855,.T.);
#4492=EDGE_CURVE('',#3607,#3609,#235,.T.);
#4493=EDGE_CURVE('',#3609,#3610,#1856,.T.);
#4494=EDGE_CURVE('',#3610,#3611,#236,.T.);
#4495=EDGE_CURVE('',#3611,#3612,#1857,.T.);
#4496=EDGE_CURVE('',#3612,#3613,#237,.T.);
#4497=EDGE_CURVE('',#3614,#3613,#1858,.T.);
#4498=EDGE_CURVE('',#3614,#3608,#238,.T.);
#4499=EDGE_CURVE('',#3615,#3616,#1859,.T.);
#4500=EDGE_CURVE('',#3615,#3617,#239,.T.);
#4501=EDGE_CURVE('',#3617,#3618,#1860,.T.);
#4502=EDGE_CURVE('',#3618,#3619,#240,.T.);
#4503=EDGE_CURVE('',#3619,#3620,#1861,.T.);
#4504=EDGE_CURVE('',#3620,#3621,#241,.T.);
#4505=EDGE_CURVE('',#3622,#3621,#1862,.T.);
#4506=EDGE_CURVE('',#3622,#3616,#242,.T.);
#4507=EDGE_CURVE('',#3623,#3624,#1863,.T.);
#4508=EDGE_CURVE('',#3623,#3625,#243,.T.);
#4509=EDGE_CURVE('',#3625,#3626,#1864,.T.);
#4510=EDGE_CURVE('',#3626,#3627,#244,.T.);
#4511=EDGE_CURVE('',#3627,#3628,#1865,.T.);
#4512=EDGE_CURVE('',#3628,#3629,#245,.T.);
#4513=EDGE_CURVE('',#3630,#3629,#1866,.T.);
#4514=EDGE_CURVE('',#3630,#3624,#246,.T.);
#4515=EDGE_CURVE('',#3631,#3632,#1867,.T.);
#4516=EDGE_CURVE('',#3631,#3633,#247,.T.);
#4517=EDGE_CURVE('',#3634,#3633,#1868,.T.);
#4518=EDGE_CURVE('',#3634,#3635,#248,.T.);
#4519=EDGE_CURVE('',#3635,#3636,#1869,.T.);
#4520=EDGE_CURVE('',#3636,#3637,#249,.T.);
#4521=EDGE_CURVE('',#3637,#3638,#1870,.T.);
#4522=EDGE_CURVE('',#3638,#3632,#250,.T.);
#4523=EDGE_CURVE('',#3639,#3640,#1871,.T.);
#4524=EDGE_CURVE('',#3639,#3641,#251,.T.);
#4525=EDGE_CURVE('',#3641,#3642,#1872,.T.);
#4526=EDGE_CURVE('',#3642,#3643,#252,.T.);
#4527=EDGE_CURVE('',#3643,#3644,#1873,.T.);
#4528=EDGE_CURVE('',#3644,#3645,#253,.T.);
#4529=EDGE_CURVE('',#3646,#3645,#1874,.T.);
#4530=EDGE_CURVE('',#3646,#3640,#254,.T.);
#4531=EDGE_CURVE('',#3647,#3648,#1875,.T.);
#4532=EDGE_CURVE('',#3647,#3649,#255,.T.);
#4533=EDGE_CURVE('',#3650,#3649,#1876,.T.);
#4534=EDGE_CURVE('',#3650,#3651,#256,.T.);
#4535=EDGE_CURVE('',#3651,#3652,#1877,.T.);
#4536=EDGE_CURVE('',#3652,#3653,#257,.T.);
#4537=EDGE_CURVE('',#3653,#3654,#1878,.T.);
#4538=EDGE_CURVE('',#3654,#3648,#258,.T.);
#4539=EDGE_CURVE('',#3655,#3656,#259,.T.);
#4540=EDGE_CURVE('',#3656,#3657,#1879,.T.);
#4541=EDGE_CURVE('',#3657,#3658,#260,.T.);
#4542=EDGE_CURVE('',#3658,#3659,#1880,.T.);
#4543=EDGE_CURVE('',#3659,#3660,#261,.T.);
#4544=EDGE_CURVE('',#3661,#3660,#1881,.T.);
#4545=EDGE_CURVE('',#3661,#3662,#262,.T.);
#4546=EDGE_CURVE('',#3655,#3662,#1882,.T.);
#4547=EDGE_CURVE('',#3663,#3664,#263,.T.);
#4548=EDGE_CURVE('',#3664,#3665,#1883,.T.);
#4549=EDGE_CURVE('',#3665,#3666,#264,.T.);
#4550=EDGE_CURVE('',#3666,#3667,#1884,.T.);
#4551=EDGE_CURVE('',#3667,#3668,#265,.T.);
#4552=EDGE_CURVE('',#3669,#3668,#1885,.T.);
#4553=EDGE_CURVE('',#3669,#3670,#266,.T.);
#4554=EDGE_CURVE('',#3663,#3670,#1886,.T.);
#4555=EDGE_CURVE('',#3671,#3672,#1887,.T.);
#4556=EDGE_CURVE('',#3671,#3673,#267,.T.);
#4557=EDGE_CURVE('',#3673,#3674,#1888,.T.);
#4558=EDGE_CURVE('',#3674,#3675,#268,.T.);
#4559=EDGE_CURVE('',#3675,#3676,#1889,.T.);
#4560=EDGE_CURVE('',#3676,#3677,#269,.T.);
#4561=EDGE_CURVE('',#3678,#3677,#1890,.T.);
#4562=EDGE_CURVE('',#3678,#3672,#270,.T.);
#4563=EDGE_CURVE('',#3679,#3680,#271,.T.);
#4564=EDGE_CURVE('',#3680,#3681,#1891,.T.);
#4565=EDGE_CURVE('',#3681,#3682,#272,.T.);
#4566=EDGE_CURVE('',#3682,#3683,#1892,.T.);
#4567=EDGE_CURVE('',#3683,#3684,#273,.T.);
#4568=EDGE_CURVE('',#3685,#3684,#1893,.T.);
#4569=EDGE_CURVE('',#3685,#3686,#274,.T.);
#4570=EDGE_CURVE('',#3679,#3686,#1894,.T.);
#4571=EDGE_CURVE('',#3687,#3688,#1895,.T.);
#4572=EDGE_CURVE('',#3687,#3689,#275,.T.);
#4573=EDGE_CURVE('',#3689,#3690,#1896,.T.);
#4574=EDGE_CURVE('',#3690,#3691,#276,.T.);
#4575=EDGE_CURVE('',#3691,#3692,#1897,.T.);
#4576=EDGE_CURVE('',#3692,#3693,#277,.T.);
#4577=EDGE_CURVE('',#3694,#3693,#1898,.T.);
#4578=EDGE_CURVE('',#3694,#3688,#278,.T.);
#4579=EDGE_CURVE('',#3695,#3696,#1899,.T.);
#4580=EDGE_CURVE('',#3695,#3697,#279,.T.);
#4581=EDGE_CURVE('',#3697,#3698,#1900,.T.);
#4582=EDGE_CURVE('',#3698,#3699,#280,.T.);
#4583=EDGE_CURVE('',#3699,#3700,#1901,.T.);
#4584=EDGE_CURVE('',#3700,#3701,#281,.T.);
#4585=EDGE_CURVE('',#3702,#3701,#1902,.T.);
#4586=EDGE_CURVE('',#3702,#3696,#282,.T.);
#4587=EDGE_CURVE('',#3703,#3704,#1903,.T.);
#4588=EDGE_CURVE('',#3703,#3705,#283,.T.);
#4589=EDGE_CURVE('',#3705,#3706,#1904,.T.);
#4590=EDGE_CURVE('',#3706,#3707,#284,.T.);
#4591=EDGE_CURVE('',#3707,#3708,#1905,.T.);
#4592=EDGE_CURVE('',#3708,#3709,#285,.T.);
#4593=EDGE_CURVE('',#3710,#3709,#1906,.T.);
#4594=EDGE_CURVE('',#3710,#3704,#286,.T.);
#4595=EDGE_CURVE('',#3711,#3712,#1907,.T.);
#4596=EDGE_CURVE('',#3711,#3713,#287,.T.);
#4597=EDGE_CURVE('',#3714,#3713,#1908,.T.);
#4598=EDGE_CURVE('',#3714,#3715,#288,.T.);
#4599=EDGE_CURVE('',#3715,#3716,#1909,.T.);
#4600=EDGE_CURVE('',#3716,#3717,#289,.T.);
#4601=EDGE_CURVE('',#3717,#3718,#1910,.T.);
#4602=EDGE_CURVE('',#3718,#3712,#290,.T.);
#4603=EDGE_CURVE('',#3719,#3720,#1911,.T.);
#4604=EDGE_CURVE('',#3719,#3721,#291,.T.);
#4605=EDGE_CURVE('',#3721,#3722,#1912,.T.);
#4606=EDGE_CURVE('',#3722,#3723,#292,.T.);
#4607=EDGE_CURVE('',#3723,#3724,#1913,.T.);
#4608=EDGE_CURVE('',#3724,#3725,#293,.T.);
#4609=EDGE_CURVE('',#3726,#3725,#1914,.T.);
#4610=EDGE_CURVE('',#3726,#3720,#294,.T.);
#4611=EDGE_CURVE('',#3727,#3728,#1915,.T.);
#4612=EDGE_CURVE('',#3727,#3729,#295,.T.);
#4613=EDGE_CURVE('',#3729,#3730,#1916,.T.);
#4614=EDGE_CURVE('',#3730,#3731,#296,.T.);
#4615=EDGE_CURVE('',#3731,#3732,#1917,.T.);
#4616=EDGE_CURVE('',#3732,#3733,#297,.T.);
#4617=EDGE_CURVE('',#3734,#3733,#1918,.T.);
#4618=EDGE_CURVE('',#3734,#3728,#298,.T.);
#4619=EDGE_CURVE('',#3735,#3736,#1919,.T.);
#4620=EDGE_CURVE('',#3735,#3737,#299,.T.);
#4621=EDGE_CURVE('',#3737,#3738,#1920,.T.);
#4622=EDGE_CURVE('',#3738,#3739,#300,.T.);
#4623=EDGE_CURVE('',#3739,#3740,#1921,.T.);
#4624=EDGE_CURVE('',#3740,#3741,#301,.T.);
#4625=EDGE_CURVE('',#3742,#3741,#1922,.T.);
#4626=EDGE_CURVE('',#3742,#3736,#302,.T.);
#4627=EDGE_CURVE('',#3743,#3744,#303,.T.);
#4628=EDGE_CURVE('',#3744,#3745,#1923,.T.);
#4629=EDGE_CURVE('',#3745,#3746,#304,.T.);
#4630=EDGE_CURVE('',#3746,#3747,#1924,.T.);
#4631=EDGE_CURVE('',#3747,#3748,#305,.T.);
#4632=EDGE_CURVE('',#3749,#3748,#1925,.T.);
#4633=EDGE_CURVE('',#3749,#3750,#306,.T.);
#4634=EDGE_CURVE('',#3743,#3750,#1926,.T.);
#4635=EDGE_CURVE('',#3751,#3752,#1927,.T.);
#4636=EDGE_CURVE('',#3751,#3753,#307,.T.);
#4637=EDGE_CURVE('',#3753,#3754,#1928,.T.);
#4638=EDGE_CURVE('',#3754,#3755,#308,.T.);
#4639=EDGE_CURVE('',#3755,#3756,#1929,.T.);
#4640=EDGE_CURVE('',#3756,#3757,#309,.T.);
#4641=EDGE_CURVE('',#3758,#3757,#1930,.T.);
#4642=EDGE_CURVE('',#3758,#3752,#310,.T.);
#4643=EDGE_CURVE('',#3759,#3760,#1931,.T.);
#4644=EDGE_CURVE('',#3759,#3761,#311,.T.);
#4645=EDGE_CURVE('',#3761,#3762,#1932,.T.);
#4646=EDGE_CURVE('',#3762,#3763,#312,.T.);
#4647=EDGE_CURVE('',#3763,#3764,#1933,.T.);
#4648=EDGE_CURVE('',#3764,#3765,#313,.T.);
#4649=EDGE_CURVE('',#3766,#3765,#1934,.T.);
#4650=EDGE_CURVE('',#3766,#3760,#314,.T.);
#4651=EDGE_CURVE('',#3767,#3768,#1935,.T.);
#4652=EDGE_CURVE('',#3767,#3769,#315,.T.);
#4653=EDGE_CURVE('',#3769,#3770,#1936,.T.);
#4654=EDGE_CURVE('',#3770,#3771,#316,.T.);
#4655=EDGE_CURVE('',#3771,#3772,#1937,.T.);
#4656=EDGE_CURVE('',#3772,#3773,#317,.T.);
#4657=EDGE_CURVE('',#3774,#3773,#1938,.T.);
#4658=EDGE_CURVE('',#3774,#3768,#318,.T.);
#4659=EDGE_CURVE('',#3775,#3776,#1939,.T.);
#4660=EDGE_CURVE('',#3775,#3777,#319,.T.);
#4661=EDGE_CURVE('',#3777,#3778,#1940,.T.);
#4662=EDGE_CURVE('',#3778,#3779,#320,.T.);
#4663=EDGE_CURVE('',#3779,#3780,#1941,.T.);
#4664=EDGE_CURVE('',#3780,#3781,#321,.T.);
#4665=EDGE_CURVE('',#3782,#3781,#1942,.T.);
#4666=EDGE_CURVE('',#3782,#3776,#322,.T.);
#4667=EDGE_CURVE('',#3783,#3784,#1943,.T.);
#4668=EDGE_CURVE('',#3783,#3785,#323,.T.);
#4669=EDGE_CURVE('',#3785,#3786,#1944,.T.);
#4670=EDGE_CURVE('',#3786,#3787,#324,.T.);
#4671=EDGE_CURVE('',#3787,#3788,#1945,.T.);
#4672=EDGE_CURVE('',#3788,#3789,#325,.T.);
#4673=EDGE_CURVE('',#3790,#3789,#1946,.T.);
#4674=EDGE_CURVE('',#3790,#3784,#326,.T.);
#4675=EDGE_CURVE('',#3791,#3792,#1947,.T.);
#4676=EDGE_CURVE('',#3791,#3793,#327,.T.);
#4677=EDGE_CURVE('',#3793,#3794,#1948,.T.);
#4678=EDGE_CURVE('',#3794,#3795,#328,.T.);
#4679=EDGE_CURVE('',#3795,#3796,#1949,.T.);
#4680=EDGE_CURVE('',#3796,#3797,#329,.T.);
#4681=EDGE_CURVE('',#3798,#3797,#1950,.T.);
#4682=EDGE_CURVE('',#3798,#3792,#330,.T.);
#4683=EDGE_CURVE('',#3799,#3800,#1951,.T.);
#4684=EDGE_CURVE('',#3799,#3801,#331,.T.);
#4685=EDGE_CURVE('',#3801,#3802,#1952,.T.);
#4686=EDGE_CURVE('',#3802,#3803,#332,.T.);
#4687=EDGE_CURVE('',#3803,#3804,#1953,.T.);
#4688=EDGE_CURVE('',#3804,#3805,#333,.T.);
#4689=EDGE_CURVE('',#3806,#3805,#1954,.T.);
#4690=EDGE_CURVE('',#3806,#3800,#334,.T.);
#4691=EDGE_CURVE('',#3432,#3807,#335,.T.);
#4692=EDGE_CURVE('',#3807,#3808,#1955,.T.);
#4693=EDGE_CURVE('',#3808,#3439,#336,.T.);
#4694=EDGE_CURVE('',#3446,#3809,#337,.T.);
#4695=EDGE_CURVE('',#3809,#3810,#1956,.T.);
#4696=EDGE_CURVE('',#3810,#3437,#338,.T.);
#4697=EDGE_CURVE('',#3444,#3811,#339,.T.);
#4698=EDGE_CURVE('',#3811,#3812,#1957,.T.);
#4699=EDGE_CURVE('',#3812,#3435,#340,.T.);
#4700=EDGE_CURVE('',#3442,#3813,#341,.T.);
#4701=EDGE_CURVE('',#3813,#3814,#1958,.T.);
#4702=EDGE_CURVE('',#3814,#3433,#342,.T.);
#4703=EDGE_CURVE('',#3815,#3816,#1959,.T.);
#4704=EDGE_CURVE('',#3816,#3817,#343,.T.);
#4705=EDGE_CURVE('',#3817,#3818,#1960,.T.);
#4706=EDGE_CURVE('',#3818,#3819,#344,.T.);
#4707=EDGE_CURVE('',#3819,#3820,#1961,.T.);
#4708=EDGE_CURVE('',#3820,#3821,#345,.T.);
#4709=EDGE_CURVE('',#3821,#3822,#1962,.T.);
#4710=EDGE_CURVE('',#3822,#3815,#346,.T.);
#4711=EDGE_CURVE('',#3823,#3824,#1963,.T.);
#4712=EDGE_CURVE('',#3824,#3825,#347,.T.);
#4713=EDGE_CURVE('',#3825,#3826,#1964,.T.);
#4714=EDGE_CURVE('',#3826,#3827,#348,.T.);
#4715=EDGE_CURVE('',#3827,#3828,#1965,.T.);
#4716=EDGE_CURVE('',#3828,#3829,#349,.T.);
#4717=EDGE_CURVE('',#3829,#3830,#1966,.T.);
#4718=EDGE_CURVE('',#3830,#3823,#350,.T.);
#4719=EDGE_CURVE('',#3831,#3832,#1967,.T.);
#4720=EDGE_CURVE('',#3832,#3833,#351,.T.);
#4721=EDGE_CURVE('',#3833,#3834,#1968,.T.);
#4722=EDGE_CURVE('',#3834,#3835,#352,.T.);
#4723=EDGE_CURVE('',#3835,#3836,#1969,.T.);
#4724=EDGE_CURVE('',#3836,#3837,#353,.T.);
#4725=EDGE_CURVE('',#3837,#3838,#1970,.T.);
#4726=EDGE_CURVE('',#3838,#3831,#354,.T.);
#4727=EDGE_CURVE('',#3839,#3840,#1971,.T.);
#4728=EDGE_CURVE('',#3840,#3841,#355,.T.);
#4729=EDGE_CURVE('',#3841,#3842,#1972,.T.);
#4730=EDGE_CURVE('',#3842,#3843,#356,.T.);
#4731=EDGE_CURVE('',#3843,#3844,#1973,.T.);
#4732=EDGE_CURVE('',#3844,#3845,#357,.T.);
#4733=EDGE_CURVE('',#3845,#3846,#1974,.T.);
#4734=EDGE_CURVE('',#3846,#3839,#358,.T.);
#4735=EDGE_CURVE('',#3847,#3848,#1975,.T.);
#4736=EDGE_CURVE('',#3848,#3849,#359,.T.);
#4737=EDGE_CURVE('',#3849,#3850,#1976,.T.);
#4738=EDGE_CURVE('',#3850,#3851,#360,.T.);
#4739=EDGE_CURVE('',#3851,#3852,#1977,.T.);
#4740=EDGE_CURVE('',#3852,#3853,#361,.T.);
#4741=EDGE_CURVE('',#3853,#3854,#1978,.T.);
#4742=EDGE_CURVE('',#3854,#3847,#362,.T.);
#4743=EDGE_CURVE('',#3855,#3856,#1979,.T.);
#4744=EDGE_CURVE('',#3856,#3857,#363,.T.);
#4745=EDGE_CURVE('',#3857,#3858,#1980,.T.);
#4746=EDGE_CURVE('',#3858,#3859,#364,.T.);
#4747=EDGE_CURVE('',#3859,#3860,#1981,.T.);
#4748=EDGE_CURVE('',#3860,#3861,#365,.T.);
#4749=EDGE_CURVE('',#3861,#3862,#1982,.T.);
#4750=EDGE_CURVE('',#3862,#3855,#366,.T.);
#4751=EDGE_CURVE('',#3863,#3864,#1983,.T.);
#4752=EDGE_CURVE('',#3864,#3865,#367,.T.);
#4753=EDGE_CURVE('',#3865,#3866,#1984,.T.);
#4754=EDGE_CURVE('',#3866,#3867,#368,.T.);
#4755=EDGE_CURVE('',#3867,#3868,#1985,.T.);
#4756=EDGE_CURVE('',#3868,#3869,#369,.T.);
#4757=EDGE_CURVE('',#3869,#3870,#1986,.T.);
#4758=EDGE_CURVE('',#3870,#3863,#370,.T.);
#4759=EDGE_CURVE('',#3871,#3872,#371,.T.);
#4760=EDGE_CURVE('',#3872,#3873,#1987,.T.);
#4761=EDGE_CURVE('',#3873,#3874,#372,.T.);
#4762=EDGE_CURVE('',#3874,#3875,#1988,.T.);
#4763=EDGE_CURVE('',#3875,#3876,#373,.T.);
#4764=EDGE_CURVE('',#3876,#3877,#1989,.T.);
#4765=EDGE_CURVE('',#3877,#3878,#374,.T.);
#4766=EDGE_CURVE('',#3878,#3871,#1990,.T.);
#4767=EDGE_CURVE('',#3879,#3880,#1991,.T.);
#4768=EDGE_CURVE('',#3880,#3881,#375,.T.);
#4769=EDGE_CURVE('',#3881,#3882,#1992,.T.);
#4770=EDGE_CURVE('',#3882,#3883,#376,.T.);
#4771=EDGE_CURVE('',#3883,#3884,#1993,.T.);
#4772=EDGE_CURVE('',#3884,#3885,#377,.T.);
#4773=EDGE_CURVE('',#3885,#3886,#1994,.T.);
#4774=EDGE_CURVE('',#3886,#3879,#378,.T.);
#4775=EDGE_CURVE('',#3887,#3888,#1995,.T.);
#4776=EDGE_CURVE('',#3888,#3889,#379,.T.);
#4777=EDGE_CURVE('',#3889,#3890,#1996,.T.);
#4778=EDGE_CURVE('',#3890,#3891,#380,.T.);
#4779=EDGE_CURVE('',#3891,#3892,#1997,.T.);
#4780=EDGE_CURVE('',#3892,#3893,#381,.T.);
#4781=EDGE_CURVE('',#3893,#3894,#1998,.T.);
#4782=EDGE_CURVE('',#3894,#3887,#382,.T.);
#4783=EDGE_CURVE('',#3895,#3896,#1999,.T.);
#4784=EDGE_CURVE('',#3896,#3897,#383,.T.);
#4785=EDGE_CURVE('',#3897,#3898,#2000,.T.);
#4786=EDGE_CURVE('',#3898,#3899,#384,.T.);
#4787=EDGE_CURVE('',#3899,#3900,#2001,.T.);
#4788=EDGE_CURVE('',#3900,#3901,#385,.T.);
#4789=EDGE_CURVE('',#3901,#3902,#2002,.T.);
#4790=EDGE_CURVE('',#3902,#3895,#386,.T.);
#4791=EDGE_CURVE('',#3903,#3904,#2003,.T.);
#4792=EDGE_CURVE('',#3904,#3905,#387,.T.);
#4793=EDGE_CURVE('',#3905,#3906,#2004,.T.);
#4794=EDGE_CURVE('',#3906,#3907,#388,.T.);
#4795=EDGE_CURVE('',#3907,#3908,#2005,.T.);
#4796=EDGE_CURVE('',#3908,#3909,#389,.T.);
#4797=EDGE_CURVE('',#3909,#3910,#2006,.T.);
#4798=EDGE_CURVE('',#3910,#3903,#390,.T.);
#4799=EDGE_CURVE('',#3911,#3912,#2007,.T.);
#4800=EDGE_CURVE('',#3912,#3913,#391,.T.);
#4801=EDGE_CURVE('',#3913,#3914,#2008,.T.);
#4802=EDGE_CURVE('',#3914,#3915,#392,.T.);
#4803=EDGE_CURVE('',#3915,#3916,#2009,.T.);
#4804=EDGE_CURVE('',#3916,#3917,#393,.T.);
#4805=EDGE_CURVE('',#3917,#3918,#2010,.T.);
#4806=EDGE_CURVE('',#3918,#3911,#394,.T.);
#4807=EDGE_CURVE('',#3919,#3920,#2011,.T.);
#4808=EDGE_CURVE('',#3920,#3921,#395,.T.);
#4809=EDGE_CURVE('',#3921,#3922,#2012,.T.);
#4810=EDGE_CURVE('',#3922,#3923,#396,.T.);
#4811=EDGE_CURVE('',#3923,#3924,#2013,.T.);
#4812=EDGE_CURVE('',#3924,#3925,#397,.T.);
#4813=EDGE_CURVE('',#3925,#3926,#2014,.T.);
#4814=EDGE_CURVE('',#3926,#3919,#398,.T.);
#4815=EDGE_CURVE('',#3927,#3928,#2015,.T.);
#4816=EDGE_CURVE('',#3928,#3929,#399,.T.);
#4817=EDGE_CURVE('',#3929,#3930,#2016,.T.);
#4818=EDGE_CURVE('',#3930,#3931,#400,.T.);
#4819=EDGE_CURVE('',#3931,#3932,#2017,.T.);
#4820=EDGE_CURVE('',#3932,#3933,#401,.T.);
#4821=EDGE_CURVE('',#3933,#3934,#2018,.T.);
#4822=EDGE_CURVE('',#3934,#3927,#402,.T.);
#4823=EDGE_CURVE('',#3935,#3936,#403,.T.);
#4824=EDGE_CURVE('',#3936,#3937,#2019,.T.);
#4825=EDGE_CURVE('',#3937,#3938,#404,.T.);
#4826=EDGE_CURVE('',#3938,#3939,#2020,.T.);
#4827=EDGE_CURVE('',#3939,#3940,#405,.T.);
#4828=EDGE_CURVE('',#3940,#3941,#2021,.T.);
#4829=EDGE_CURVE('',#3941,#3942,#406,.T.);
#4830=EDGE_CURVE('',#3942,#3935,#2022,.T.);
#4831=EDGE_CURVE('',#3943,#3944,#2023,.T.);
#4832=EDGE_CURVE('',#3944,#3945,#407,.T.);
#4833=EDGE_CURVE('',#3945,#3946,#2024,.T.);
#4834=EDGE_CURVE('',#3946,#3947,#408,.T.);
#4835=EDGE_CURVE('',#3947,#3948,#2025,.T.);
#4836=EDGE_CURVE('',#3948,#3949,#409,.T.);
#4837=EDGE_CURVE('',#3949,#3950,#2026,.T.);
#4838=EDGE_CURVE('',#3950,#3943,#410,.T.);
#4839=EDGE_CURVE('',#3951,#3952,#411,.T.);
#4840=EDGE_CURVE('',#3952,#3953,#2027,.T.);
#4841=EDGE_CURVE('',#3953,#3954,#412,.T.);
#4842=EDGE_CURVE('',#3954,#3955,#2028,.T.);
#4843=EDGE_CURVE('',#3955,#3956,#413,.T.);
#4844=EDGE_CURVE('',#3956,#3957,#2029,.T.);
#4845=EDGE_CURVE('',#3957,#3958,#414,.T.);
#4846=EDGE_CURVE('',#3958,#3951,#2030,.T.);
#4847=EDGE_CURVE('',#3959,#3960,#415,.T.);
#4848=EDGE_CURVE('',#3960,#3961,#2031,.T.);
#4849=EDGE_CURVE('',#3961,#3962,#416,.T.);
#4850=EDGE_CURVE('',#3962,#3963,#2032,.T.);
#4851=EDGE_CURVE('',#3963,#3964,#417,.T.);
#4852=EDGE_CURVE('',#3964,#3965,#2033,.T.);
#4853=EDGE_CURVE('',#3965,#3966,#418,.T.);
#4854=EDGE_CURVE('',#3966,#3959,#2034,.T.);
#4855=EDGE_CURVE('',#3967,#3968,#2035,.T.);
#4856=EDGE_CURVE('',#3968,#3969,#419,.T.);
#4857=EDGE_CURVE('',#3969,#3970,#2036,.T.);
#4858=EDGE_CURVE('',#3970,#3971,#420,.T.);
#4859=EDGE_CURVE('',#3971,#3972,#2037,.T.);
#4860=EDGE_CURVE('',#3972,#3973,#421,.T.);
#4861=EDGE_CURVE('',#3973,#3974,#2038,.T.);
#4862=EDGE_CURVE('',#3974,#3967,#422,.T.);
#4863=EDGE_CURVE('',#3975,#3976,#2039,.T.);
#4864=EDGE_CURVE('',#3976,#3977,#423,.T.);
#4865=EDGE_CURVE('',#3977,#3978,#2040,.T.);
#4866=EDGE_CURVE('',#3978,#3979,#424,.T.);
#4867=EDGE_CURVE('',#3979,#3980,#2041,.T.);
#4868=EDGE_CURVE('',#3980,#3981,#425,.T.);
#4869=EDGE_CURVE('',#3981,#3982,#2042,.T.);
#4870=EDGE_CURVE('',#3982,#3975,#426,.T.);
#4871=EDGE_CURVE('',#3983,#3984,#2043,.T.);
#4872=EDGE_CURVE('',#3984,#3985,#427,.T.);
#4873=EDGE_CURVE('',#3985,#3986,#2044,.T.);
#4874=EDGE_CURVE('',#3986,#3987,#428,.T.);
#4875=EDGE_CURVE('',#3987,#3988,#2045,.T.);
#4876=EDGE_CURVE('',#3988,#3989,#429,.T.);
#4877=EDGE_CURVE('',#3989,#3990,#2046,.T.);
#4878=EDGE_CURVE('',#3990,#3983,#430,.T.);
#4879=EDGE_CURVE('',#3991,#3992,#2047,.T.);
#4880=EDGE_CURVE('',#3992,#3993,#431,.T.);
#4881=EDGE_CURVE('',#3993,#3994,#2048,.T.);
#4882=EDGE_CURVE('',#3994,#3995,#432,.T.);
#4883=EDGE_CURVE('',#3995,#3996,#2049,.T.);
#4884=EDGE_CURVE('',#3996,#3997,#433,.T.);
#4885=EDGE_CURVE('',#3997,#3998,#2050,.T.);
#4886=EDGE_CURVE('',#3998,#3991,#434,.T.);
#4887=EDGE_CURVE('',#3999,#4000,#2051,.T.);
#4888=EDGE_CURVE('',#4000,#4001,#435,.T.);
#4889=EDGE_CURVE('',#4001,#4002,#2052,.T.);
#4890=EDGE_CURVE('',#4002,#4003,#436,.T.);
#4891=EDGE_CURVE('',#4003,#4004,#2053,.T.);
#4892=EDGE_CURVE('',#4004,#4005,#437,.T.);
#4893=EDGE_CURVE('',#4005,#4006,#2054,.T.);
#4894=EDGE_CURVE('',#4006,#3999,#438,.T.);
#4895=EDGE_CURVE('',#4007,#4008,#2055,.T.);
#4896=EDGE_CURVE('',#4008,#4009,#439,.T.);
#4897=EDGE_CURVE('',#4009,#4010,#2056,.T.);
#4898=EDGE_CURVE('',#4010,#4011,#440,.T.);
#4899=EDGE_CURVE('',#4011,#4012,#2057,.T.);
#4900=EDGE_CURVE('',#4012,#4013,#441,.T.);
#4901=EDGE_CURVE('',#4013,#4014,#2058,.T.);
#4902=EDGE_CURVE('',#4014,#4007,#442,.T.);
#4903=EDGE_CURVE('',#4015,#4016,#2059,.T.);
#4904=EDGE_CURVE('',#4016,#4017,#443,.T.);
#4905=EDGE_CURVE('',#4017,#4018,#2060,.T.);
#4906=EDGE_CURVE('',#4018,#4019,#444,.T.);
#4907=EDGE_CURVE('',#4019,#4020,#2061,.T.);
#4908=EDGE_CURVE('',#4020,#4021,#445,.T.);
#4909=EDGE_CURVE('',#4021,#4022,#2062,.T.);
#4910=EDGE_CURVE('',#4022,#4015,#446,.T.);
#4911=EDGE_CURVE('',#4023,#4024,#2063,.T.);
#4912=EDGE_CURVE('',#4024,#4025,#447,.T.);
#4913=EDGE_CURVE('',#4025,#4026,#2064,.T.);
#4914=EDGE_CURVE('',#4026,#4027,#448,.T.);
#4915=EDGE_CURVE('',#4027,#4028,#2065,.T.);
#4916=EDGE_CURVE('',#4028,#4029,#449,.T.);
#4917=EDGE_CURVE('',#4029,#4030,#2066,.T.);
#4918=EDGE_CURVE('',#4030,#4023,#450,.T.);
#4919=EDGE_CURVE('',#4031,#4032,#2067,.T.);
#4920=EDGE_CURVE('',#4032,#4033,#451,.T.);
#4921=EDGE_CURVE('',#4033,#4034,#2068,.T.);
#4922=EDGE_CURVE('',#4034,#4035,#452,.T.);
#4923=EDGE_CURVE('',#4035,#4036,#2069,.T.);
#4924=EDGE_CURVE('',#4036,#4037,#453,.T.);
#4925=EDGE_CURVE('',#4037,#4038,#2070,.T.);
#4926=EDGE_CURVE('',#4038,#4031,#454,.T.);
#4927=EDGE_CURVE('',#4039,#4040,#2071,.T.);
#4928=EDGE_CURVE('',#4040,#4041,#455,.T.);
#4929=EDGE_CURVE('',#4041,#4042,#2072,.T.);
#4930=EDGE_CURVE('',#4042,#4043,#456,.T.);
#4931=EDGE_CURVE('',#4043,#4044,#2073,.T.);
#4932=EDGE_CURVE('',#4044,#4045,#457,.T.);
#4933=EDGE_CURVE('',#4045,#4046,#2074,.T.);
#4934=EDGE_CURVE('',#4046,#4039,#458,.T.);
#4935=EDGE_CURVE('',#4047,#4048,#2075,.T.);
#4936=EDGE_CURVE('',#4048,#4049,#459,.T.);
#4937=EDGE_CURVE('',#4049,#4050,#2076,.T.);
#4938=EDGE_CURVE('',#4050,#4051,#460,.T.);
#4939=EDGE_CURVE('',#4051,#4052,#2077,.T.);
#4940=EDGE_CURVE('',#4052,#4053,#461,.T.);
#4941=EDGE_CURVE('',#4053,#4054,#2078,.T.);
#4942=EDGE_CURVE('',#4054,#4047,#462,.T.);
#4943=EDGE_CURVE('',#4055,#4056,#2079,.T.);
#4944=EDGE_CURVE('',#4056,#4057,#463,.T.);
#4945=EDGE_CURVE('',#4057,#4058,#2080,.T.);
#4946=EDGE_CURVE('',#4058,#4059,#464,.T.);
#4947=EDGE_CURVE('',#4059,#4060,#2081,.T.);
#4948=EDGE_CURVE('',#4060,#4061,#465,.T.);
#4949=EDGE_CURVE('',#4061,#4062,#2082,.T.);
#4950=EDGE_CURVE('',#4062,#4055,#466,.T.);
#4951=EDGE_CURVE('',#4063,#4064,#2083,.T.);
#4952=EDGE_CURVE('',#4064,#4065,#467,.T.);
#4953=EDGE_CURVE('',#4065,#4066,#2084,.T.);
#4954=EDGE_CURVE('',#4066,#4067,#468,.T.);
#4955=EDGE_CURVE('',#4067,#4068,#2085,.T.);
#4956=EDGE_CURVE('',#4068,#4069,#469,.T.);
#4957=EDGE_CURVE('',#4069,#4070,#2086,.T.);
#4958=EDGE_CURVE('',#4070,#4063,#470,.T.);
#4959=EDGE_CURVE('',#4071,#4072,#2087,.T.);
#4960=EDGE_CURVE('',#4072,#4073,#471,.T.);
#4961=EDGE_CURVE('',#4073,#4074,#2088,.T.);
#4962=EDGE_CURVE('',#4074,#4075,#472,.T.);
#4963=EDGE_CURVE('',#4075,#4076,#2089,.T.);
#4964=EDGE_CURVE('',#4076,#4077,#473,.T.);
#4965=EDGE_CURVE('',#4077,#4078,#2090,.T.);
#4966=EDGE_CURVE('',#4078,#4071,#474,.T.);
#4967=EDGE_CURVE('',#4079,#4080,#2091,.T.);
#4968=EDGE_CURVE('',#4080,#4081,#475,.T.);
#4969=EDGE_CURVE('',#4081,#4082,#2092,.T.);
#4970=EDGE_CURVE('',#4082,#4083,#476,.T.);
#4971=EDGE_CURVE('',#4083,#4084,#2093,.T.);
#4972=EDGE_CURVE('',#4084,#4085,#477,.T.);
#4973=EDGE_CURVE('',#4085,#4086,#2094,.T.);
#4974=EDGE_CURVE('',#4086,#4079,#478,.T.);
#4975=EDGE_CURVE('',#4087,#4088,#2095,.T.);
#4976=EDGE_CURVE('',#4088,#4089,#479,.T.);
#4977=EDGE_CURVE('',#4089,#4090,#2096,.T.);
#4978=EDGE_CURVE('',#4090,#4091,#480,.T.);
#4979=EDGE_CURVE('',#4091,#4092,#2097,.T.);
#4980=EDGE_CURVE('',#4092,#4093,#481,.T.);
#4981=EDGE_CURVE('',#4093,#4094,#2098,.T.);
#4982=EDGE_CURVE('',#4094,#4087,#482,.T.);
#4983=EDGE_CURVE('',#4095,#4096,#2099,.T.);
#4984=EDGE_CURVE('',#4096,#4097,#483,.T.);
#4985=EDGE_CURVE('',#4097,#4098,#2100,.T.);
#4986=EDGE_CURVE('',#4098,#4099,#484,.T.);
#4987=EDGE_CURVE('',#4099,#4100,#2101,.T.);
#4988=EDGE_CURVE('',#4100,#4101,#485,.T.);
#4989=EDGE_CURVE('',#4101,#4102,#2102,.T.);
#4990=EDGE_CURVE('',#4102,#4095,#486,.T.);
#4991=EDGE_CURVE('',#4103,#4104,#2103,.T.);
#4992=EDGE_CURVE('',#4104,#4105,#487,.T.);
#4993=EDGE_CURVE('',#4105,#4106,#2104,.T.);
#4994=EDGE_CURVE('',#4106,#4107,#488,.T.);
#4995=EDGE_CURVE('',#4107,#4108,#2105,.T.);
#4996=EDGE_CURVE('',#4108,#4109,#489,.T.);
#4997=EDGE_CURVE('',#4109,#4110,#2106,.T.);
#4998=EDGE_CURVE('',#4110,#4103,#490,.T.);
#4999=EDGE_CURVE('',#4111,#4112,#491,.T.);
#5000=EDGE_CURVE('',#4112,#4113,#2107,.T.);
#5001=EDGE_CURVE('',#4113,#4114,#492,.T.);
#5002=EDGE_CURVE('',#4114,#4115,#2108,.T.);
#5003=EDGE_CURVE('',#4115,#4116,#493,.T.);
#5004=EDGE_CURVE('',#4116,#4117,#2109,.T.);
#5005=EDGE_CURVE('',#4117,#4118,#494,.T.);
#5006=EDGE_CURVE('',#4118,#4111,#2110,.T.);
#5007=EDGE_CURVE('',#4119,#4120,#495,.T.);
#5008=EDGE_CURVE('',#4120,#4121,#2111,.T.);
#5009=EDGE_CURVE('',#4121,#4122,#496,.T.);
#5010=EDGE_CURVE('',#4122,#4123,#2112,.T.);
#5011=EDGE_CURVE('',#4123,#4124,#497,.T.);
#5012=EDGE_CURVE('',#4124,#4125,#2113,.T.);
#5013=EDGE_CURVE('',#4125,#4126,#498,.T.);
#5014=EDGE_CURVE('',#4126,#4119,#2114,.T.);
#5015=EDGE_CURVE('',#4127,#4128,#499,.T.);
#5016=EDGE_CURVE('',#4128,#4129,#2115,.T.);
#5017=EDGE_CURVE('',#4129,#4130,#500,.T.);
#5018=EDGE_CURVE('',#4130,#4131,#2116,.T.);
#5019=EDGE_CURVE('',#4131,#4132,#501,.T.);
#5020=EDGE_CURVE('',#4132,#4133,#2117,.T.);
#5021=EDGE_CURVE('',#4133,#4134,#502,.T.);
#5022=EDGE_CURVE('',#4134,#4127,#2118,.T.);
#5023=EDGE_CURVE('',#4135,#4136,#503,.T.);
#5024=EDGE_CURVE('',#4136,#4137,#2119,.T.);
#5025=EDGE_CURVE('',#4137,#4138,#504,.T.);
#5026=EDGE_CURVE('',#4138,#4139,#2120,.T.);
#5027=EDGE_CURVE('',#4139,#4140,#505,.T.);
#5028=EDGE_CURVE('',#4140,#4141,#2121,.T.);
#5029=EDGE_CURVE('',#4141,#4142,#506,.T.);
#5030=EDGE_CURVE('',#4142,#4135,#2122,.T.);
#5031=EDGE_CURVE('',#4143,#4144,#2123,.T.);
#5032=EDGE_CURVE('',#4144,#4145,#507,.T.);
#5033=EDGE_CURVE('',#4145,#4146,#2124,.T.);
#5034=EDGE_CURVE('',#4146,#4147,#508,.T.);
#5035=EDGE_CURVE('',#4147,#4148,#2125,.T.);
#5036=EDGE_CURVE('',#4148,#4149,#509,.T.);
#5037=EDGE_CURVE('',#4149,#4150,#2126,.T.);
#5038=EDGE_CURVE('',#4150,#4143,#510,.T.);
#5039=EDGE_CURVE('',#4151,#4152,#2127,.T.);
#5040=EDGE_CURVE('',#4152,#4153,#511,.T.);
#5041=EDGE_CURVE('',#4153,#4154,#2128,.T.);
#5042=EDGE_CURVE('',#4154,#4155,#512,.T.);
#5043=EDGE_CURVE('',#4155,#4156,#2129,.T.);
#5044=EDGE_CURVE('',#4156,#4157,#513,.T.);
#5045=EDGE_CURVE('',#4157,#4158,#2130,.T.);
#5046=EDGE_CURVE('',#4158,#4151,#514,.T.);
#5047=EDGE_CURVE('',#4159,#4160,#2131,.T.);
#5048=EDGE_CURVE('',#4160,#4161,#515,.T.);
#5049=EDGE_CURVE('',#4161,#4162,#2132,.T.);
#5050=EDGE_CURVE('',#4162,#4163,#516,.T.);
#5051=EDGE_CURVE('',#4163,#4164,#2133,.T.);
#5052=EDGE_CURVE('',#4164,#4165,#517,.T.);
#5053=EDGE_CURVE('',#4165,#4166,#2134,.T.);
#5054=EDGE_CURVE('',#4166,#4159,#518,.T.);
#5055=EDGE_CURVE('',#3454,#3807,#2135,.T.);
#5056=EDGE_CURVE('',#3453,#3808,#2136,.T.);
#5057=EDGE_CURVE('',#3447,#3810,#2137,.T.);
#5058=EDGE_CURVE('',#3448,#3809,#2138,.T.);
#5059=EDGE_CURVE('',#3451,#3814,#2139,.T.);
#5060=EDGE_CURVE('',#3452,#3813,#2140,.T.);
#5061=EDGE_CURVE('',#3449,#3812,#2141,.T.);
#5062=EDGE_CURVE('',#3450,#3811,#2142,.T.);
#5063=EDGE_CURVE('',#3799,#3815,#2143,.T.);
#5064=EDGE_CURVE('',#3801,#3822,#2144,.T.);
#5065=EDGE_CURVE('',#3802,#3821,#2145,.T.);
#5066=EDGE_CURVE('',#3803,#3820,#2146,.T.);
#5067=EDGE_CURVE('',#3804,#3819,#2147,.T.);
#5068=EDGE_CURVE('',#3805,#3818,#2148,.T.);
#5069=EDGE_CURVE('',#3806,#3817,#2149,.T.);
#5070=EDGE_CURVE('',#3800,#3816,#2150,.T.);
#5071=EDGE_CURVE('',#3791,#3823,#2151,.T.);
#5072=EDGE_CURVE('',#3793,#3830,#2152,.T.);
#5073=EDGE_CURVE('',#3794,#3829,#2153,.T.);
#5074=EDGE_CURVE('',#3795,#3828,#2154,.T.);
#5075=EDGE_CURVE('',#3796,#3827,#2155,.T.);
#5076=EDGE_CURVE('',#3797,#3826,#2156,.T.);
#5077=EDGE_CURVE('',#3798,#3825,#2157,.T.);
#5078=EDGE_CURVE('',#3792,#3824,#2158,.T.);
#5079=EDGE_CURVE('',#3783,#3831,#2159,.T.);
#5080=EDGE_CURVE('',#3785,#3838,#2160,.T.);
#5081=EDGE_CURVE('',#3786,#3837,#2161,.T.);
#5082=EDGE_CURVE('',#3787,#3836,#2162,.T.);
#5083=EDGE_CURVE('',#3788,#3835,#2163,.T.);
#5084=EDGE_CURVE('',#3789,#3834,#2164,.T.);
#5085=EDGE_CURVE('',#3790,#3833,#2165,.T.);
#5086=EDGE_CURVE('',#3784,#3832,#2166,.T.);
#5087=EDGE_CURVE('',#3775,#3839,#2167,.T.);
#5088=EDGE_CURVE('',#3777,#3846,#2168,.T.);
#5089=EDGE_CURVE('',#3778,#3845,#2169,.T.);
#5090=EDGE_CURVE('',#3779,#3844,#2170,.T.);
#5091=EDGE_CURVE('',#3780,#3843,#2171,.T.);
#5092=EDGE_CURVE('',#3781,#3842,#2172,.T.);
#5093=EDGE_CURVE('',#3782,#3841,#2173,.T.);
#5094=EDGE_CURVE('',#3776,#3840,#2174,.T.);
#5095=EDGE_CURVE('',#3767,#3847,#2175,.T.);
#5096=EDGE_CURVE('',#3769,#3854,#2176,.T.);
#5097=EDGE_CURVE('',#3770,#3853,#2177,.T.);
#5098=EDGE_CURVE('',#3771,#3852,#2178,.T.);
#5099=EDGE_CURVE('',#3772,#3851,#2179,.T.);
#5100=EDGE_CURVE('',#3773,#3850,#2180,.T.);
#5101=EDGE_CURVE('',#3774,#3849,#2181,.T.);
#5102=EDGE_CURVE('',#3768,#3848,#2182,.T.);
#5103=EDGE_CURVE('',#3759,#3855,#2183,.T.);
#5104=EDGE_CURVE('',#3761,#3862,#2184,.T.);
#5105=EDGE_CURVE('',#3762,#3861,#2185,.T.);
#5106=EDGE_CURVE('',#3763,#3860,#2186,.T.);
#5107=EDGE_CURVE('',#3764,#3859,#2187,.T.);
#5108=EDGE_CURVE('',#3765,#3858,#2188,.T.);
#5109=EDGE_CURVE('',#3766,#3857,#2189,.T.);
#5110=EDGE_CURVE('',#3760,#3856,#2190,.T.);
#5111=EDGE_CURVE('',#3751,#3863,#2191,.T.);
#5112=EDGE_CURVE('',#3753,#3870,#2192,.T.);
#5113=EDGE_CURVE('',#3754,#3869,#2193,.T.);
#5114=EDGE_CURVE('',#3755,#3868,#2194,.T.);
#5115=EDGE_CURVE('',#3756,#3867,#2195,.T.);
#5116=EDGE_CURVE('',#3757,#3866,#2196,.T.);
#5117=EDGE_CURVE('',#3758,#3865,#2197,.T.);
#5118=EDGE_CURVE('',#3752,#3864,#2198,.T.);
#5119=EDGE_CURVE('',#3744,#3871,#2199,.T.);
#5120=EDGE_CURVE('',#3745,#3878,#2200,.T.);
#5121=EDGE_CURVE('',#3746,#3877,#2201,.T.);
#5122=EDGE_CURVE('',#3747,#3876,#2202,.T.);
#5123=EDGE_CURVE('',#3748,#3875,#2203,.T.);
#5124=EDGE_CURVE('',#3749,#3874,#2204,.T.);
#5125=EDGE_CURVE('',#3750,#3873,#2205,.T.);
#5126=EDGE_CURVE('',#3743,#3872,#2206,.T.);
#5127=EDGE_CURVE('',#3735,#3879,#2207,.T.);
#5128=EDGE_CURVE('',#3737,#3886,#2208,.T.);
#5129=EDGE_CURVE('',#3738,#3885,#2209,.T.);
#5130=EDGE_CURVE('',#3739,#3884,#2210,.T.);
#5131=EDGE_CURVE('',#3740,#3883,#2211,.T.);
#5132=EDGE_CURVE('',#3741,#3882,#2212,.T.);
#5133=EDGE_CURVE('',#3742,#3881,#2213,.T.);
#5134=EDGE_CURVE('',#3736,#3880,#2214,.T.);
#5135=EDGE_CURVE('',#3727,#3887,#2215,.T.);
#5136=EDGE_CURVE('',#3729,#3894,#2216,.T.);
#5137=EDGE_CURVE('',#3730,#3893,#2217,.T.);
#5138=EDGE_CURVE('',#3731,#3892,#2218,.T.);
#5139=EDGE_CURVE('',#3732,#3891,#2219,.T.);
#5140=EDGE_CURVE('',#3733,#3890,#2220,.T.);
#5141=EDGE_CURVE('',#3734,#3889,#2221,.T.);
#5142=EDGE_CURVE('',#3728,#3888,#2222,.T.);
#5143=EDGE_CURVE('',#3719,#3895,#2223,.T.);
#5144=EDGE_CURVE('',#3721,#3902,#2224,.T.);
#5145=EDGE_CURVE('',#3722,#3901,#2225,.T.);
#5146=EDGE_CURVE('',#3723,#3900,#2226,.T.);
#5147=EDGE_CURVE('',#3724,#3899,#2227,.T.);
#5148=EDGE_CURVE('',#3725,#3898,#2228,.T.);
#5149=EDGE_CURVE('',#3726,#3897,#2229,.T.);
#5150=EDGE_CURVE('',#3720,#3896,#2230,.T.);
#5151=EDGE_CURVE('',#3711,#3903,#2231,.T.);
#5152=EDGE_CURVE('',#3713,#3910,#2232,.T.);
#5153=EDGE_CURVE('',#3714,#3909,#2233,.T.);
#5154=EDGE_CURVE('',#3715,#3908,#2234,.T.);
#5155=EDGE_CURVE('',#3716,#3907,#2235,.T.);
#5156=EDGE_CURVE('',#3717,#3906,#2236,.T.);
#5157=EDGE_CURVE('',#3718,#3905,#2237,.T.);
#5158=EDGE_CURVE('',#3712,#3904,#2238,.T.);
#5159=EDGE_CURVE('',#3703,#3911,#2239,.T.);
#5160=EDGE_CURVE('',#3705,#3918,#2240,.T.);
#5161=EDGE_CURVE('',#3706,#3917,#2241,.T.);
#5162=EDGE_CURVE('',#3707,#3916,#2242,.T.);
#5163=EDGE_CURVE('',#3708,#3915,#2243,.T.);
#5164=EDGE_CURVE('',#3709,#3914,#2244,.T.);
#5165=EDGE_CURVE('',#3710,#3913,#2245,.T.);
#5166=EDGE_CURVE('',#3704,#3912,#2246,.T.);
#5167=EDGE_CURVE('',#3695,#3919,#2247,.T.);
#5168=EDGE_CURVE('',#3697,#3926,#2248,.T.);
#5169=EDGE_CURVE('',#3698,#3925,#2249,.T.);
#5170=EDGE_CURVE('',#3699,#3924,#2250,.T.);
#5171=EDGE_CURVE('',#3700,#3923,#2251,.T.);
#5172=EDGE_CURVE('',#3701,#3922,#2252,.T.);
#5173=EDGE_CURVE('',#3702,#3921,#2253,.T.);
#5174=EDGE_CURVE('',#3696,#3920,#2254,.T.);
#5175=EDGE_CURVE('',#3687,#3927,#2255,.T.);
#5176=EDGE_CURVE('',#3689,#3934,#2256,.T.);
#5177=EDGE_CURVE('',#3690,#3933,#2257,.T.);
#5178=EDGE_CURVE('',#3691,#3932,#2258,.T.);
#5179=EDGE_CURVE('',#3692,#3931,#2259,.T.);
#5180=EDGE_CURVE('',#3693,#3930,#2260,.T.);
#5181=EDGE_CURVE('',#3694,#3929,#2261,.T.);
#5182=EDGE_CURVE('',#3688,#3928,#2262,.T.);
#5183=EDGE_CURVE('',#3680,#3935,#2263,.T.);
#5184=EDGE_CURVE('',#3681,#3942,#2264,.T.);
#5185=EDGE_CURVE('',#3682,#3941,#2265,.T.);
#5186=EDGE_CURVE('',#3683,#3940,#2266,.T.);
#5187=EDGE_CURVE('',#3684,#3939,#2267,.T.);
#5188=EDGE_CURVE('',#3685,#3938,#2268,.T.);
#5189=EDGE_CURVE('',#3686,#3937,#2269,.T.);
#5190=EDGE_CURVE('',#3679,#3936,#2270,.T.);
#5191=EDGE_CURVE('',#3671,#3943,#2271,.T.);
#5192=EDGE_CURVE('',#3673,#3950,#2272,.T.);
#5193=EDGE_CURVE('',#3674,#3949,#2273,.T.);
#5194=EDGE_CURVE('',#3675,#3948,#2274,.T.);
#5195=EDGE_CURVE('',#3676,#3947,#2275,.T.);
#5196=EDGE_CURVE('',#3677,#3946,#2276,.T.);
#5197=EDGE_CURVE('',#3678,#3945,#2277,.T.);
#5198=EDGE_CURVE('',#3672,#3944,#2278,.T.);
#5199=EDGE_CURVE('',#3664,#3951,#2279,.T.);
#5200=EDGE_CURVE('',#3665,#3958,#2280,.T.);
#5201=EDGE_CURVE('',#3666,#3957,#2281,.T.);
#5202=EDGE_CURVE('',#3667,#3956,#2282,.T.);
#5203=EDGE_CURVE('',#3668,#3955,#2283,.T.);
#5204=EDGE_CURVE('',#3669,#3954,#2284,.T.);
#5205=EDGE_CURVE('',#3670,#3953,#2285,.T.);
#5206=EDGE_CURVE('',#3663,#3952,#2286,.T.);
#5207=EDGE_CURVE('',#3656,#3959,#2287,.T.);
#5208=EDGE_CURVE('',#3657,#3966,#2288,.T.);
#5209=EDGE_CURVE('',#3658,#3965,#2289,.T.);
#5210=EDGE_CURVE('',#3659,#3964,#2290,.T.);
#5211=EDGE_CURVE('',#3660,#3963,#2291,.T.);
#5212=EDGE_CURVE('',#3661,#3962,#2292,.T.);
#5213=EDGE_CURVE('',#3662,#3961,#2293,.T.);
#5214=EDGE_CURVE('',#3655,#3960,#2294,.T.);
#5215=EDGE_CURVE('',#3647,#3967,#2295,.T.);
#5216=EDGE_CURVE('',#3649,#3974,#2296,.T.);
#5217=EDGE_CURVE('',#3650,#3973,#2297,.T.);
#5218=EDGE_CURVE('',#3651,#3972,#2298,.T.);
#5219=EDGE_CURVE('',#3652,#3971,#2299,.T.);
#5220=EDGE_CURVE('',#3653,#3970,#2300,.T.);
#5221=EDGE_CURVE('',#3654,#3969,#2301,.T.);
#5222=EDGE_CURVE('',#3648,#3968,#2302,.T.);
#5223=EDGE_CURVE('',#3639,#3975,#2303,.T.);
#5224=EDGE_CURVE('',#3641,#3982,#2304,.T.);
#5225=EDGE_CURVE('',#3642,#3981,#2305,.T.);
#5226=EDGE_CURVE('',#3643,#3980,#2306,.T.);
#5227=EDGE_CURVE('',#3644,#3979,#2307,.T.);
#5228=EDGE_CURVE('',#3645,#3978,#2308,.T.);
#5229=EDGE_CURVE('',#3646,#3977,#2309,.T.);
#5230=EDGE_CURVE('',#3640,#3976,#2310,.T.);
#5231=EDGE_CURVE('',#3631,#3983,#2311,.T.);
#5232=EDGE_CURVE('',#3633,#3990,#2312,.T.);
#5233=EDGE_CURVE('',#3634,#3989,#2313,.T.);
#5234=EDGE_CURVE('',#3635,#3988,#2314,.T.);
#5235=EDGE_CURVE('',#3636,#3987,#2315,.T.);
#5236=EDGE_CURVE('',#3637,#3986,#2316,.T.);
#5237=EDGE_CURVE('',#3638,#3985,#2317,.T.);
#5238=EDGE_CURVE('',#3632,#3984,#2318,.T.);
#5239=EDGE_CURVE('',#3623,#3991,#2319,.T.);
#5240=EDGE_CURVE('',#3625,#3998,#2320,.T.);
#5241=EDGE_CURVE('',#3626,#3997,#2321,.T.);
#5242=EDGE_CURVE('',#3627,#3996,#2322,.T.);
#5243=EDGE_CURVE('',#3628,#3995,#2323,.T.);
#5244=EDGE_CURVE('',#3629,#3994,#2324,.T.);
#5245=EDGE_CURVE('',#3630,#3993,#2325,.T.);
#5246=EDGE_CURVE('',#3624,#3992,#2326,.T.);
#5247=EDGE_CURVE('',#3615,#3999,#2327,.T.);
#5248=EDGE_CURVE('',#3617,#4006,#2328,.T.);
#5249=EDGE_CURVE('',#3618,#4005,#2329,.T.);
#5250=EDGE_CURVE('',#3619,#4004,#2330,.T.);
#5251=EDGE_CURVE('',#3620,#4003,#2331,.T.);
#5252=EDGE_CURVE('',#3621,#4002,#2332,.T.);
#5253=EDGE_CURVE('',#3622,#4001,#2333,.T.);
#5254=EDGE_CURVE('',#3616,#4000,#2334,.T.);
#5255=EDGE_CURVE('',#3607,#4007,#2335,.T.);
#5256=EDGE_CURVE('',#3609,#4014,#2336,.T.);
#5257=EDGE_CURVE('',#3610,#4013,#2337,.T.);
#5258=EDGE_CURVE('',#3611,#4012,#2338,.T.);
#5259=EDGE_CURVE('',#3612,#4011,#2339,.T.);
#5260=EDGE_CURVE('',#3613,#4010,#2340,.T.);
#5261=EDGE_CURVE('',#3614,#4009,#2341,.T.);
#5262=EDGE_CURVE('',#3608,#4008,#2342,.T.);
#5263=EDGE_CURVE('',#3599,#4015,#2343,.T.);
#5264=EDGE_CURVE('',#3601,#4022,#2344,.T.);
#5265=EDGE_CURVE('',#3602,#4021,#2345,.T.);
#5266=EDGE_CURVE('',#3603,#4020,#2346,.T.);
#5267=EDGE_CURVE('',#3604,#4019,#2347,.T.);
#5268=EDGE_CURVE('',#3605,#4018,#2348,.T.);
#5269=EDGE_CURVE('',#3606,#4017,#2349,.T.);
#5270=EDGE_CURVE('',#3600,#4016,#2350,.T.);
#5271=EDGE_CURVE('',#3591,#4023,#2351,.T.);
#5272=EDGE_CURVE('',#3593,#4030,#2352,.T.);
#5273=EDGE_CURVE('',#3594,#4029,#2353,.T.);
#5274=EDGE_CURVE('',#3595,#4028,#2354,.T.);
#5275=EDGE_CURVE('',#3596,#4027,#2355,.T.);
#5276=EDGE_CURVE('',#3597,#4026,#2356,.T.);
#5277=EDGE_CURVE('',#3598,#4025,#2357,.T.);
#5278=EDGE_CURVE('',#3592,#4024,#2358,.T.);
#5279=EDGE_CURVE('',#3583,#4031,#2359,.T.);
#5280=EDGE_CURVE('',#3585,#4038,#2360,.T.);
#5281=EDGE_CURVE('',#3586,#4037,#2361,.T.);
#5282=EDGE_CURVE('',#3587,#4036,#2362,.T.);
#5283=EDGE_CURVE('',#3588,#4035,#2363,.T.);
#5284=EDGE_CURVE('',#3589,#4034,#2364,.T.);
#5285=EDGE_CURVE('',#3590,#4033,#2365,.T.);
#5286=EDGE_CURVE('',#3584,#4032,#2366,.T.);
#5287=EDGE_CURVE('',#3575,#4039,#2367,.T.);
#5288=EDGE_CURVE('',#3577,#4046,#2368,.T.);
#5289=EDGE_CURVE('',#3578,#4045,#2369,.T.);
#5290=EDGE_CURVE('',#3579,#4044,#2370,.T.);
#5291=EDGE_CURVE('',#3580,#4043,#2371,.T.);
#5292=EDGE_CURVE('',#3581,#4042,#2372,.T.);
#5293=EDGE_CURVE('',#3582,#4041,#2373,.T.);
#5294=EDGE_CURVE('',#3576,#4040,#2374,.T.);
#5295=EDGE_CURVE('',#3567,#4047,#2375,.T.);
#5296=EDGE_CURVE('',#3569,#4054,#2376,.T.);
#5297=EDGE_CURVE('',#3570,#4053,#2377,.T.);
#5298=EDGE_CURVE('',#3571,#4052,#2378,.T.);
#5299=EDGE_CURVE('',#3572,#4051,#2379,.T.);
#5300=EDGE_CURVE('',#3573,#4050,#2380,.T.);
#5301=EDGE_CURVE('',#3574,#4049,#2381,.T.);
#5302=EDGE_CURVE('',#3568,#4048,#2382,.T.);
#5303=EDGE_CURVE('',#3559,#4055,#2383,.T.);
#5304=EDGE_CURVE('',#3561,#4062,#2384,.T.);
#5305=EDGE_CURVE('',#3562,#4061,#2385,.T.);
#5306=EDGE_CURVE('',#3563,#4060,#2386,.T.);
#5307=EDGE_CURVE('',#3564,#4059,#2387,.T.);
#5308=EDGE_CURVE('',#3565,#4058,#2388,.T.);
#5309=EDGE_CURVE('',#3566,#4057,#2389,.T.);
#5310=EDGE_CURVE('',#3560,#4056,#2390,.T.);
#5311=EDGE_CURVE('',#3551,#4063,#2391,.T.);
#5312=EDGE_CURVE('',#3553,#4070,#2392,.T.);
#5313=EDGE_CURVE('',#3554,#4069,#2393,.T.);
#5314=EDGE_CURVE('',#3555,#4068,#2394,.T.);
#5315=EDGE_CURVE('',#3556,#4067,#2395,.T.);
#5316=EDGE_CURVE('',#3557,#4066,#2396,.T.);
#5317=EDGE_CURVE('',#3558,#4065,#2397,.T.);
#5318=EDGE_CURVE('',#3552,#4064,#2398,.T.);
#5319=EDGE_CURVE('',#3543,#4071,#2399,.T.);
#5320=EDGE_CURVE('',#3545,#4078,#2400,.T.);
#5321=EDGE_CURVE('',#3546,#4077,#2401,.T.);
#5322=EDGE_CURVE('',#3547,#4076,#2402,.T.);
#5323=EDGE_CURVE('',#3548,#4075,#2403,.T.);
#5324=EDGE_CURVE('',#3549,#4074,#2404,.T.);
#5325=EDGE_CURVE('',#3550,#4073,#2405,.T.);
#5326=EDGE_CURVE('',#3544,#4072,#2406,.T.);
#5327=EDGE_CURVE('',#3536,#4079,#2407,.T.);
#5328=EDGE_CURVE('',#3537,#4086,#2408,.T.);
#5329=EDGE_CURVE('',#3538,#4085,#2409,.T.);
#5330=EDGE_CURVE('',#3539,#4084,#2410,.T.);
#5331=EDGE_CURVE('',#3540,#4083,#2411,.T.);
#5332=EDGE_CURVE('',#3541,#4082,#2412,.T.);
#5333=EDGE_CURVE('',#3542,#4081,#2413,.T.);
#5334=EDGE_CURVE('',#3535,#4080,#2414,.T.);
#5335=EDGE_CURVE('',#3527,#4087,#2415,.T.);
#5336=EDGE_CURVE('',#3529,#4094,#2416,.T.);
#5337=EDGE_CURVE('',#3530,#4093,#2417,.T.);
#5338=EDGE_CURVE('',#3531,#4092,#2418,.T.);
#5339=EDGE_CURVE('',#3532,#4091,#2419,.T.);
#5340=EDGE_CURVE('',#3533,#4090,#2420,.T.);
#5341=EDGE_CURVE('',#3534,#4089,#2421,.T.);
#5342=EDGE_CURVE('',#3528,#4088,#2422,.T.);
#5343=EDGE_CURVE('',#3519,#4095,#2423,.T.);
#5344=EDGE_CURVE('',#3521,#4102,#2424,.T.);
#5345=EDGE_CURVE('',#3522,#4101,#2425,.T.);
#5346=EDGE_CURVE('',#3523,#4100,#2426,.T.);
#5347=EDGE_CURVE('',#3524,#4099,#2427,.T.);
#5348=EDGE_CURVE('',#3525,#4098,#2428,.T.);
#5349=EDGE_CURVE('',#3526,#4097,#2429,.T.);
#5350=EDGE_CURVE('',#3520,#4096,#2430,.T.);
#5351=EDGE_CURVE('',#3512,#4103,#2431,.T.);
#5352=EDGE_CURVE('',#3513,#4110,#2432,.T.);
#5353=EDGE_CURVE('',#3514,#4109,#2433,.T.);
#5354=EDGE_CURVE('',#3515,#4108,#2434,.T.);
#5355=EDGE_CURVE('',#3516,#4107,#2435,.T.);
#5356=EDGE_CURVE('',#3517,#4106,#2436,.T.);
#5357=EDGE_CURVE('',#3518,#4105,#2437,.T.);
#5358=EDGE_CURVE('',#3511,#4104,#2438,.T.);
#5359=EDGE_CURVE('',#3503,#4111,#2439,.T.);
#5360=EDGE_CURVE('',#3505,#4118,#2440,.T.);
#5361=EDGE_CURVE('',#3506,#4117,#2441,.T.);
#5362=EDGE_CURVE('',#3507,#4116,#2442,.T.);
#5363=EDGE_CURVE('',#3508,#4115,#2443,.T.);
#5364=EDGE_CURVE('',#3509,#4114,#2444,.T.);
#5365=EDGE_CURVE('',#3510,#4113,#2445,.T.);
#5366=EDGE_CURVE('',#3504,#4112,#2446,.T.);
#5367=EDGE_CURVE('',#3496,#4119,#2447,.T.);
#5368=EDGE_CURVE('',#3497,#4126,#2448,.T.);
#5369=EDGE_CURVE('',#3498,#4125,#2449,.T.);
#5370=EDGE_CURVE('',#3499,#4124,#2450,.T.);
#5371=EDGE_CURVE('',#3500,#4123,#2451,.T.);
#5372=EDGE_CURVE('',#3501,#4122,#2452,.T.);
#5373=EDGE_CURVE('',#3502,#4121,#2453,.T.);
#5374=EDGE_CURVE('',#3495,#4120,#2454,.T.);
#5375=EDGE_CURVE('',#3487,#4127,#2455,.T.);
#5376=EDGE_CURVE('',#3489,#4134,#2456,.T.);
#5377=EDGE_CURVE('',#3490,#4133,#2457,.T.);
#5378=EDGE_CURVE('',#3491,#4132,#2458,.T.);
#5379=EDGE_CURVE('',#3492,#4131,#2459,.T.);
#5380=EDGE_CURVE('',#3493,#4130,#2460,.T.);
#5381=EDGE_CURVE('',#3494,#4129,#2461,.T.);
#5382=EDGE_CURVE('',#3488,#4128,#2462,.T.);
#5383=EDGE_CURVE('',#3480,#4135,#2463,.T.);
#5384=EDGE_CURVE('',#3481,#4142,#2464,.T.);
#5385=EDGE_CURVE('',#3482,#4141,#2465,.T.);
#5386=EDGE_CURVE('',#3483,#4140,#2466,.T.);
#5387=EDGE_CURVE('',#3484,#4139,#2467,.T.);
#5388=EDGE_CURVE('',#3485,#4138,#2468,.T.);
#5389=EDGE_CURVE('',#3486,#4137,#2469,.T.);
#5390=EDGE_CURVE('',#3479,#4136,#2470,.T.);
#5391=EDGE_CURVE('',#3471,#4143,#2471,.T.);
#5392=EDGE_CURVE('',#3473,#4150,#2472,.T.);
#5393=EDGE_CURVE('',#3474,#4149,#2473,.T.);
#5394=EDGE_CURVE('',#3475,#4148,#2474,.T.);
#5395=EDGE_CURVE('',#3476,#4147,#2475,.T.);
#5396=EDGE_CURVE('',#3477,#4146,#2476,.T.);
#5397=EDGE_CURVE('',#3478,#4145,#2477,.T.);
#5398=EDGE_CURVE('',#3472,#4144,#2478,.T.);
#5399=EDGE_CURVE('',#3463,#4151,#2479,.T.);
#5400=EDGE_CURVE('',#3465,#4158,#2480,.T.);
#5401=EDGE_CURVE('',#3466,#4157,#2481,.T.);
#5402=EDGE_CURVE('',#3467,#4156,#2482,.T.);
#5403=EDGE_CURVE('',#3468,#4155,#2483,.T.);
#5404=EDGE_CURVE('',#3469,#4154,#2484,.T.);
#5405=EDGE_CURVE('',#3470,#4153,#2485,.T.);
#5406=EDGE_CURVE('',#3464,#4152,#2486,.T.);
#5407=EDGE_CURVE('',#3455,#4159,#2487,.T.);
#5408=EDGE_CURVE('',#3457,#4166,#2488,.T.);
#5409=EDGE_CURVE('',#3458,#4165,#2489,.T.);
#5410=EDGE_CURVE('',#3459,#4164,#2490,.T.);
#5411=EDGE_CURVE('',#3460,#4163,#2491,.T.);
#5412=EDGE_CURVE('',#3461,#4162,#2492,.T.);
#5413=EDGE_CURVE('',#3462,#4161,#2493,.T.);
#5414=EDGE_CURVE('',#3456,#4160,#2494,.T.);
#5415=ORIENTED_EDGE('',*,*,#4167,.F.);
#5416=ORIENTED_EDGE('',*,*,#4168,.F.);
#5417=ORIENTED_EDGE('',*,*,#4169,.F.);
#5418=ORIENTED_EDGE('',*,*,#4170,.T.);
#5419=ORIENTED_EDGE('',*,*,#4171,.F.);
#5420=ORIENTED_EDGE('',*,*,#4170,.F.);
#5421=ORIENTED_EDGE('',*,*,#4172,.F.);
#5422=ORIENTED_EDGE('',*,*,#4173,.T.);
#5423=ORIENTED_EDGE('',*,*,#4174,.F.);
#5424=ORIENTED_EDGE('',*,*,#4173,.F.);
#5425=ORIENTED_EDGE('',*,*,#4175,.F.);
#5426=ORIENTED_EDGE('',*,*,#4176,.T.);
#5427=ORIENTED_EDGE('',*,*,#4177,.F.);
#5428=ORIENTED_EDGE('',*,*,#4176,.F.);
#5429=ORIENTED_EDGE('',*,*,#4178,.F.);
#5430=ORIENTED_EDGE('',*,*,#4179,.T.);
#5431=ORIENTED_EDGE('',*,*,#4180,.F.);
#5432=ORIENTED_EDGE('',*,*,#4179,.F.);
#5433=ORIENTED_EDGE('',*,*,#4181,.F.);
#5434=ORIENTED_EDGE('',*,*,#4182,.T.);
#5435=ORIENTED_EDGE('',*,*,#4183,.F.);
#5436=ORIENTED_EDGE('',*,*,#4182,.F.);
#5437=ORIENTED_EDGE('',*,*,#4184,.F.);
#5438=ORIENTED_EDGE('',*,*,#4185,.T.);
#5439=ORIENTED_EDGE('',*,*,#4186,.F.);
#5440=ORIENTED_EDGE('',*,*,#4185,.F.);
#5441=ORIENTED_EDGE('',*,*,#4187,.F.);
#5442=ORIENTED_EDGE('',*,*,#4188,.T.);
#5443=ORIENTED_EDGE('',*,*,#4189,.F.);
#5444=ORIENTED_EDGE('',*,*,#4188,.F.);
#5445=ORIENTED_EDGE('',*,*,#4190,.F.);
#5446=ORIENTED_EDGE('',*,*,#4191,.T.);
#5447=ORIENTED_EDGE('',*,*,#4192,.F.);
#5448=ORIENTED_EDGE('',*,*,#4191,.F.);
#5449=ORIENTED_EDGE('',*,*,#4193,.F.);
#5450=ORIENTED_EDGE('',*,*,#4194,.T.);
#5451=ORIENTED_EDGE('',*,*,#4195,.F.);
#5452=ORIENTED_EDGE('',*,*,#4194,.F.);
#5453=ORIENTED_EDGE('',*,*,#4196,.F.);
#5454=ORIENTED_EDGE('',*,*,#4197,.T.);
#5455=ORIENTED_EDGE('',*,*,#4198,.F.);
#5456=ORIENTED_EDGE('',*,*,#4197,.F.);
#5457=ORIENTED_EDGE('',*,*,#4199,.F.);
#5458=ORIENTED_EDGE('',*,*,#4200,.T.);
#5459=ORIENTED_EDGE('',*,*,#4201,.F.);
#5460=ORIENTED_EDGE('',*,*,#4200,.F.);
#5461=ORIENTED_EDGE('',*,*,#4202,.F.);
#5462=ORIENTED_EDGE('',*,*,#4203,.T.);
#5463=ORIENTED_EDGE('',*,*,#4204,.F.);
#5464=ORIENTED_EDGE('',*,*,#4203,.F.);
#5465=ORIENTED_EDGE('',*,*,#4205,.F.);
#5466=ORIENTED_EDGE('',*,*,#4206,.T.);
#5467=ORIENTED_EDGE('',*,*,#4207,.F.);
#5468=ORIENTED_EDGE('',*,*,#4206,.F.);
#5469=ORIENTED_EDGE('',*,*,#4208,.F.);
#5470=ORIENTED_EDGE('',*,*,#4209,.T.);
#5471=ORIENTED_EDGE('',*,*,#4210,.F.);
#5472=ORIENTED_EDGE('',*,*,#4209,.F.);
#5473=ORIENTED_EDGE('',*,*,#4211,.F.);
#5474=ORIENTED_EDGE('',*,*,#4212,.T.);
#5475=ORIENTED_EDGE('',*,*,#4213,.F.);
#5476=ORIENTED_EDGE('',*,*,#4212,.F.);
#5477=ORIENTED_EDGE('',*,*,#4214,.F.);
#5478=ORIENTED_EDGE('',*,*,#4215,.T.);
#5479=ORIENTED_EDGE('',*,*,#4216,.F.);
#5480=ORIENTED_EDGE('',*,*,#4215,.F.);
#5481=ORIENTED_EDGE('',*,*,#4217,.F.);
#5482=ORIENTED_EDGE('',*,*,#4218,.T.);
#5483=ORIENTED_EDGE('',*,*,#4219,.F.);
#5484=ORIENTED_EDGE('',*,*,#4218,.F.);
#5485=ORIENTED_EDGE('',*,*,#4220,.F.);
#5486=ORIENTED_EDGE('',*,*,#4221,.T.);
#5487=ORIENTED_EDGE('',*,*,#4222,.F.);
#5488=ORIENTED_EDGE('',*,*,#4221,.F.);
#5489=ORIENTED_EDGE('',*,*,#4223,.F.);
#5490=ORIENTED_EDGE('',*,*,#4224,.T.);
#5491=ORIENTED_EDGE('',*,*,#4225,.F.);
#5492=ORIENTED_EDGE('',*,*,#4224,.F.);
#5493=ORIENTED_EDGE('',*,*,#4226,.F.);
#5494=ORIENTED_EDGE('',*,*,#4227,.T.);
#5495=ORIENTED_EDGE('',*,*,#4228,.F.);
#5496=ORIENTED_EDGE('',*,*,#4227,.F.);
#5497=ORIENTED_EDGE('',*,*,#4229,.F.);
#5498=ORIENTED_EDGE('',*,*,#4230,.T.);
#5499=ORIENTED_EDGE('',*,*,#4231,.F.);
#5500=ORIENTED_EDGE('',*,*,#4230,.F.);
#5501=ORIENTED_EDGE('',*,*,#4232,.F.);
#5502=ORIENTED_EDGE('',*,*,#4233,.T.);
#5503=ORIENTED_EDGE('',*,*,#4234,.F.);
#5504=ORIENTED_EDGE('',*,*,#4233,.F.);
#5505=ORIENTED_EDGE('',*,*,#4235,.F.);
#5506=ORIENTED_EDGE('',*,*,#4236,.T.);
#5507=ORIENTED_EDGE('',*,*,#4237,.F.);
#5508=ORIENTED_EDGE('',*,*,#4236,.F.);
#5509=ORIENTED_EDGE('',*,*,#4238,.F.);
#5510=ORIENTED_EDGE('',*,*,#4239,.T.);
#5511=ORIENTED_EDGE('',*,*,#4240,.F.);
#5512=ORIENTED_EDGE('',*,*,#4239,.F.);
#5513=ORIENTED_EDGE('',*,*,#4241,.F.);
#5514=ORIENTED_EDGE('',*,*,#4242,.T.);
#5515=ORIENTED_EDGE('',*,*,#4243,.F.);
#5516=ORIENTED_EDGE('',*,*,#4242,.F.);
#5517=ORIENTED_EDGE('',*,*,#4244,.F.);
#5518=ORIENTED_EDGE('',*,*,#4245,.T.);
#5519=ORIENTED_EDGE('',*,*,#4246,.F.);
#5520=ORIENTED_EDGE('',*,*,#4245,.F.);
#5521=ORIENTED_EDGE('',*,*,#4247,.F.);
#5522=ORIENTED_EDGE('',*,*,#4248,.T.);
#5523=ORIENTED_EDGE('',*,*,#4249,.F.);
#5524=ORIENTED_EDGE('',*,*,#4248,.F.);
#5525=ORIENTED_EDGE('',*,*,#4250,.F.);
#5526=ORIENTED_EDGE('',*,*,#4251,.T.);
#5527=ORIENTED_EDGE('',*,*,#4252,.F.);
#5528=ORIENTED_EDGE('',*,*,#4251,.F.);
#5529=ORIENTED_EDGE('',*,*,#4253,.F.);
#5530=ORIENTED_EDGE('',*,*,#4254,.T.);
#5531=ORIENTED_EDGE('',*,*,#4255,.F.);
#5532=ORIENTED_EDGE('',*,*,#4254,.F.);
#5533=ORIENTED_EDGE('',*,*,#4256,.F.);
#5534=ORIENTED_EDGE('',*,*,#4257,.T.);
#5535=ORIENTED_EDGE('',*,*,#4258,.F.);
#5536=ORIENTED_EDGE('',*,*,#4257,.F.);
#5537=ORIENTED_EDGE('',*,*,#4259,.F.);
#5538=ORIENTED_EDGE('',*,*,#4260,.T.);
#5539=ORIENTED_EDGE('',*,*,#4261,.F.);
#5540=ORIENTED_EDGE('',*,*,#4260,.F.);
#5541=ORIENTED_EDGE('',*,*,#4262,.F.);
#5542=ORIENTED_EDGE('',*,*,#4168,.T.);
#5543=ORIENTED_EDGE('',*,*,#4263,.T.);
#5544=ORIENTED_EDGE('',*,*,#4264,.T.);
#5545=ORIENTED_EDGE('',*,*,#4265,.T.);
#5546=ORIENTED_EDGE('',*,*,#4266,.T.);
#5547=ORIENTED_EDGE('',*,*,#4264,.F.);
#5548=ORIENTED_EDGE('',*,*,#4267,.F.);
#5549=ORIENTED_EDGE('',*,*,#4268,.F.);
#5550=ORIENTED_EDGE('',*,*,#4269,.F.);
#5551=ORIENTED_EDGE('',*,*,#4270,.T.);
#5552=ORIENTED_EDGE('',*,*,#4268,.T.);
#5553=ORIENTED_EDGE('',*,*,#4271,.T.);
#5554=ORIENTED_EDGE('',*,*,#4272,.T.);
#5555=ORIENTED_EDGE('',*,*,#4273,.T.);
#5556=ORIENTED_EDGE('',*,*,#4274,.T.);
#5557=ORIENTED_EDGE('',*,*,#4275,.T.);
#5558=ORIENTED_EDGE('',*,*,#4276,.T.);
#5559=ORIENTED_EDGE('',*,*,#4274,.F.);
#5560=ORIENTED_EDGE('',*,*,#4277,.F.);
#5561=ORIENTED_EDGE('',*,*,#4278,.F.);
#5562=ORIENTED_EDGE('',*,*,#4279,.F.);
#5563=ORIENTED_EDGE('',*,*,#4280,.T.);
#5564=ORIENTED_EDGE('',*,*,#4278,.T.);
#5565=ORIENTED_EDGE('',*,*,#4281,.T.);
#5566=ORIENTED_EDGE('',*,*,#4282,.T.);
#5567=ORIENTED_EDGE('',*,*,#4283,.T.);
#5568=ORIENTED_EDGE('',*,*,#4284,.T.);
#5569=ORIENTED_EDGE('',*,*,#4285,.T.);
#5570=ORIENTED_EDGE('',*,*,#4286,.T.);
#5571=ORIENTED_EDGE('',*,*,#4284,.F.);
#5572=ORIENTED_EDGE('',*,*,#4287,.F.);
#5573=ORIENTED_EDGE('',*,*,#4288,.F.);
#5574=ORIENTED_EDGE('',*,*,#4289,.F.);
#5575=ORIENTED_EDGE('',*,*,#4290,.T.);
#5576=ORIENTED_EDGE('',*,*,#4288,.T.);
#5577=ORIENTED_EDGE('',*,*,#4291,.T.);
#5578=ORIENTED_EDGE('',*,*,#4292,.T.);
#5579=ORIENTED_EDGE('',*,*,#4293,.T.);
#5580=ORIENTED_EDGE('',*,*,#4294,.T.);
#5581=ORIENTED_EDGE('',*,*,#4295,.T.);
#5582=ORIENTED_EDGE('',*,*,#4296,.T.);
#5583=ORIENTED_EDGE('',*,*,#4294,.F.);
#5584=ORIENTED_EDGE('',*,*,#4297,.F.);
#5585=ORIENTED_EDGE('',*,*,#4298,.F.);
#5586=ORIENTED_EDGE('',*,*,#4299,.F.);
#5587=ORIENTED_EDGE('',*,*,#4300,.T.);
#5588=ORIENTED_EDGE('',*,*,#4301,.T.);
#5589=ORIENTED_EDGE('',*,*,#4302,.T.);
#5590=ORIENTED_EDGE('',*,*,#4298,.T.);
#5591=ORIENTED_EDGE('',*,*,#4301,.F.);
#5592=ORIENTED_EDGE('',*,*,#4303,.F.);
#5593=ORIENTED_EDGE('',*,*,#4304,.T.);
#5594=ORIENTED_EDGE('',*,*,#4305,.F.);
#5595=ORIENTED_EDGE('',*,*,#4266,.F.);
#5596=ORIENTED_EDGE('',*,*,#4306,.F.);
#5597=ORIENTED_EDGE('',*,*,#4307,.F.);
#5598=ORIENTED_EDGE('',*,*,#4308,.T.);
#5599=ORIENTED_EDGE('',*,*,#4276,.F.);
#5600=ORIENTED_EDGE('',*,*,#4309,.F.);
#5601=ORIENTED_EDGE('',*,*,#4310,.F.);
#5602=ORIENTED_EDGE('',*,*,#4311,.T.);
#5603=ORIENTED_EDGE('',*,*,#4286,.F.);
#5604=ORIENTED_EDGE('',*,*,#4312,.F.);
#5605=ORIENTED_EDGE('',*,*,#4313,.F.);
#5606=ORIENTED_EDGE('',*,*,#4314,.T.);
#5607=ORIENTED_EDGE('',*,*,#4296,.F.);
#5608=ORIENTED_EDGE('',*,*,#4315,.F.);
#5609=ORIENTED_EDGE('',*,*,#4316,.F.);
#5610=ORIENTED_EDGE('',*,*,#4317,.T.);
#5611=ORIENTED_EDGE('',*,*,#4272,.F.);
#5612=ORIENTED_EDGE('',*,*,#4318,.F.);
#5613=ORIENTED_EDGE('',*,*,#4319,.T.);
#5614=ORIENTED_EDGE('',*,*,#4320,.F.);
#5615=ORIENTED_EDGE('',*,*,#4282,.F.);
#5616=ORIENTED_EDGE('',*,*,#4321,.F.);
#5617=ORIENTED_EDGE('',*,*,#4322,.T.);
#5618=ORIENTED_EDGE('',*,*,#4323,.F.);
#5619=ORIENTED_EDGE('',*,*,#4292,.F.);
#5620=ORIENTED_EDGE('',*,*,#4324,.F.);
#5621=ORIENTED_EDGE('',*,*,#4325,.T.);
#5622=ORIENTED_EDGE('',*,*,#4326,.F.);
#5623=ORIENTED_EDGE('',*,*,#4216,.T.);
#5624=ORIENTED_EDGE('',*,*,#4219,.T.);
#5625=ORIENTED_EDGE('',*,*,#4222,.T.);
#5626=ORIENTED_EDGE('',*,*,#4225,.T.);
#5627=ORIENTED_EDGE('',*,*,#4228,.T.);
#5628=ORIENTED_EDGE('',*,*,#4231,.T.);
#5629=ORIENTED_EDGE('',*,*,#4234,.T.);
#5630=ORIENTED_EDGE('',*,*,#4237,.T.);
#5631=ORIENTED_EDGE('',*,*,#4240,.T.);
#5632=ORIENTED_EDGE('',*,*,#4243,.T.);
#5633=ORIENTED_EDGE('',*,*,#4246,.T.);
#5634=ORIENTED_EDGE('',*,*,#4249,.T.);
#5635=ORIENTED_EDGE('',*,*,#4252,.T.);
#5636=ORIENTED_EDGE('',*,*,#4255,.T.);
#5637=ORIENTED_EDGE('',*,*,#4258,.T.);
#5638=ORIENTED_EDGE('',*,*,#4261,.T.);
#5639=ORIENTED_EDGE('',*,*,#4167,.T.);
#5640=ORIENTED_EDGE('',*,*,#4171,.T.);
#5641=ORIENTED_EDGE('',*,*,#4174,.T.);
#5642=ORIENTED_EDGE('',*,*,#4177,.T.);
#5643=ORIENTED_EDGE('',*,*,#4180,.T.);
#5644=ORIENTED_EDGE('',*,*,#4183,.T.);
#5645=ORIENTED_EDGE('',*,*,#4186,.T.);
#5646=ORIENTED_EDGE('',*,*,#4189,.T.);
#5647=ORIENTED_EDGE('',*,*,#4192,.T.);
#5648=ORIENTED_EDGE('',*,*,#4195,.T.);
#5649=ORIENTED_EDGE('',*,*,#4198,.T.);
#5650=ORIENTED_EDGE('',*,*,#4201,.T.);
#5651=ORIENTED_EDGE('',*,*,#4204,.T.);
#5652=ORIENTED_EDGE('',*,*,#4207,.T.);
#5653=ORIENTED_EDGE('',*,*,#4210,.T.);
#5654=ORIENTED_EDGE('',*,*,#4213,.T.);
#5655=ORIENTED_EDGE('',*,*,#4287,.T.);
#5656=ORIENTED_EDGE('',*,*,#4283,.F.);
#5657=ORIENTED_EDGE('',*,*,#4314,.F.);
#5658=ORIENTED_EDGE('',*,*,#4327,.T.);
#5659=ORIENTED_EDGE('',*,*,#4328,.T.);
#5660=ORIENTED_EDGE('',*,*,#4329,.T.);
#5661=ORIENTED_EDGE('',*,*,#4324,.T.);
#5662=ORIENTED_EDGE('',*,*,#4291,.F.);
#5663=ORIENTED_EDGE('',*,*,#4277,.T.);
#5664=ORIENTED_EDGE('',*,*,#4273,.F.);
#5665=ORIENTED_EDGE('',*,*,#4311,.F.);
#5666=ORIENTED_EDGE('',*,*,#4330,.T.);
#5667=ORIENTED_EDGE('',*,*,#4331,.T.);
#5668=ORIENTED_EDGE('',*,*,#4332,.T.);
#5669=ORIENTED_EDGE('',*,*,#4321,.T.);
#5670=ORIENTED_EDGE('',*,*,#4281,.F.);
#5671=ORIENTED_EDGE('',*,*,#4267,.T.);
#5672=ORIENTED_EDGE('',*,*,#4263,.F.);
#5673=ORIENTED_EDGE('',*,*,#4308,.F.);
#5674=ORIENTED_EDGE('',*,*,#4333,.T.);
#5675=ORIENTED_EDGE('',*,*,#4334,.F.);
#5676=ORIENTED_EDGE('',*,*,#4335,.T.);
#5677=ORIENTED_EDGE('',*,*,#4318,.T.);
#5678=ORIENTED_EDGE('',*,*,#4271,.F.);
#5679=ORIENTED_EDGE('',*,*,#4317,.F.);
#5680=ORIENTED_EDGE('',*,*,#4336,.T.);
#5681=ORIENTED_EDGE('',*,*,#4337,.F.);
#5682=ORIENTED_EDGE('',*,*,#4338,.T.);
#5683=ORIENTED_EDGE('',*,*,#4303,.T.);
#5684=ORIENTED_EDGE('',*,*,#4300,.F.);
#5685=ORIENTED_EDGE('',*,*,#4297,.T.);
#5686=ORIENTED_EDGE('',*,*,#4293,.F.);
#5687=ORIENTED_EDGE('',*,*,#4339,.F.);
#5688=ORIENTED_EDGE('',*,*,#4340,.T.);
#5689=ORIENTED_EDGE('',*,*,#4341,.T.);
#5690=ORIENTED_EDGE('',*,*,#4342,.T.);
#5691=ORIENTED_EDGE('',*,*,#4343,.T.);
#5692=ORIENTED_EDGE('',*,*,#4344,.T.);
#5693=ORIENTED_EDGE('',*,*,#4345,.F.);
#5694=ORIENTED_EDGE('',*,*,#4346,.T.);
#5695=ORIENTED_EDGE('',*,*,#4347,.F.);
#5696=ORIENTED_EDGE('',*,*,#4348,.T.);
#5697=ORIENTED_EDGE('',*,*,#4349,.T.);
#5698=ORIENTED_EDGE('',*,*,#4350,.T.);
#5699=ORIENTED_EDGE('',*,*,#4351,.T.);
#5700=ORIENTED_EDGE('',*,*,#4352,.T.);
#5701=ORIENTED_EDGE('',*,*,#4353,.F.);
#5702=ORIENTED_EDGE('',*,*,#4354,.T.);
#5703=ORIENTED_EDGE('',*,*,#4355,.F.);
#5704=ORIENTED_EDGE('',*,*,#4356,.T.);
#5705=ORIENTED_EDGE('',*,*,#4357,.F.);
#5706=ORIENTED_EDGE('',*,*,#4358,.T.);
#5707=ORIENTED_EDGE('',*,*,#4359,.T.);
#5708=ORIENTED_EDGE('',*,*,#4360,.T.);
#5709=ORIENTED_EDGE('',*,*,#4361,.T.);
#5710=ORIENTED_EDGE('',*,*,#4362,.T.);
#5711=ORIENTED_EDGE('',*,*,#4363,.T.);
#5712=ORIENTED_EDGE('',*,*,#4364,.T.);
#5713=ORIENTED_EDGE('',*,*,#4365,.T.);
#5714=ORIENTED_EDGE('',*,*,#4366,.T.);
#5715=ORIENTED_EDGE('',*,*,#4367,.T.);
#5716=ORIENTED_EDGE('',*,*,#4368,.T.);
#5717=ORIENTED_EDGE('',*,*,#4369,.T.);
#5718=ORIENTED_EDGE('',*,*,#4370,.T.);
#5719=ORIENTED_EDGE('',*,*,#4371,.F.);
#5720=ORIENTED_EDGE('',*,*,#4372,.F.);
#5721=ORIENTED_EDGE('',*,*,#4373,.F.);
#5722=ORIENTED_EDGE('',*,*,#4374,.F.);
#5723=ORIENTED_EDGE('',*,*,#4375,.F.);
#5724=ORIENTED_EDGE('',*,*,#4376,.F.);
#5725=ORIENTED_EDGE('',*,*,#4377,.F.);
#5726=ORIENTED_EDGE('',*,*,#4378,.F.);
#5727=ORIENTED_EDGE('',*,*,#4379,.T.);
#5728=ORIENTED_EDGE('',*,*,#4380,.T.);
#5729=ORIENTED_EDGE('',*,*,#4381,.T.);
#5730=ORIENTED_EDGE('',*,*,#4382,.T.);
#5731=ORIENTED_EDGE('',*,*,#4383,.T.);
#5732=ORIENTED_EDGE('',*,*,#4384,.T.);
#5733=ORIENTED_EDGE('',*,*,#4385,.T.);
#5734=ORIENTED_EDGE('',*,*,#4386,.T.);
#5735=ORIENTED_EDGE('',*,*,#4387,.F.);
#5736=ORIENTED_EDGE('',*,*,#4388,.F.);
#5737=ORIENTED_EDGE('',*,*,#4389,.F.);
#5738=ORIENTED_EDGE('',*,*,#4390,.F.);
#5739=ORIENTED_EDGE('',*,*,#4391,.F.);
#5740=ORIENTED_EDGE('',*,*,#4392,.F.);
#5741=ORIENTED_EDGE('',*,*,#4393,.F.);
#5742=ORIENTED_EDGE('',*,*,#4394,.F.);
#5743=ORIENTED_EDGE('',*,*,#4395,.T.);
#5744=ORIENTED_EDGE('',*,*,#4396,.T.);
#5745=ORIENTED_EDGE('',*,*,#4397,.T.);
#5746=ORIENTED_EDGE('',*,*,#4398,.T.);
#5747=ORIENTED_EDGE('',*,*,#4399,.T.);
#5748=ORIENTED_EDGE('',*,*,#4400,.T.);
#5749=ORIENTED_EDGE('',*,*,#4401,.T.);
#5750=ORIENTED_EDGE('',*,*,#4402,.T.);
#5751=ORIENTED_EDGE('',*,*,#4403,.F.);
#5752=ORIENTED_EDGE('',*,*,#4404,.T.);
#5753=ORIENTED_EDGE('',*,*,#4405,.F.);
#5754=ORIENTED_EDGE('',*,*,#4406,.T.);
#5755=ORIENTED_EDGE('',*,*,#4407,.F.);
#5756=ORIENTED_EDGE('',*,*,#4408,.T.);
#5757=ORIENTED_EDGE('',*,*,#4409,.F.);
#5758=ORIENTED_EDGE('',*,*,#4410,.F.);
#5759=ORIENTED_EDGE('',*,*,#4411,.F.);
#5760=ORIENTED_EDGE('',*,*,#4412,.T.);
#5761=ORIENTED_EDGE('',*,*,#4413,.T.);
#5762=ORIENTED_EDGE('',*,*,#4414,.T.);
#5763=ORIENTED_EDGE('',*,*,#4415,.T.);
#5764=ORIENTED_EDGE('',*,*,#4416,.T.);
#5765=ORIENTED_EDGE('',*,*,#4417,.F.);
#5766=ORIENTED_EDGE('',*,*,#4418,.T.);
#5767=ORIENTED_EDGE('',*,*,#4419,.T.);
#5768=ORIENTED_EDGE('',*,*,#4420,.T.);
#5769=ORIENTED_EDGE('',*,*,#4421,.T.);
#5770=ORIENTED_EDGE('',*,*,#4422,.T.);
#5771=ORIENTED_EDGE('',*,*,#4423,.T.);
#5772=ORIENTED_EDGE('',*,*,#4424,.T.);
#5773=ORIENTED_EDGE('',*,*,#4425,.T.);
#5774=ORIENTED_EDGE('',*,*,#4426,.T.);
#5775=ORIENTED_EDGE('',*,*,#4427,.F.);
#5776=ORIENTED_EDGE('',*,*,#4428,.T.);
#5777=ORIENTED_EDGE('',*,*,#4429,.T.);
#5778=ORIENTED_EDGE('',*,*,#4430,.T.);
#5779=ORIENTED_EDGE('',*,*,#4431,.T.);
#5780=ORIENTED_EDGE('',*,*,#4432,.T.);
#5781=ORIENTED_EDGE('',*,*,#4433,.F.);
#5782=ORIENTED_EDGE('',*,*,#4434,.T.);
#5783=ORIENTED_EDGE('',*,*,#4435,.F.);
#5784=ORIENTED_EDGE('',*,*,#4436,.F.);
#5785=ORIENTED_EDGE('',*,*,#4437,.T.);
#5786=ORIENTED_EDGE('',*,*,#4438,.F.);
#5787=ORIENTED_EDGE('',*,*,#4439,.T.);
#5788=ORIENTED_EDGE('',*,*,#4440,.F.);
#5789=ORIENTED_EDGE('',*,*,#4441,.F.);
#5790=ORIENTED_EDGE('',*,*,#4442,.F.);
#5791=ORIENTED_EDGE('',*,*,#4443,.F.);
#5792=ORIENTED_EDGE('',*,*,#4444,.T.);
#5793=ORIENTED_EDGE('',*,*,#4445,.T.);
#5794=ORIENTED_EDGE('',*,*,#4446,.T.);
#5795=ORIENTED_EDGE('',*,*,#4447,.T.);
#5796=ORIENTED_EDGE('',*,*,#4448,.T.);
#5797=ORIENTED_EDGE('',*,*,#4449,.F.);
#5798=ORIENTED_EDGE('',*,*,#4450,.T.);
#5799=ORIENTED_EDGE('',*,*,#4451,.F.);
#5800=ORIENTED_EDGE('',*,*,#4452,.T.);
#5801=ORIENTED_EDGE('',*,*,#4453,.F.);
#5802=ORIENTED_EDGE('',*,*,#4454,.T.);
#5803=ORIENTED_EDGE('',*,*,#4455,.T.);
#5804=ORIENTED_EDGE('',*,*,#4456,.T.);
#5805=ORIENTED_EDGE('',*,*,#4457,.T.);
#5806=ORIENTED_EDGE('',*,*,#4458,.T.);
#5807=ORIENTED_EDGE('',*,*,#4459,.F.);
#5808=ORIENTED_EDGE('',*,*,#4460,.T.);
#5809=ORIENTED_EDGE('',*,*,#4461,.T.);
#5810=ORIENTED_EDGE('',*,*,#4462,.T.);
#5811=ORIENTED_EDGE('',*,*,#4463,.T.);
#5812=ORIENTED_EDGE('',*,*,#4464,.T.);
#5813=ORIENTED_EDGE('',*,*,#4465,.F.);
#5814=ORIENTED_EDGE('',*,*,#4466,.T.);
#5815=ORIENTED_EDGE('',*,*,#4467,.F.);
#5816=ORIENTED_EDGE('',*,*,#4468,.T.);
#5817=ORIENTED_EDGE('',*,*,#4469,.T.);
#5818=ORIENTED_EDGE('',*,*,#4470,.T.);
#5819=ORIENTED_EDGE('',*,*,#4471,.T.);
#5820=ORIENTED_EDGE('',*,*,#4472,.T.);
#5821=ORIENTED_EDGE('',*,*,#4473,.F.);
#5822=ORIENTED_EDGE('',*,*,#4474,.T.);
#5823=ORIENTED_EDGE('',*,*,#4475,.F.);
#5824=ORIENTED_EDGE('',*,*,#4476,.T.);
#5825=ORIENTED_EDGE('',*,*,#4477,.T.);
#5826=ORIENTED_EDGE('',*,*,#4478,.T.);
#5827=ORIENTED_EDGE('',*,*,#4479,.T.);
#5828=ORIENTED_EDGE('',*,*,#4480,.T.);
#5829=ORIENTED_EDGE('',*,*,#4481,.F.);
#5830=ORIENTED_EDGE('',*,*,#4482,.T.);
#5831=ORIENTED_EDGE('',*,*,#4483,.F.);
#5832=ORIENTED_EDGE('',*,*,#4484,.T.);
#5833=ORIENTED_EDGE('',*,*,#4485,.F.);
#5834=ORIENTED_EDGE('',*,*,#4486,.T.);
#5835=ORIENTED_EDGE('',*,*,#4487,.T.);
#5836=ORIENTED_EDGE('',*,*,#4488,.T.);
#5837=ORIENTED_EDGE('',*,*,#4489,.T.);
#5838=ORIENTED_EDGE('',*,*,#4490,.T.);
#5839=ORIENTED_EDGE('',*,*,#4491,.F.);
#5840=ORIENTED_EDGE('',*,*,#4492,.T.);
#5841=ORIENTED_EDGE('',*,*,#4493,.T.);
#5842=ORIENTED_EDGE('',*,*,#4494,.T.);
#5843=ORIENTED_EDGE('',*,*,#4495,.T.);
#5844=ORIENTED_EDGE('',*,*,#4496,.T.);
#5845=ORIENTED_EDGE('',*,*,#4497,.F.);
#5846=ORIENTED_EDGE('',*,*,#4498,.T.);
#5847=ORIENTED_EDGE('',*,*,#4499,.F.);
#5848=ORIENTED_EDGE('',*,*,#4500,.T.);
#5849=ORIENTED_EDGE('',*,*,#4501,.T.);
#5850=ORIENTED_EDGE('',*,*,#4502,.T.);
#5851=ORIENTED_EDGE('',*,*,#4503,.T.);
#5852=ORIENTED_EDGE('',*,*,#4504,.T.);
#5853=ORIENTED_EDGE('',*,*,#4505,.F.);
#5854=ORIENTED_EDGE('',*,*,#4506,.T.);
#5855=ORIENTED_EDGE('',*,*,#4507,.F.);
#5856=ORIENTED_EDGE('',*,*,#4508,.T.);
#5857=ORIENTED_EDGE('',*,*,#4509,.T.);
#5858=ORIENTED_EDGE('',*,*,#4510,.T.);
#5859=ORIENTED_EDGE('',*,*,#4511,.T.);
#5860=ORIENTED_EDGE('',*,*,#4512,.T.);
#5861=ORIENTED_EDGE('',*,*,#4513,.F.);
#5862=ORIENTED_EDGE('',*,*,#4514,.T.);
#5863=ORIENTED_EDGE('',*,*,#4515,.F.);
#5864=ORIENTED_EDGE('',*,*,#4516,.T.);
#5865=ORIENTED_EDGE('',*,*,#4517,.F.);
#5866=ORIENTED_EDGE('',*,*,#4518,.T.);
#5867=ORIENTED_EDGE('',*,*,#4519,.T.);
#5868=ORIENTED_EDGE('',*,*,#4520,.T.);
#5869=ORIENTED_EDGE('',*,*,#4521,.T.);
#5870=ORIENTED_EDGE('',*,*,#4522,.T.);
#5871=ORIENTED_EDGE('',*,*,#4523,.F.);
#5872=ORIENTED_EDGE('',*,*,#4524,.T.);
#5873=ORIENTED_EDGE('',*,*,#4525,.T.);
#5874=ORIENTED_EDGE('',*,*,#4526,.T.);
#5875=ORIENTED_EDGE('',*,*,#4527,.T.);
#5876=ORIENTED_EDGE('',*,*,#4528,.T.);
#5877=ORIENTED_EDGE('',*,*,#4529,.F.);
#5878=ORIENTED_EDGE('',*,*,#4530,.T.);
#5879=ORIENTED_EDGE('',*,*,#4531,.F.);
#5880=ORIENTED_EDGE('',*,*,#4532,.T.);
#5881=ORIENTED_EDGE('',*,*,#4533,.F.);
#5882=ORIENTED_EDGE('',*,*,#4534,.T.);
#5883=ORIENTED_EDGE('',*,*,#4535,.T.);
#5884=ORIENTED_EDGE('',*,*,#4536,.T.);
#5885=ORIENTED_EDGE('',*,*,#4537,.T.);
#5886=ORIENTED_EDGE('',*,*,#4538,.T.);
#5887=ORIENTED_EDGE('',*,*,#4539,.T.);
#5888=ORIENTED_EDGE('',*,*,#4540,.T.);
#5889=ORIENTED_EDGE('',*,*,#4541,.T.);
#5890=ORIENTED_EDGE('',*,*,#4542,.T.);
#5891=ORIENTED_EDGE('',*,*,#4543,.T.);
#5892=ORIENTED_EDGE('',*,*,#4544,.F.);
#5893=ORIENTED_EDGE('',*,*,#4545,.T.);
#5894=ORIENTED_EDGE('',*,*,#4546,.F.);
#5895=ORIENTED_EDGE('',*,*,#4547,.T.);
#5896=ORIENTED_EDGE('',*,*,#4548,.T.);
#5897=ORIENTED_EDGE('',*,*,#4549,.T.);
#5898=ORIENTED_EDGE('',*,*,#4550,.T.);
#5899=ORIENTED_EDGE('',*,*,#4551,.T.);
#5900=ORIENTED_EDGE('',*,*,#4552,.F.);
#5901=ORIENTED_EDGE('',*,*,#4553,.T.);
#5902=ORIENTED_EDGE('',*,*,#4554,.F.);
#5903=ORIENTED_EDGE('',*,*,#4555,.F.);
#5904=ORIENTED_EDGE('',*,*,#4556,.T.);
#5905=ORIENTED_EDGE('',*,*,#4557,.T.);
#5906=ORIENTED_EDGE('',*,*,#4558,.T.);
#5907=ORIENTED_EDGE('',*,*,#4559,.T.);
#5908=ORIENTED_EDGE('',*,*,#4560,.T.);
#5909=ORIENTED_EDGE('',*,*,#4561,.F.);
#5910=ORIENTED_EDGE('',*,*,#4562,.T.);
#5911=ORIENTED_EDGE('',*,*,#4563,.T.);
#5912=ORIENTED_EDGE('',*,*,#4564,.T.);
#5913=ORIENTED_EDGE('',*,*,#4565,.T.);
#5914=ORIENTED_EDGE('',*,*,#4566,.T.);
#5915=ORIENTED_EDGE('',*,*,#4567,.T.);
#5916=ORIENTED_EDGE('',*,*,#4568,.F.);
#5917=ORIENTED_EDGE('',*,*,#4569,.T.);
#5918=ORIENTED_EDGE('',*,*,#4570,.F.);
#5919=ORIENTED_EDGE('',*,*,#4571,.F.);
#5920=ORIENTED_EDGE('',*,*,#4572,.T.);
#5921=ORIENTED_EDGE('',*,*,#4573,.T.);
#5922=ORIENTED_EDGE('',*,*,#4574,.T.);
#5923=ORIENTED_EDGE('',*,*,#4575,.T.);
#5924=ORIENTED_EDGE('',*,*,#4576,.T.);
#5925=ORIENTED_EDGE('',*,*,#4577,.F.);
#5926=ORIENTED_EDGE('',*,*,#4578,.T.);
#5927=ORIENTED_EDGE('',*,*,#4579,.F.);
#5928=ORIENTED_EDGE('',*,*,#4580,.T.);
#5929=ORIENTED_EDGE('',*,*,#4581,.T.);
#5930=ORIENTED_EDGE('',*,*,#4582,.T.);
#5931=ORIENTED_EDGE('',*,*,#4583,.T.);
#5932=ORIENTED_EDGE('',*,*,#4584,.T.);
#5933=ORIENTED_EDGE('',*,*,#4585,.F.);
#5934=ORIENTED_EDGE('',*,*,#4586,.T.);
#5935=ORIENTED_EDGE('',*,*,#4587,.F.);
#5936=ORIENTED_EDGE('',*,*,#4588,.T.);
#5937=ORIENTED_EDGE('',*,*,#4589,.T.);
#5938=ORIENTED_EDGE('',*,*,#4590,.T.);
#5939=ORIENTED_EDGE('',*,*,#4591,.T.);
#5940=ORIENTED_EDGE('',*,*,#4592,.T.);
#5941=ORIENTED_EDGE('',*,*,#4593,.F.);
#5942=ORIENTED_EDGE('',*,*,#4594,.T.);
#5943=ORIENTED_EDGE('',*,*,#4595,.F.);
#5944=ORIENTED_EDGE('',*,*,#4596,.T.);
#5945=ORIENTED_EDGE('',*,*,#4597,.F.);
#5946=ORIENTED_EDGE('',*,*,#4598,.T.);
#5947=ORIENTED_EDGE('',*,*,#4599,.T.);
#5948=ORIENTED_EDGE('',*,*,#4600,.T.);
#5949=ORIENTED_EDGE('',*,*,#4601,.T.);
#5950=ORIENTED_EDGE('',*,*,#4602,.T.);
#5951=ORIENTED_EDGE('',*,*,#4603,.F.);
#5952=ORIENTED_EDGE('',*,*,#4604,.T.);
#5953=ORIENTED_EDGE('',*,*,#4605,.T.);
#5954=ORIENTED_EDGE('',*,*,#4606,.T.);
#5955=ORIENTED_EDGE('',*,*,#4607,.T.);
#5956=ORIENTED_EDGE('',*,*,#4608,.T.);
#5957=ORIENTED_EDGE('',*,*,#4609,.F.);
#5958=ORIENTED_EDGE('',*,*,#4610,.T.);
#5959=ORIENTED_EDGE('',*,*,#4611,.F.);
#5960=ORIENTED_EDGE('',*,*,#4612,.T.);
#5961=ORIENTED_EDGE('',*,*,#4613,.T.);
#5962=ORIENTED_EDGE('',*,*,#4614,.T.);
#5963=ORIENTED_EDGE('',*,*,#4615,.T.);
#5964=ORIENTED_EDGE('',*,*,#4616,.T.);
#5965=ORIENTED_EDGE('',*,*,#4617,.F.);
#5966=ORIENTED_EDGE('',*,*,#4618,.T.);
#5967=ORIENTED_EDGE('',*,*,#4619,.F.);
#5968=ORIENTED_EDGE('',*,*,#4620,.T.);
#5969=ORIENTED_EDGE('',*,*,#4621,.T.);
#5970=ORIENTED_EDGE('',*,*,#4622,.T.);
#5971=ORIENTED_EDGE('',*,*,#4623,.T.);
#5972=ORIENTED_EDGE('',*,*,#4624,.T.);
#5973=ORIENTED_EDGE('',*,*,#4625,.F.);
#5974=ORIENTED_EDGE('',*,*,#4626,.T.);
#5975=ORIENTED_EDGE('',*,*,#4627,.T.);
#5976=ORIENTED_EDGE('',*,*,#4628,.T.);
#5977=ORIENTED_EDGE('',*,*,#4629,.T.);
#5978=ORIENTED_EDGE('',*,*,#4630,.T.);
#5979=ORIENTED_EDGE('',*,*,#4631,.T.);
#5980=ORIENTED_EDGE('',*,*,#4632,.F.);
#5981=ORIENTED_EDGE('',*,*,#4633,.T.);
#5982=ORIENTED_EDGE('',*,*,#4634,.F.);
#5983=ORIENTED_EDGE('',*,*,#4635,.F.);
#5984=ORIENTED_EDGE('',*,*,#4636,.T.);
#5985=ORIENTED_EDGE('',*,*,#4637,.T.);
#5986=ORIENTED_EDGE('',*,*,#4638,.T.);
#5987=ORIENTED_EDGE('',*,*,#4639,.T.);
#5988=ORIENTED_EDGE('',*,*,#4640,.T.);
#5989=ORIENTED_EDGE('',*,*,#4641,.F.);
#5990=ORIENTED_EDGE('',*,*,#4642,.T.);
#5991=ORIENTED_EDGE('',*,*,#4643,.F.);
#5992=ORIENTED_EDGE('',*,*,#4644,.T.);
#5993=ORIENTED_EDGE('',*,*,#4645,.T.);
#5994=ORIENTED_EDGE('',*,*,#4646,.T.);
#5995=ORIENTED_EDGE('',*,*,#4647,.T.);
#5996=ORIENTED_EDGE('',*,*,#4648,.T.);
#5997=ORIENTED_EDGE('',*,*,#4649,.F.);
#5998=ORIENTED_EDGE('',*,*,#4650,.T.);
#5999=ORIENTED_EDGE('',*,*,#4651,.F.);
#6000=ORIENTED_EDGE('',*,*,#4652,.T.);
#6001=ORIENTED_EDGE('',*,*,#4653,.T.);
#6002=ORIENTED_EDGE('',*,*,#4654,.T.);
#6003=ORIENTED_EDGE('',*,*,#4655,.T.);
#6004=ORIENTED_EDGE('',*,*,#4656,.T.);
#6005=ORIENTED_EDGE('',*,*,#4657,.F.);
#6006=ORIENTED_EDGE('',*,*,#4658,.T.);
#6007=ORIENTED_EDGE('',*,*,#4659,.F.);
#6008=ORIENTED_EDGE('',*,*,#4660,.T.);
#6009=ORIENTED_EDGE('',*,*,#4661,.T.);
#6010=ORIENTED_EDGE('',*,*,#4662,.T.);
#6011=ORIENTED_EDGE('',*,*,#4663,.T.);
#6012=ORIENTED_EDGE('',*,*,#4664,.T.);
#6013=ORIENTED_EDGE('',*,*,#4665,.F.);
#6014=ORIENTED_EDGE('',*,*,#4666,.T.);
#6015=ORIENTED_EDGE('',*,*,#4667,.F.);
#6016=ORIENTED_EDGE('',*,*,#4668,.T.);
#6017=ORIENTED_EDGE('',*,*,#4669,.T.);
#6018=ORIENTED_EDGE('',*,*,#4670,.T.);
#6019=ORIENTED_EDGE('',*,*,#4671,.T.);
#6020=ORIENTED_EDGE('',*,*,#4672,.T.);
#6021=ORIENTED_EDGE('',*,*,#4673,.F.);
#6022=ORIENTED_EDGE('',*,*,#4674,.T.);
#6023=ORIENTED_EDGE('',*,*,#4675,.F.);
#6024=ORIENTED_EDGE('',*,*,#4676,.T.);
#6025=ORIENTED_EDGE('',*,*,#4677,.T.);
#6026=ORIENTED_EDGE('',*,*,#4678,.T.);
#6027=ORIENTED_EDGE('',*,*,#4679,.T.);
#6028=ORIENTED_EDGE('',*,*,#4680,.T.);
#6029=ORIENTED_EDGE('',*,*,#4681,.F.);
#6030=ORIENTED_EDGE('',*,*,#4682,.T.);
#6031=ORIENTED_EDGE('',*,*,#4683,.F.);
#6032=ORIENTED_EDGE('',*,*,#4684,.T.);
#6033=ORIENTED_EDGE('',*,*,#4685,.T.);
#6034=ORIENTED_EDGE('',*,*,#4686,.T.);
#6035=ORIENTED_EDGE('',*,*,#4687,.T.);
#6036=ORIENTED_EDGE('',*,*,#4688,.T.);
#6037=ORIENTED_EDGE('',*,*,#4689,.F.);
#6038=ORIENTED_EDGE('',*,*,#4690,.T.);
#6039=ORIENTED_EDGE('',*,*,#4217,.T.);
#6040=ORIENTED_EDGE('',*,*,#4214,.T.);
#6041=ORIENTED_EDGE('',*,*,#4211,.T.);
#6042=ORIENTED_EDGE('',*,*,#4208,.T.);
#6043=ORIENTED_EDGE('',*,*,#4205,.T.);
#6044=ORIENTED_EDGE('',*,*,#4202,.T.);
#6045=ORIENTED_EDGE('',*,*,#4199,.T.);
#6046=ORIENTED_EDGE('',*,*,#4196,.T.);
#6047=ORIENTED_EDGE('',*,*,#4193,.T.);
#6048=ORIENTED_EDGE('',*,*,#4190,.T.);
#6049=ORIENTED_EDGE('',*,*,#4187,.T.);
#6050=ORIENTED_EDGE('',*,*,#4184,.T.);
#6051=ORIENTED_EDGE('',*,*,#4181,.T.);
#6052=ORIENTED_EDGE('',*,*,#4178,.T.);
#6053=ORIENTED_EDGE('',*,*,#4175,.T.);
#6054=ORIENTED_EDGE('',*,*,#4172,.T.);
#6055=ORIENTED_EDGE('',*,*,#4169,.T.);
#6056=ORIENTED_EDGE('',*,*,#4262,.T.);
#6057=ORIENTED_EDGE('',*,*,#4259,.T.);
#6058=ORIENTED_EDGE('',*,*,#4256,.T.);
#6059=ORIENTED_EDGE('',*,*,#4253,.T.);
#6060=ORIENTED_EDGE('',*,*,#4250,.T.);
#6061=ORIENTED_EDGE('',*,*,#4247,.T.);
#6062=ORIENTED_EDGE('',*,*,#4244,.T.);
#6063=ORIENTED_EDGE('',*,*,#4241,.T.);
#6064=ORIENTED_EDGE('',*,*,#4238,.T.);
#6065=ORIENTED_EDGE('',*,*,#4235,.T.);
#6066=ORIENTED_EDGE('',*,*,#4232,.T.);
#6067=ORIENTED_EDGE('',*,*,#4229,.T.);
#6068=ORIENTED_EDGE('',*,*,#4226,.T.);
#6069=ORIENTED_EDGE('',*,*,#4223,.T.);
#6070=ORIENTED_EDGE('',*,*,#4220,.T.);
#6071=ORIENTED_EDGE('',*,*,#4299,.T.);
#6072=ORIENTED_EDGE('',*,*,#4302,.F.);
#6073=ORIENTED_EDGE('',*,*,#4305,.T.);
#6074=ORIENTED_EDGE('',*,*,#4691,.T.);
#6075=ORIENTED_EDGE('',*,*,#4692,.T.);
#6076=ORIENTED_EDGE('',*,*,#4693,.T.);
#6077=ORIENTED_EDGE('',*,*,#4315,.T.);
#6078=ORIENTED_EDGE('',*,*,#4295,.F.);
#6079=ORIENTED_EDGE('',*,*,#4326,.T.);
#6080=ORIENTED_EDGE('',*,*,#4694,.T.);
#6081=ORIENTED_EDGE('',*,*,#4695,.T.);
#6082=ORIENTED_EDGE('',*,*,#4696,.T.);
#6083=ORIENTED_EDGE('',*,*,#4312,.T.);
#6084=ORIENTED_EDGE('',*,*,#4285,.F.);
#6085=ORIENTED_EDGE('',*,*,#4289,.T.);
#6086=ORIENTED_EDGE('',*,*,#4290,.F.);
#6087=ORIENTED_EDGE('',*,*,#4323,.T.);
#6088=ORIENTED_EDGE('',*,*,#4697,.T.);
#6089=ORIENTED_EDGE('',*,*,#4698,.T.);
#6090=ORIENTED_EDGE('',*,*,#4699,.T.);
#6091=ORIENTED_EDGE('',*,*,#4309,.T.);
#6092=ORIENTED_EDGE('',*,*,#4275,.F.);
#6093=ORIENTED_EDGE('',*,*,#4279,.T.);
#6094=ORIENTED_EDGE('',*,*,#4280,.F.);
#6095=ORIENTED_EDGE('',*,*,#4320,.T.);
#6096=ORIENTED_EDGE('',*,*,#4700,.T.);
#6097=ORIENTED_EDGE('',*,*,#4701,.T.);
#6098=ORIENTED_EDGE('',*,*,#4702,.T.);
#6099=ORIENTED_EDGE('',*,*,#4306,.T.);
#6100=ORIENTED_EDGE('',*,*,#4265,.F.);
#6101=ORIENTED_EDGE('',*,*,#4269,.T.);
#6102=ORIENTED_EDGE('',*,*,#4270,.F.);
#6103=ORIENTED_EDGE('',*,*,#4703,.T.);
#6104=ORIENTED_EDGE('',*,*,#4704,.T.);
#6105=ORIENTED_EDGE('',*,*,#4705,.T.);
#6106=ORIENTED_EDGE('',*,*,#4706,.T.);
#6107=ORIENTED_EDGE('',*,*,#4707,.T.);
#6108=ORIENTED_EDGE('',*,*,#4708,.T.);
#6109=ORIENTED_EDGE('',*,*,#4709,.T.);
#6110=ORIENTED_EDGE('',*,*,#4710,.T.);
#6111=ORIENTED_EDGE('',*,*,#4711,.T.);
#6112=ORIENTED_EDGE('',*,*,#4712,.T.);
#6113=ORIENTED_EDGE('',*,*,#4713,.T.);
#6114=ORIENTED_EDGE('',*,*,#4714,.T.);
#6115=ORIENTED_EDGE('',*,*,#4715,.T.);
#6116=ORIENTED_EDGE('',*,*,#4716,.T.);
#6117=ORIENTED_EDGE('',*,*,#4717,.T.);
#6118=ORIENTED_EDGE('',*,*,#4718,.T.);
#6119=ORIENTED_EDGE('',*,*,#4719,.T.);
#6120=ORIENTED_EDGE('',*,*,#4720,.T.);
#6121=ORIENTED_EDGE('',*,*,#4721,.T.);
#6122=ORIENTED_EDGE('',*,*,#4722,.T.);
#6123=ORIENTED_EDGE('',*,*,#4723,.T.);
#6124=ORIENTED_EDGE('',*,*,#4724,.T.);
#6125=ORIENTED_EDGE('',*,*,#4725,.T.);
#6126=ORIENTED_EDGE('',*,*,#4726,.T.);
#6127=ORIENTED_EDGE('',*,*,#4727,.T.);
#6128=ORIENTED_EDGE('',*,*,#4728,.T.);
#6129=ORIENTED_EDGE('',*,*,#4729,.T.);
#6130=ORIENTED_EDGE('',*,*,#4730,.T.);
#6131=ORIENTED_EDGE('',*,*,#4731,.T.);
#6132=ORIENTED_EDGE('',*,*,#4732,.T.);
#6133=ORIENTED_EDGE('',*,*,#4733,.T.);
#6134=ORIENTED_EDGE('',*,*,#4734,.T.);
#6135=ORIENTED_EDGE('',*,*,#4735,.T.);
#6136=ORIENTED_EDGE('',*,*,#4736,.T.);
#6137=ORIENTED_EDGE('',*,*,#4737,.T.);
#6138=ORIENTED_EDGE('',*,*,#4738,.T.);
#6139=ORIENTED_EDGE('',*,*,#4739,.T.);
#6140=ORIENTED_EDGE('',*,*,#4740,.T.);
#6141=ORIENTED_EDGE('',*,*,#4741,.T.);
#6142=ORIENTED_EDGE('',*,*,#4742,.T.);
#6143=ORIENTED_EDGE('',*,*,#4743,.T.);
#6144=ORIENTED_EDGE('',*,*,#4744,.T.);
#6145=ORIENTED_EDGE('',*,*,#4745,.T.);
#6146=ORIENTED_EDGE('',*,*,#4746,.T.);
#6147=ORIENTED_EDGE('',*,*,#4747,.T.);
#6148=ORIENTED_EDGE('',*,*,#4748,.T.);
#6149=ORIENTED_EDGE('',*,*,#4749,.T.);
#6150=ORIENTED_EDGE('',*,*,#4750,.T.);
#6151=ORIENTED_EDGE('',*,*,#4751,.T.);
#6152=ORIENTED_EDGE('',*,*,#4752,.T.);
#6153=ORIENTED_EDGE('',*,*,#4753,.T.);
#6154=ORIENTED_EDGE('',*,*,#4754,.T.);
#6155=ORIENTED_EDGE('',*,*,#4755,.T.);
#6156=ORIENTED_EDGE('',*,*,#4756,.T.);
#6157=ORIENTED_EDGE('',*,*,#4757,.T.);
#6158=ORIENTED_EDGE('',*,*,#4758,.T.);
#6159=ORIENTED_EDGE('',*,*,#4759,.T.);
#6160=ORIENTED_EDGE('',*,*,#4760,.T.);
#6161=ORIENTED_EDGE('',*,*,#4761,.T.);
#6162=ORIENTED_EDGE('',*,*,#4762,.T.);
#6163=ORIENTED_EDGE('',*,*,#4763,.T.);
#6164=ORIENTED_EDGE('',*,*,#4764,.T.);
#6165=ORIENTED_EDGE('',*,*,#4765,.T.);
#6166=ORIENTED_EDGE('',*,*,#4766,.T.);
#6167=ORIENTED_EDGE('',*,*,#4767,.T.);
#6168=ORIENTED_EDGE('',*,*,#4768,.T.);
#6169=ORIENTED_EDGE('',*,*,#4769,.T.);
#6170=ORIENTED_EDGE('',*,*,#4770,.T.);
#6171=ORIENTED_EDGE('',*,*,#4771,.T.);
#6172=ORIENTED_EDGE('',*,*,#4772,.T.);
#6173=ORIENTED_EDGE('',*,*,#4773,.T.);
#6174=ORIENTED_EDGE('',*,*,#4774,.T.);
#6175=ORIENTED_EDGE('',*,*,#4775,.T.);
#6176=ORIENTED_EDGE('',*,*,#4776,.T.);
#6177=ORIENTED_EDGE('',*,*,#4777,.T.);
#6178=ORIENTED_EDGE('',*,*,#4778,.T.);
#6179=ORIENTED_EDGE('',*,*,#4779,.T.);
#6180=ORIENTED_EDGE('',*,*,#4780,.T.);
#6181=ORIENTED_EDGE('',*,*,#4781,.T.);
#6182=ORIENTED_EDGE('',*,*,#4782,.T.);
#6183=ORIENTED_EDGE('',*,*,#4783,.T.);
#6184=ORIENTED_EDGE('',*,*,#4784,.T.);
#6185=ORIENTED_EDGE('',*,*,#4785,.T.);
#6186=ORIENTED_EDGE('',*,*,#4786,.T.);
#6187=ORIENTED_EDGE('',*,*,#4787,.T.);
#6188=ORIENTED_EDGE('',*,*,#4788,.T.);
#6189=ORIENTED_EDGE('',*,*,#4789,.T.);
#6190=ORIENTED_EDGE('',*,*,#4790,.T.);
#6191=ORIENTED_EDGE('',*,*,#4791,.T.);
#6192=ORIENTED_EDGE('',*,*,#4792,.T.);
#6193=ORIENTED_EDGE('',*,*,#4793,.T.);
#6194=ORIENTED_EDGE('',*,*,#4794,.T.);
#6195=ORIENTED_EDGE('',*,*,#4795,.T.);
#6196=ORIENTED_EDGE('',*,*,#4796,.T.);
#6197=ORIENTED_EDGE('',*,*,#4797,.T.);
#6198=ORIENTED_EDGE('',*,*,#4798,.T.);
#6199=ORIENTED_EDGE('',*,*,#4799,.T.);
#6200=ORIENTED_EDGE('',*,*,#4800,.T.);
#6201=ORIENTED_EDGE('',*,*,#4801,.T.);
#6202=ORIENTED_EDGE('',*,*,#4802,.T.);
#6203=ORIENTED_EDGE('',*,*,#4803,.T.);
#6204=ORIENTED_EDGE('',*,*,#4804,.T.);
#6205=ORIENTED_EDGE('',*,*,#4805,.T.);
#6206=ORIENTED_EDGE('',*,*,#4806,.T.);
#6207=ORIENTED_EDGE('',*,*,#4807,.T.);
#6208=ORIENTED_EDGE('',*,*,#4808,.T.);
#6209=ORIENTED_EDGE('',*,*,#4809,.T.);
#6210=ORIENTED_EDGE('',*,*,#4810,.T.);
#6211=ORIENTED_EDGE('',*,*,#4811,.T.);
#6212=ORIENTED_EDGE('',*,*,#4812,.T.);
#6213=ORIENTED_EDGE('',*,*,#4813,.T.);
#6214=ORIENTED_EDGE('',*,*,#4814,.T.);
#6215=ORIENTED_EDGE('',*,*,#4815,.T.);
#6216=ORIENTED_EDGE('',*,*,#4816,.T.);
#6217=ORIENTED_EDGE('',*,*,#4817,.T.);
#6218=ORIENTED_EDGE('',*,*,#4818,.T.);
#6219=ORIENTED_EDGE('',*,*,#4819,.T.);
#6220=ORIENTED_EDGE('',*,*,#4820,.T.);
#6221=ORIENTED_EDGE('',*,*,#4821,.T.);
#6222=ORIENTED_EDGE('',*,*,#4822,.T.);
#6223=ORIENTED_EDGE('',*,*,#4823,.T.);
#6224=ORIENTED_EDGE('',*,*,#4824,.T.);
#6225=ORIENTED_EDGE('',*,*,#4825,.T.);
#6226=ORIENTED_EDGE('',*,*,#4826,.T.);
#6227=ORIENTED_EDGE('',*,*,#4827,.T.);
#6228=ORIENTED_EDGE('',*,*,#4828,.T.);
#6229=ORIENTED_EDGE('',*,*,#4829,.T.);
#6230=ORIENTED_EDGE('',*,*,#4830,.T.);
#6231=ORIENTED_EDGE('',*,*,#4831,.T.);
#6232=ORIENTED_EDGE('',*,*,#4832,.T.);
#6233=ORIENTED_EDGE('',*,*,#4833,.T.);
#6234=ORIENTED_EDGE('',*,*,#4834,.T.);
#6235=ORIENTED_EDGE('',*,*,#4835,.T.);
#6236=ORIENTED_EDGE('',*,*,#4836,.T.);
#6237=ORIENTED_EDGE('',*,*,#4837,.T.);
#6238=ORIENTED_EDGE('',*,*,#4838,.T.);
#6239=ORIENTED_EDGE('',*,*,#4839,.T.);
#6240=ORIENTED_EDGE('',*,*,#4840,.T.);
#6241=ORIENTED_EDGE('',*,*,#4841,.T.);
#6242=ORIENTED_EDGE('',*,*,#4842,.T.);
#6243=ORIENTED_EDGE('',*,*,#4843,.T.);
#6244=ORIENTED_EDGE('',*,*,#4844,.T.);
#6245=ORIENTED_EDGE('',*,*,#4845,.T.);
#6246=ORIENTED_EDGE('',*,*,#4846,.T.);
#6247=ORIENTED_EDGE('',*,*,#4847,.T.);
#6248=ORIENTED_EDGE('',*,*,#4848,.T.);
#6249=ORIENTED_EDGE('',*,*,#4849,.T.);
#6250=ORIENTED_EDGE('',*,*,#4850,.T.);
#6251=ORIENTED_EDGE('',*,*,#4851,.T.);
#6252=ORIENTED_EDGE('',*,*,#4852,.T.);
#6253=ORIENTED_EDGE('',*,*,#4853,.T.);
#6254=ORIENTED_EDGE('',*,*,#4854,.T.);
#6255=ORIENTED_EDGE('',*,*,#4855,.T.);
#6256=ORIENTED_EDGE('',*,*,#4856,.T.);
#6257=ORIENTED_EDGE('',*,*,#4857,.T.);
#6258=ORIENTED_EDGE('',*,*,#4858,.T.);
#6259=ORIENTED_EDGE('',*,*,#4859,.T.);
#6260=ORIENTED_EDGE('',*,*,#4860,.T.);
#6261=ORIENTED_EDGE('',*,*,#4861,.T.);
#6262=ORIENTED_EDGE('',*,*,#4862,.T.);
#6263=ORIENTED_EDGE('',*,*,#4863,.T.);
#6264=ORIENTED_EDGE('',*,*,#4864,.T.);
#6265=ORIENTED_EDGE('',*,*,#4865,.T.);
#6266=ORIENTED_EDGE('',*,*,#4866,.T.);
#6267=ORIENTED_EDGE('',*,*,#4867,.T.);
#6268=ORIENTED_EDGE('',*,*,#4868,.T.);
#6269=ORIENTED_EDGE('',*,*,#4869,.T.);
#6270=ORIENTED_EDGE('',*,*,#4870,.T.);
#6271=ORIENTED_EDGE('',*,*,#4871,.T.);
#6272=ORIENTED_EDGE('',*,*,#4872,.T.);
#6273=ORIENTED_EDGE('',*,*,#4873,.T.);
#6274=ORIENTED_EDGE('',*,*,#4874,.T.);
#6275=ORIENTED_EDGE('',*,*,#4875,.T.);
#6276=ORIENTED_EDGE('',*,*,#4876,.T.);
#6277=ORIENTED_EDGE('',*,*,#4877,.T.);
#6278=ORIENTED_EDGE('',*,*,#4878,.T.);
#6279=ORIENTED_EDGE('',*,*,#4879,.T.);
#6280=ORIENTED_EDGE('',*,*,#4880,.T.);
#6281=ORIENTED_EDGE('',*,*,#4881,.T.);
#6282=ORIENTED_EDGE('',*,*,#4882,.T.);
#6283=ORIENTED_EDGE('',*,*,#4883,.T.);
#6284=ORIENTED_EDGE('',*,*,#4884,.T.);
#6285=ORIENTED_EDGE('',*,*,#4885,.T.);
#6286=ORIENTED_EDGE('',*,*,#4886,.T.);
#6287=ORIENTED_EDGE('',*,*,#4887,.T.);
#6288=ORIENTED_EDGE('',*,*,#4888,.T.);
#6289=ORIENTED_EDGE('',*,*,#4889,.T.);
#6290=ORIENTED_EDGE('',*,*,#4890,.T.);
#6291=ORIENTED_EDGE('',*,*,#4891,.T.);
#6292=ORIENTED_EDGE('',*,*,#4892,.T.);
#6293=ORIENTED_EDGE('',*,*,#4893,.T.);
#6294=ORIENTED_EDGE('',*,*,#4894,.T.);
#6295=ORIENTED_EDGE('',*,*,#4895,.T.);
#6296=ORIENTED_EDGE('',*,*,#4896,.T.);
#6297=ORIENTED_EDGE('',*,*,#4897,.T.);
#6298=ORIENTED_EDGE('',*,*,#4898,.T.);
#6299=ORIENTED_EDGE('',*,*,#4899,.T.);
#6300=ORIENTED_EDGE('',*,*,#4900,.T.);
#6301=ORIENTED_EDGE('',*,*,#4901,.T.);
#6302=ORIENTED_EDGE('',*,*,#4902,.T.);
#6303=ORIENTED_EDGE('',*,*,#4903,.T.);
#6304=ORIENTED_EDGE('',*,*,#4904,.T.);
#6305=ORIENTED_EDGE('',*,*,#4905,.T.);
#6306=ORIENTED_EDGE('',*,*,#4906,.T.);
#6307=ORIENTED_EDGE('',*,*,#4907,.T.);
#6308=ORIENTED_EDGE('',*,*,#4908,.T.);
#6309=ORIENTED_EDGE('',*,*,#4909,.T.);
#6310=ORIENTED_EDGE('',*,*,#4910,.T.);
#6311=ORIENTED_EDGE('',*,*,#4911,.T.);
#6312=ORIENTED_EDGE('',*,*,#4912,.T.);
#6313=ORIENTED_EDGE('',*,*,#4913,.T.);
#6314=ORIENTED_EDGE('',*,*,#4914,.T.);
#6315=ORIENTED_EDGE('',*,*,#4915,.T.);
#6316=ORIENTED_EDGE('',*,*,#4916,.T.);
#6317=ORIENTED_EDGE('',*,*,#4917,.T.);
#6318=ORIENTED_EDGE('',*,*,#4918,.T.);
#6319=ORIENTED_EDGE('',*,*,#4919,.T.);
#6320=ORIENTED_EDGE('',*,*,#4920,.T.);
#6321=ORIENTED_EDGE('',*,*,#4921,.T.);
#6322=ORIENTED_EDGE('',*,*,#4922,.T.);
#6323=ORIENTED_EDGE('',*,*,#4923,.T.);
#6324=ORIENTED_EDGE('',*,*,#4924,.T.);
#6325=ORIENTED_EDGE('',*,*,#4925,.T.);
#6326=ORIENTED_EDGE('',*,*,#4926,.T.);
#6327=ORIENTED_EDGE('',*,*,#4927,.T.);
#6328=ORIENTED_EDGE('',*,*,#4928,.T.);
#6329=ORIENTED_EDGE('',*,*,#4929,.T.);
#6330=ORIENTED_EDGE('',*,*,#4930,.T.);
#6331=ORIENTED_EDGE('',*,*,#4931,.T.);
#6332=ORIENTED_EDGE('',*,*,#4932,.T.);
#6333=ORIENTED_EDGE('',*,*,#4933,.T.);
#6334=ORIENTED_EDGE('',*,*,#4934,.T.);
#6335=ORIENTED_EDGE('',*,*,#4935,.T.);
#6336=ORIENTED_EDGE('',*,*,#4936,.T.);
#6337=ORIENTED_EDGE('',*,*,#4937,.T.);
#6338=ORIENTED_EDGE('',*,*,#4938,.T.);
#6339=ORIENTED_EDGE('',*,*,#4939,.T.);
#6340=ORIENTED_EDGE('',*,*,#4940,.T.);
#6341=ORIENTED_EDGE('',*,*,#4941,.T.);
#6342=ORIENTED_EDGE('',*,*,#4942,.T.);
#6343=ORIENTED_EDGE('',*,*,#4943,.T.);
#6344=ORIENTED_EDGE('',*,*,#4944,.T.);
#6345=ORIENTED_EDGE('',*,*,#4945,.T.);
#6346=ORIENTED_EDGE('',*,*,#4946,.T.);
#6347=ORIENTED_EDGE('',*,*,#4947,.T.);
#6348=ORIENTED_EDGE('',*,*,#4948,.T.);
#6349=ORIENTED_EDGE('',*,*,#4949,.T.);
#6350=ORIENTED_EDGE('',*,*,#4950,.T.);
#6351=ORIENTED_EDGE('',*,*,#4951,.T.);
#6352=ORIENTED_EDGE('',*,*,#4952,.T.);
#6353=ORIENTED_EDGE('',*,*,#4953,.T.);
#6354=ORIENTED_EDGE('',*,*,#4954,.T.);
#6355=ORIENTED_EDGE('',*,*,#4955,.T.);
#6356=ORIENTED_EDGE('',*,*,#4956,.T.);
#6357=ORIENTED_EDGE('',*,*,#4957,.T.);
#6358=ORIENTED_EDGE('',*,*,#4958,.T.);
#6359=ORIENTED_EDGE('',*,*,#4959,.T.);
#6360=ORIENTED_EDGE('',*,*,#4960,.T.);
#6361=ORIENTED_EDGE('',*,*,#4961,.T.);
#6362=ORIENTED_EDGE('',*,*,#4962,.T.);
#6363=ORIENTED_EDGE('',*,*,#4963,.T.);
#6364=ORIENTED_EDGE('',*,*,#4964,.T.);
#6365=ORIENTED_EDGE('',*,*,#4965,.T.);
#6366=ORIENTED_EDGE('',*,*,#4966,.T.);
#6367=ORIENTED_EDGE('',*,*,#4967,.T.);
#6368=ORIENTED_EDGE('',*,*,#4968,.T.);
#6369=ORIENTED_EDGE('',*,*,#4969,.T.);
#6370=ORIENTED_EDGE('',*,*,#4970,.T.);
#6371=ORIENTED_EDGE('',*,*,#4971,.T.);
#6372=ORIENTED_EDGE('',*,*,#4972,.T.);
#6373=ORIENTED_EDGE('',*,*,#4973,.T.);
#6374=ORIENTED_EDGE('',*,*,#4974,.T.);
#6375=ORIENTED_EDGE('',*,*,#4975,.T.);
#6376=ORIENTED_EDGE('',*,*,#4976,.T.);
#6377=ORIENTED_EDGE('',*,*,#4977,.T.);
#6378=ORIENTED_EDGE('',*,*,#4978,.T.);
#6379=ORIENTED_EDGE('',*,*,#4979,.T.);
#6380=ORIENTED_EDGE('',*,*,#4980,.T.);
#6381=ORIENTED_EDGE('',*,*,#4981,.T.);
#6382=ORIENTED_EDGE('',*,*,#4982,.T.);
#6383=ORIENTED_EDGE('',*,*,#4983,.T.);
#6384=ORIENTED_EDGE('',*,*,#4984,.T.);
#6385=ORIENTED_EDGE('',*,*,#4985,.T.);
#6386=ORIENTED_EDGE('',*,*,#4986,.T.);
#6387=ORIENTED_EDGE('',*,*,#4987,.T.);
#6388=ORIENTED_EDGE('',*,*,#4988,.T.);
#6389=ORIENTED_EDGE('',*,*,#4989,.T.);
#6390=ORIENTED_EDGE('',*,*,#4990,.T.);
#6391=ORIENTED_EDGE('',*,*,#4991,.T.);
#6392=ORIENTED_EDGE('',*,*,#4992,.T.);
#6393=ORIENTED_EDGE('',*,*,#4993,.T.);
#6394=ORIENTED_EDGE('',*,*,#4994,.T.);
#6395=ORIENTED_EDGE('',*,*,#4995,.T.);
#6396=ORIENTED_EDGE('',*,*,#4996,.T.);
#6397=ORIENTED_EDGE('',*,*,#4997,.T.);
#6398=ORIENTED_EDGE('',*,*,#4998,.T.);
#6399=ORIENTED_EDGE('',*,*,#4999,.T.);
#6400=ORIENTED_EDGE('',*,*,#5000,.T.);
#6401=ORIENTED_EDGE('',*,*,#5001,.T.);
#6402=ORIENTED_EDGE('',*,*,#5002,.T.);
#6403=ORIENTED_EDGE('',*,*,#5003,.T.);
#6404=ORIENTED_EDGE('',*,*,#5004,.T.);
#6405=ORIENTED_EDGE('',*,*,#5005,.T.);
#6406=ORIENTED_EDGE('',*,*,#5006,.T.);
#6407=ORIENTED_EDGE('',*,*,#5007,.T.);
#6408=ORIENTED_EDGE('',*,*,#5008,.T.);
#6409=ORIENTED_EDGE('',*,*,#5009,.T.);
#6410=ORIENTED_EDGE('',*,*,#5010,.T.);
#6411=ORIENTED_EDGE('',*,*,#5011,.T.);
#6412=ORIENTED_EDGE('',*,*,#5012,.T.);
#6413=ORIENTED_EDGE('',*,*,#5013,.T.);
#6414=ORIENTED_EDGE('',*,*,#5014,.T.);
#6415=ORIENTED_EDGE('',*,*,#5015,.T.);
#6416=ORIENTED_EDGE('',*,*,#5016,.T.);
#6417=ORIENTED_EDGE('',*,*,#5017,.T.);
#6418=ORIENTED_EDGE('',*,*,#5018,.T.);
#6419=ORIENTED_EDGE('',*,*,#5019,.T.);
#6420=ORIENTED_EDGE('',*,*,#5020,.T.);
#6421=ORIENTED_EDGE('',*,*,#5021,.T.);
#6422=ORIENTED_EDGE('',*,*,#5022,.T.);
#6423=ORIENTED_EDGE('',*,*,#5023,.T.);
#6424=ORIENTED_EDGE('',*,*,#5024,.T.);
#6425=ORIENTED_EDGE('',*,*,#5025,.T.);
#6426=ORIENTED_EDGE('',*,*,#5026,.T.);
#6427=ORIENTED_EDGE('',*,*,#5027,.T.);
#6428=ORIENTED_EDGE('',*,*,#5028,.T.);
#6429=ORIENTED_EDGE('',*,*,#5029,.T.);
#6430=ORIENTED_EDGE('',*,*,#5030,.T.);
#6431=ORIENTED_EDGE('',*,*,#5031,.T.);
#6432=ORIENTED_EDGE('',*,*,#5032,.T.);
#6433=ORIENTED_EDGE('',*,*,#5033,.T.);
#6434=ORIENTED_EDGE('',*,*,#5034,.T.);
#6435=ORIENTED_EDGE('',*,*,#5035,.T.);
#6436=ORIENTED_EDGE('',*,*,#5036,.T.);
#6437=ORIENTED_EDGE('',*,*,#5037,.T.);
#6438=ORIENTED_EDGE('',*,*,#5038,.T.);
#6439=ORIENTED_EDGE('',*,*,#5039,.T.);
#6440=ORIENTED_EDGE('',*,*,#5040,.T.);
#6441=ORIENTED_EDGE('',*,*,#5041,.T.);
#6442=ORIENTED_EDGE('',*,*,#5042,.T.);
#6443=ORIENTED_EDGE('',*,*,#5043,.T.);
#6444=ORIENTED_EDGE('',*,*,#5044,.T.);
#6445=ORIENTED_EDGE('',*,*,#5045,.T.);
#6446=ORIENTED_EDGE('',*,*,#5046,.T.);
#6447=ORIENTED_EDGE('',*,*,#5047,.T.);
#6448=ORIENTED_EDGE('',*,*,#5048,.T.);
#6449=ORIENTED_EDGE('',*,*,#5049,.T.);
#6450=ORIENTED_EDGE('',*,*,#5050,.T.);
#6451=ORIENTED_EDGE('',*,*,#5051,.T.);
#6452=ORIENTED_EDGE('',*,*,#5052,.T.);
#6453=ORIENTED_EDGE('',*,*,#5053,.T.);
#6454=ORIENTED_EDGE('',*,*,#5054,.T.);
#6455=ORIENTED_EDGE('',*,*,#4338,.F.);
#6456=ORIENTED_EDGE('',*,*,#5055,.T.);
#6457=ORIENTED_EDGE('',*,*,#4691,.F.);
#6458=ORIENTED_EDGE('',*,*,#4304,.F.);
#6459=ORIENTED_EDGE('',*,*,#4336,.F.);
#6460=ORIENTED_EDGE('',*,*,#4316,.T.);
#6461=ORIENTED_EDGE('',*,*,#4693,.F.);
#6462=ORIENTED_EDGE('',*,*,#5056,.F.);
#6463=ORIENTED_EDGE('',*,*,#4337,.T.);
#6464=ORIENTED_EDGE('',*,*,#5056,.T.);
#6465=ORIENTED_EDGE('',*,*,#4692,.F.);
#6466=ORIENTED_EDGE('',*,*,#5055,.F.);
#6467=ORIENTED_EDGE('',*,*,#4327,.F.);
#6468=ORIENTED_EDGE('',*,*,#4313,.T.);
#6469=ORIENTED_EDGE('',*,*,#4696,.F.);
#6470=ORIENTED_EDGE('',*,*,#5057,.F.);
#6471=ORIENTED_EDGE('',*,*,#4328,.F.);
#6472=ORIENTED_EDGE('',*,*,#5057,.T.);
#6473=ORIENTED_EDGE('',*,*,#4695,.F.);
#6474=ORIENTED_EDGE('',*,*,#5058,.F.);
#6475=ORIENTED_EDGE('',*,*,#4329,.F.);
#6476=ORIENTED_EDGE('',*,*,#5058,.T.);
#6477=ORIENTED_EDGE('',*,*,#4694,.F.);
#6478=ORIENTED_EDGE('',*,*,#4325,.F.);
#6479=ORIENTED_EDGE('',*,*,#4333,.F.);
#6480=ORIENTED_EDGE('',*,*,#4307,.T.);
#6481=ORIENTED_EDGE('',*,*,#4702,.F.);
#6482=ORIENTED_EDGE('',*,*,#5059,.F.);
#6483=ORIENTED_EDGE('',*,*,#4334,.T.);
#6484=ORIENTED_EDGE('',*,*,#5059,.T.);
#6485=ORIENTED_EDGE('',*,*,#4701,.F.);
#6486=ORIENTED_EDGE('',*,*,#5060,.F.);
#6487=ORIENTED_EDGE('',*,*,#4335,.F.);
#6488=ORIENTED_EDGE('',*,*,#5060,.T.);
#6489=ORIENTED_EDGE('',*,*,#4700,.F.);
#6490=ORIENTED_EDGE('',*,*,#4319,.F.);
#6491=ORIENTED_EDGE('',*,*,#4330,.F.);
#6492=ORIENTED_EDGE('',*,*,#4310,.T.);
#6493=ORIENTED_EDGE('',*,*,#4699,.F.);
#6494=ORIENTED_EDGE('',*,*,#5061,.F.);
#6495=ORIENTED_EDGE('',*,*,#4331,.F.);
#6496=ORIENTED_EDGE('',*,*,#5061,.T.);
#6497=ORIENTED_EDGE('',*,*,#4698,.F.);
#6498=ORIENTED_EDGE('',*,*,#5062,.F.);
#6499=ORIENTED_EDGE('',*,*,#4332,.F.);
#6500=ORIENTED_EDGE('',*,*,#5062,.T.);
#6501=ORIENTED_EDGE('',*,*,#4697,.F.);
#6502=ORIENTED_EDGE('',*,*,#4322,.F.);
#6503=ORIENTED_EDGE('',*,*,#4684,.F.);
#6504=ORIENTED_EDGE('',*,*,#5063,.T.);
#6505=ORIENTED_EDGE('',*,*,#4710,.F.);
#6506=ORIENTED_EDGE('',*,*,#5064,.F.);
#6507=ORIENTED_EDGE('',*,*,#4685,.F.);
#6508=ORIENTED_EDGE('',*,*,#5064,.T.);
#6509=ORIENTED_EDGE('',*,*,#4709,.F.);
#6510=ORIENTED_EDGE('',*,*,#5065,.F.);
#6511=ORIENTED_EDGE('',*,*,#4686,.F.);
#6512=ORIENTED_EDGE('',*,*,#5065,.T.);
#6513=ORIENTED_EDGE('',*,*,#4708,.F.);
#6514=ORIENTED_EDGE('',*,*,#5066,.F.);
#6515=ORIENTED_EDGE('',*,*,#4687,.F.);
#6516=ORIENTED_EDGE('',*,*,#5066,.T.);
#6517=ORIENTED_EDGE('',*,*,#4707,.F.);
#6518=ORIENTED_EDGE('',*,*,#5067,.F.);
#6519=ORIENTED_EDGE('',*,*,#4688,.F.);
#6520=ORIENTED_EDGE('',*,*,#5067,.T.);
#6521=ORIENTED_EDGE('',*,*,#4706,.F.);
#6522=ORIENTED_EDGE('',*,*,#5068,.F.);
#6523=ORIENTED_EDGE('',*,*,#4689,.T.);
#6524=ORIENTED_EDGE('',*,*,#5068,.T.);
#6525=ORIENTED_EDGE('',*,*,#4705,.F.);
#6526=ORIENTED_EDGE('',*,*,#5069,.F.);
#6527=ORIENTED_EDGE('',*,*,#4690,.F.);
#6528=ORIENTED_EDGE('',*,*,#5069,.T.);
#6529=ORIENTED_EDGE('',*,*,#4704,.F.);
#6530=ORIENTED_EDGE('',*,*,#5070,.F.);
#6531=ORIENTED_EDGE('',*,*,#4683,.T.);
#6532=ORIENTED_EDGE('',*,*,#5070,.T.);
#6533=ORIENTED_EDGE('',*,*,#4703,.F.);
#6534=ORIENTED_EDGE('',*,*,#5063,.F.);
#6535=ORIENTED_EDGE('',*,*,#4676,.F.);
#6536=ORIENTED_EDGE('',*,*,#5071,.T.);
#6537=ORIENTED_EDGE('',*,*,#4718,.F.);
#6538=ORIENTED_EDGE('',*,*,#5072,.F.);
#6539=ORIENTED_EDGE('',*,*,#4677,.F.);
#6540=ORIENTED_EDGE('',*,*,#5072,.T.);
#6541=ORIENTED_EDGE('',*,*,#4717,.F.);
#6542=ORIENTED_EDGE('',*,*,#5073,.F.);
#6543=ORIENTED_EDGE('',*,*,#4678,.F.);
#6544=ORIENTED_EDGE('',*,*,#5073,.T.);
#6545=ORIENTED_EDGE('',*,*,#4716,.F.);
#6546=ORIENTED_EDGE('',*,*,#5074,.F.);
#6547=ORIENTED_EDGE('',*,*,#4679,.F.);
#6548=ORIENTED_EDGE('',*,*,#5074,.T.);
#6549=ORIENTED_EDGE('',*,*,#4715,.F.);
#6550=ORIENTED_EDGE('',*,*,#5075,.F.);
#6551=ORIENTED_EDGE('',*,*,#4680,.F.);
#6552=ORIENTED_EDGE('',*,*,#5075,.T.);
#6553=ORIENTED_EDGE('',*,*,#4714,.F.);
#6554=ORIENTED_EDGE('',*,*,#5076,.F.);
#6555=ORIENTED_EDGE('',*,*,#4681,.T.);
#6556=ORIENTED_EDGE('',*,*,#5076,.T.);
#6557=ORIENTED_EDGE('',*,*,#4713,.F.);
#6558=ORIENTED_EDGE('',*,*,#5077,.F.);
#6559=ORIENTED_EDGE('',*,*,#4682,.F.);
#6560=ORIENTED_EDGE('',*,*,#5077,.T.);
#6561=ORIENTED_EDGE('',*,*,#4712,.F.);
#6562=ORIENTED_EDGE('',*,*,#5078,.F.);
#6563=ORIENTED_EDGE('',*,*,#4675,.T.);
#6564=ORIENTED_EDGE('',*,*,#5078,.T.);
#6565=ORIENTED_EDGE('',*,*,#4711,.F.);
#6566=ORIENTED_EDGE('',*,*,#5071,.F.);
#6567=ORIENTED_EDGE('',*,*,#4668,.F.);
#6568=ORIENTED_EDGE('',*,*,#5079,.T.);
#6569=ORIENTED_EDGE('',*,*,#4726,.F.);
#6570=ORIENTED_EDGE('',*,*,#5080,.F.);
#6571=ORIENTED_EDGE('',*,*,#4669,.F.);
#6572=ORIENTED_EDGE('',*,*,#5080,.T.);
#6573=ORIENTED_EDGE('',*,*,#4725,.F.);
#6574=ORIENTED_EDGE('',*,*,#5081,.F.);
#6575=ORIENTED_EDGE('',*,*,#4670,.F.);
#6576=ORIENTED_EDGE('',*,*,#5081,.T.);
#6577=ORIENTED_EDGE('',*,*,#4724,.F.);
#6578=ORIENTED_EDGE('',*,*,#5082,.F.);
#6579=ORIENTED_EDGE('',*,*,#4671,.F.);
#6580=ORIENTED_EDGE('',*,*,#5082,.T.);
#6581=ORIENTED_EDGE('',*,*,#4723,.F.);
#6582=ORIENTED_EDGE('',*,*,#5083,.F.);
#6583=ORIENTED_EDGE('',*,*,#4672,.F.);
#6584=ORIENTED_EDGE('',*,*,#5083,.T.);
#6585=ORIENTED_EDGE('',*,*,#4722,.F.);
#6586=ORIENTED_EDGE('',*,*,#5084,.F.);
#6587=ORIENTED_EDGE('',*,*,#4673,.T.);
#6588=ORIENTED_EDGE('',*,*,#5084,.T.);
#6589=ORIENTED_EDGE('',*,*,#4721,.F.);
#6590=ORIENTED_EDGE('',*,*,#5085,.F.);
#6591=ORIENTED_EDGE('',*,*,#4674,.F.);
#6592=ORIENTED_EDGE('',*,*,#5085,.T.);
#6593=ORIENTED_EDGE('',*,*,#4720,.F.);
#6594=ORIENTED_EDGE('',*,*,#5086,.F.);
#6595=ORIENTED_EDGE('',*,*,#4667,.T.);
#6596=ORIENTED_EDGE('',*,*,#5086,.T.);
#6597=ORIENTED_EDGE('',*,*,#4719,.F.);
#6598=ORIENTED_EDGE('',*,*,#5079,.F.);
#6599=ORIENTED_EDGE('',*,*,#4660,.F.);
#6600=ORIENTED_EDGE('',*,*,#5087,.T.);
#6601=ORIENTED_EDGE('',*,*,#4734,.F.);
#6602=ORIENTED_EDGE('',*,*,#5088,.F.);
#6603=ORIENTED_EDGE('',*,*,#4661,.F.);
#6604=ORIENTED_EDGE('',*,*,#5088,.T.);
#6605=ORIENTED_EDGE('',*,*,#4733,.F.);
#6606=ORIENTED_EDGE('',*,*,#5089,.F.);
#6607=ORIENTED_EDGE('',*,*,#4662,.F.);
#6608=ORIENTED_EDGE('',*,*,#5089,.T.);
#6609=ORIENTED_EDGE('',*,*,#4732,.F.);
#6610=ORIENTED_EDGE('',*,*,#5090,.F.);
#6611=ORIENTED_EDGE('',*,*,#4663,.F.);
#6612=ORIENTED_EDGE('',*,*,#5090,.T.);
#6613=ORIENTED_EDGE('',*,*,#4731,.F.);
#6614=ORIENTED_EDGE('',*,*,#5091,.F.);
#6615=ORIENTED_EDGE('',*,*,#4664,.F.);
#6616=ORIENTED_EDGE('',*,*,#5091,.T.);
#6617=ORIENTED_EDGE('',*,*,#4730,.F.);
#6618=ORIENTED_EDGE('',*,*,#5092,.F.);
#6619=ORIENTED_EDGE('',*,*,#4665,.T.);
#6620=ORIENTED_EDGE('',*,*,#5092,.T.);
#6621=ORIENTED_EDGE('',*,*,#4729,.F.);
#6622=ORIENTED_EDGE('',*,*,#5093,.F.);
#6623=ORIENTED_EDGE('',*,*,#4666,.F.);
#6624=ORIENTED_EDGE('',*,*,#5093,.T.);
#6625=ORIENTED_EDGE('',*,*,#4728,.F.);
#6626=ORIENTED_EDGE('',*,*,#5094,.F.);
#6627=ORIENTED_EDGE('',*,*,#4659,.T.);
#6628=ORIENTED_EDGE('',*,*,#5094,.T.);
#6629=ORIENTED_EDGE('',*,*,#4727,.F.);
#6630=ORIENTED_EDGE('',*,*,#5087,.F.);
#6631=ORIENTED_EDGE('',*,*,#4652,.F.);
#6632=ORIENTED_EDGE('',*,*,#5095,.T.);
#6633=ORIENTED_EDGE('',*,*,#4742,.F.);
#6634=ORIENTED_EDGE('',*,*,#5096,.F.);
#6635=ORIENTED_EDGE('',*,*,#4653,.F.);
#6636=ORIENTED_EDGE('',*,*,#5096,.T.);
#6637=ORIENTED_EDGE('',*,*,#4741,.F.);
#6638=ORIENTED_EDGE('',*,*,#5097,.F.);
#6639=ORIENTED_EDGE('',*,*,#4654,.F.);
#6640=ORIENTED_EDGE('',*,*,#5097,.T.);
#6641=ORIENTED_EDGE('',*,*,#4740,.F.);
#6642=ORIENTED_EDGE('',*,*,#5098,.F.);
#6643=ORIENTED_EDGE('',*,*,#4655,.F.);
#6644=ORIENTED_EDGE('',*,*,#5098,.T.);
#6645=ORIENTED_EDGE('',*,*,#4739,.F.);
#6646=ORIENTED_EDGE('',*,*,#5099,.F.);
#6647=ORIENTED_EDGE('',*,*,#4656,.F.);
#6648=ORIENTED_EDGE('',*,*,#5099,.T.);
#6649=ORIENTED_EDGE('',*,*,#4738,.F.);
#6650=ORIENTED_EDGE('',*,*,#5100,.F.);
#6651=ORIENTED_EDGE('',*,*,#4657,.T.);
#6652=ORIENTED_EDGE('',*,*,#5100,.T.);
#6653=ORIENTED_EDGE('',*,*,#4737,.F.);
#6654=ORIENTED_EDGE('',*,*,#5101,.F.);
#6655=ORIENTED_EDGE('',*,*,#4658,.F.);
#6656=ORIENTED_EDGE('',*,*,#5101,.T.);
#6657=ORIENTED_EDGE('',*,*,#4736,.F.);
#6658=ORIENTED_EDGE('',*,*,#5102,.F.);
#6659=ORIENTED_EDGE('',*,*,#4651,.T.);
#6660=ORIENTED_EDGE('',*,*,#5102,.T.);
#6661=ORIENTED_EDGE('',*,*,#4735,.F.);
#6662=ORIENTED_EDGE('',*,*,#5095,.F.);
#6663=ORIENTED_EDGE('',*,*,#4644,.F.);
#6664=ORIENTED_EDGE('',*,*,#5103,.T.);
#6665=ORIENTED_EDGE('',*,*,#4750,.F.);
#6666=ORIENTED_EDGE('',*,*,#5104,.F.);
#6667=ORIENTED_EDGE('',*,*,#4645,.F.);
#6668=ORIENTED_EDGE('',*,*,#5104,.T.);
#6669=ORIENTED_EDGE('',*,*,#4749,.F.);
#6670=ORIENTED_EDGE('',*,*,#5105,.F.);
#6671=ORIENTED_EDGE('',*,*,#4646,.F.);
#6672=ORIENTED_EDGE('',*,*,#5105,.T.);
#6673=ORIENTED_EDGE('',*,*,#4748,.F.);
#6674=ORIENTED_EDGE('',*,*,#5106,.F.);
#6675=ORIENTED_EDGE('',*,*,#4647,.F.);
#6676=ORIENTED_EDGE('',*,*,#5106,.T.);
#6677=ORIENTED_EDGE('',*,*,#4747,.F.);
#6678=ORIENTED_EDGE('',*,*,#5107,.F.);
#6679=ORIENTED_EDGE('',*,*,#4648,.F.);
#6680=ORIENTED_EDGE('',*,*,#5107,.T.);
#6681=ORIENTED_EDGE('',*,*,#4746,.F.);
#6682=ORIENTED_EDGE('',*,*,#5108,.F.);
#6683=ORIENTED_EDGE('',*,*,#4649,.T.);
#6684=ORIENTED_EDGE('',*,*,#5108,.T.);
#6685=ORIENTED_EDGE('',*,*,#4745,.F.);
#6686=ORIENTED_EDGE('',*,*,#5109,.F.);
#6687=ORIENTED_EDGE('',*,*,#4650,.F.);
#6688=ORIENTED_EDGE('',*,*,#5109,.T.);
#6689=ORIENTED_EDGE('',*,*,#4744,.F.);
#6690=ORIENTED_EDGE('',*,*,#5110,.F.);
#6691=ORIENTED_EDGE('',*,*,#4643,.T.);
#6692=ORIENTED_EDGE('',*,*,#5110,.T.);
#6693=ORIENTED_EDGE('',*,*,#4743,.F.);
#6694=ORIENTED_EDGE('',*,*,#5103,.F.);
#6695=ORIENTED_EDGE('',*,*,#4636,.F.);
#6696=ORIENTED_EDGE('',*,*,#5111,.T.);
#6697=ORIENTED_EDGE('',*,*,#4758,.F.);
#6698=ORIENTED_EDGE('',*,*,#5112,.F.);
#6699=ORIENTED_EDGE('',*,*,#4637,.F.);
#6700=ORIENTED_EDGE('',*,*,#5112,.T.);
#6701=ORIENTED_EDGE('',*,*,#4757,.F.);
#6702=ORIENTED_EDGE('',*,*,#5113,.F.);
#6703=ORIENTED_EDGE('',*,*,#4638,.F.);
#6704=ORIENTED_EDGE('',*,*,#5113,.T.);
#6705=ORIENTED_EDGE('',*,*,#4756,.F.);
#6706=ORIENTED_EDGE('',*,*,#5114,.F.);
#6707=ORIENTED_EDGE('',*,*,#4639,.F.);
#6708=ORIENTED_EDGE('',*,*,#5114,.T.);
#6709=ORIENTED_EDGE('',*,*,#4755,.F.);
#6710=ORIENTED_EDGE('',*,*,#5115,.F.);
#6711=ORIENTED_EDGE('',*,*,#4640,.F.);
#6712=ORIENTED_EDGE('',*,*,#5115,.T.);
#6713=ORIENTED_EDGE('',*,*,#4754,.F.);
#6714=ORIENTED_EDGE('',*,*,#5116,.F.);
#6715=ORIENTED_EDGE('',*,*,#4641,.T.);
#6716=ORIENTED_EDGE('',*,*,#5116,.T.);
#6717=ORIENTED_EDGE('',*,*,#4753,.F.);
#6718=ORIENTED_EDGE('',*,*,#5117,.F.);
#6719=ORIENTED_EDGE('',*,*,#4642,.F.);
#6720=ORIENTED_EDGE('',*,*,#5117,.T.);
#6721=ORIENTED_EDGE('',*,*,#4752,.F.);
#6722=ORIENTED_EDGE('',*,*,#5118,.F.);
#6723=ORIENTED_EDGE('',*,*,#4635,.T.);
#6724=ORIENTED_EDGE('',*,*,#5118,.T.);
#6725=ORIENTED_EDGE('',*,*,#4751,.F.);
#6726=ORIENTED_EDGE('',*,*,#5111,.F.);
#6727=ORIENTED_EDGE('',*,*,#4628,.F.);
#6728=ORIENTED_EDGE('',*,*,#5119,.T.);
#6729=ORIENTED_EDGE('',*,*,#4766,.F.);
#6730=ORIENTED_EDGE('',*,*,#5120,.F.);
#6731=ORIENTED_EDGE('',*,*,#4629,.F.);
#6732=ORIENTED_EDGE('',*,*,#5120,.T.);
#6733=ORIENTED_EDGE('',*,*,#4765,.F.);
#6734=ORIENTED_EDGE('',*,*,#5121,.F.);
#6735=ORIENTED_EDGE('',*,*,#4630,.F.);
#6736=ORIENTED_EDGE('',*,*,#5121,.T.);
#6737=ORIENTED_EDGE('',*,*,#4764,.F.);
#6738=ORIENTED_EDGE('',*,*,#5122,.F.);
#6739=ORIENTED_EDGE('',*,*,#4631,.F.);
#6740=ORIENTED_EDGE('',*,*,#5122,.T.);
#6741=ORIENTED_EDGE('',*,*,#4763,.F.);
#6742=ORIENTED_EDGE('',*,*,#5123,.F.);
#6743=ORIENTED_EDGE('',*,*,#4632,.T.);
#6744=ORIENTED_EDGE('',*,*,#5123,.T.);
#6745=ORIENTED_EDGE('',*,*,#4762,.F.);
#6746=ORIENTED_EDGE('',*,*,#5124,.F.);
#6747=ORIENTED_EDGE('',*,*,#4633,.F.);
#6748=ORIENTED_EDGE('',*,*,#5124,.T.);
#6749=ORIENTED_EDGE('',*,*,#4761,.F.);
#6750=ORIENTED_EDGE('',*,*,#5125,.F.);
#6751=ORIENTED_EDGE('',*,*,#4634,.T.);
#6752=ORIENTED_EDGE('',*,*,#5125,.T.);
#6753=ORIENTED_EDGE('',*,*,#4760,.F.);
#6754=ORIENTED_EDGE('',*,*,#5126,.F.);
#6755=ORIENTED_EDGE('',*,*,#4627,.F.);
#6756=ORIENTED_EDGE('',*,*,#5126,.T.);
#6757=ORIENTED_EDGE('',*,*,#4759,.F.);
#6758=ORIENTED_EDGE('',*,*,#5119,.F.);
#6759=ORIENTED_EDGE('',*,*,#4620,.F.);
#6760=ORIENTED_EDGE('',*,*,#5127,.T.);
#6761=ORIENTED_EDGE('',*,*,#4774,.F.);
#6762=ORIENTED_EDGE('',*,*,#5128,.F.);
#6763=ORIENTED_EDGE('',*,*,#4621,.F.);
#6764=ORIENTED_EDGE('',*,*,#5128,.T.);
#6765=ORIENTED_EDGE('',*,*,#4773,.F.);
#6766=ORIENTED_EDGE('',*,*,#5129,.F.);
#6767=ORIENTED_EDGE('',*,*,#4622,.F.);
#6768=ORIENTED_EDGE('',*,*,#5129,.T.);
#6769=ORIENTED_EDGE('',*,*,#4772,.F.);
#6770=ORIENTED_EDGE('',*,*,#5130,.F.);
#6771=ORIENTED_EDGE('',*,*,#4623,.F.);
#6772=ORIENTED_EDGE('',*,*,#5130,.T.);
#6773=ORIENTED_EDGE('',*,*,#4771,.F.);
#6774=ORIENTED_EDGE('',*,*,#5131,.F.);
#6775=ORIENTED_EDGE('',*,*,#4624,.F.);
#6776=ORIENTED_EDGE('',*,*,#5131,.T.);
#6777=ORIENTED_EDGE('',*,*,#4770,.F.);
#6778=ORIENTED_EDGE('',*,*,#5132,.F.);
#6779=ORIENTED_EDGE('',*,*,#4625,.T.);
#6780=ORIENTED_EDGE('',*,*,#5132,.T.);
#6781=ORIENTED_EDGE('',*,*,#4769,.F.);
#6782=ORIENTED_EDGE('',*,*,#5133,.F.);
#6783=ORIENTED_EDGE('',*,*,#4626,.F.);
#6784=ORIENTED_EDGE('',*,*,#5133,.T.);
#6785=ORIENTED_EDGE('',*,*,#4768,.F.);
#6786=ORIENTED_EDGE('',*,*,#5134,.F.);
#6787=ORIENTED_EDGE('',*,*,#4619,.T.);
#6788=ORIENTED_EDGE('',*,*,#5134,.T.);
#6789=ORIENTED_EDGE('',*,*,#4767,.F.);
#6790=ORIENTED_EDGE('',*,*,#5127,.F.);
#6791=ORIENTED_EDGE('',*,*,#4612,.F.);
#6792=ORIENTED_EDGE('',*,*,#5135,.T.);
#6793=ORIENTED_EDGE('',*,*,#4782,.F.);
#6794=ORIENTED_EDGE('',*,*,#5136,.F.);
#6795=ORIENTED_EDGE('',*,*,#4613,.F.);
#6796=ORIENTED_EDGE('',*,*,#5136,.T.);
#6797=ORIENTED_EDGE('',*,*,#4781,.F.);
#6798=ORIENTED_EDGE('',*,*,#5137,.F.);
#6799=ORIENTED_EDGE('',*,*,#4614,.F.);
#6800=ORIENTED_EDGE('',*,*,#5137,.T.);
#6801=ORIENTED_EDGE('',*,*,#4780,.F.);
#6802=ORIENTED_EDGE('',*,*,#5138,.F.);
#6803=ORIENTED_EDGE('',*,*,#4615,.F.);
#6804=ORIENTED_EDGE('',*,*,#5138,.T.);
#6805=ORIENTED_EDGE('',*,*,#4779,.F.);
#6806=ORIENTED_EDGE('',*,*,#5139,.F.);
#6807=ORIENTED_EDGE('',*,*,#4616,.F.);
#6808=ORIENTED_EDGE('',*,*,#5139,.T.);
#6809=ORIENTED_EDGE('',*,*,#4778,.F.);
#6810=ORIENTED_EDGE('',*,*,#5140,.F.);
#6811=ORIENTED_EDGE('',*,*,#4617,.T.);
#6812=ORIENTED_EDGE('',*,*,#5140,.T.);
#6813=ORIENTED_EDGE('',*,*,#4777,.F.);
#6814=ORIENTED_EDGE('',*,*,#5141,.F.);
#6815=ORIENTED_EDGE('',*,*,#4618,.F.);
#6816=ORIENTED_EDGE('',*,*,#5141,.T.);
#6817=ORIENTED_EDGE('',*,*,#4776,.F.);
#6818=ORIENTED_EDGE('',*,*,#5142,.F.);
#6819=ORIENTED_EDGE('',*,*,#4611,.T.);
#6820=ORIENTED_EDGE('',*,*,#5142,.T.);
#6821=ORIENTED_EDGE('',*,*,#4775,.F.);
#6822=ORIENTED_EDGE('',*,*,#5135,.F.);
#6823=ORIENTED_EDGE('',*,*,#4604,.F.);
#6824=ORIENTED_EDGE('',*,*,#5143,.T.);
#6825=ORIENTED_EDGE('',*,*,#4790,.F.);
#6826=ORIENTED_EDGE('',*,*,#5144,.F.);
#6827=ORIENTED_EDGE('',*,*,#4605,.F.);
#6828=ORIENTED_EDGE('',*,*,#5144,.T.);
#6829=ORIENTED_EDGE('',*,*,#4789,.F.);
#6830=ORIENTED_EDGE('',*,*,#5145,.F.);
#6831=ORIENTED_EDGE('',*,*,#4606,.F.);
#6832=ORIENTED_EDGE('',*,*,#5145,.T.);
#6833=ORIENTED_EDGE('',*,*,#4788,.F.);
#6834=ORIENTED_EDGE('',*,*,#5146,.F.);
#6835=ORIENTED_EDGE('',*,*,#4607,.F.);
#6836=ORIENTED_EDGE('',*,*,#5146,.T.);
#6837=ORIENTED_EDGE('',*,*,#4787,.F.);
#6838=ORIENTED_EDGE('',*,*,#5147,.F.);
#6839=ORIENTED_EDGE('',*,*,#4608,.F.);
#6840=ORIENTED_EDGE('',*,*,#5147,.T.);
#6841=ORIENTED_EDGE('',*,*,#4786,.F.);
#6842=ORIENTED_EDGE('',*,*,#5148,.F.);
#6843=ORIENTED_EDGE('',*,*,#4609,.T.);
#6844=ORIENTED_EDGE('',*,*,#5148,.T.);
#6845=ORIENTED_EDGE('',*,*,#4785,.F.);
#6846=ORIENTED_EDGE('',*,*,#5149,.F.);
#6847=ORIENTED_EDGE('',*,*,#4610,.F.);
#6848=ORIENTED_EDGE('',*,*,#5149,.T.);
#6849=ORIENTED_EDGE('',*,*,#4784,.F.);
#6850=ORIENTED_EDGE('',*,*,#5150,.F.);
#6851=ORIENTED_EDGE('',*,*,#4603,.T.);
#6852=ORIENTED_EDGE('',*,*,#5150,.T.);
#6853=ORIENTED_EDGE('',*,*,#4783,.F.);
#6854=ORIENTED_EDGE('',*,*,#5143,.F.);
#6855=ORIENTED_EDGE('',*,*,#4596,.F.);
#6856=ORIENTED_EDGE('',*,*,#5151,.T.);
#6857=ORIENTED_EDGE('',*,*,#4798,.F.);
#6858=ORIENTED_EDGE('',*,*,#5152,.F.);
#6859=ORIENTED_EDGE('',*,*,#4597,.T.);
#6860=ORIENTED_EDGE('',*,*,#5152,.T.);
#6861=ORIENTED_EDGE('',*,*,#4797,.F.);
#6862=ORIENTED_EDGE('',*,*,#5153,.F.);
#6863=ORIENTED_EDGE('',*,*,#4598,.F.);
#6864=ORIENTED_EDGE('',*,*,#5153,.T.);
#6865=ORIENTED_EDGE('',*,*,#4796,.F.);
#6866=ORIENTED_EDGE('',*,*,#5154,.F.);
#6867=ORIENTED_EDGE('',*,*,#4599,.F.);
#6868=ORIENTED_EDGE('',*,*,#5154,.T.);
#6869=ORIENTED_EDGE('',*,*,#4795,.F.);
#6870=ORIENTED_EDGE('',*,*,#5155,.F.);
#6871=ORIENTED_EDGE('',*,*,#4600,.F.);
#6872=ORIENTED_EDGE('',*,*,#5155,.T.);
#6873=ORIENTED_EDGE('',*,*,#4794,.F.);
#6874=ORIENTED_EDGE('',*,*,#5156,.F.);
#6875=ORIENTED_EDGE('',*,*,#4601,.F.);
#6876=ORIENTED_EDGE('',*,*,#5156,.T.);
#6877=ORIENTED_EDGE('',*,*,#4793,.F.);
#6878=ORIENTED_EDGE('',*,*,#5157,.F.);
#6879=ORIENTED_EDGE('',*,*,#4602,.F.);
#6880=ORIENTED_EDGE('',*,*,#5157,.T.);
#6881=ORIENTED_EDGE('',*,*,#4792,.F.);
#6882=ORIENTED_EDGE('',*,*,#5158,.F.);
#6883=ORIENTED_EDGE('',*,*,#4595,.T.);
#6884=ORIENTED_EDGE('',*,*,#5158,.T.);
#6885=ORIENTED_EDGE('',*,*,#4791,.F.);
#6886=ORIENTED_EDGE('',*,*,#5151,.F.);
#6887=ORIENTED_EDGE('',*,*,#4588,.F.);
#6888=ORIENTED_EDGE('',*,*,#5159,.T.);
#6889=ORIENTED_EDGE('',*,*,#4806,.F.);
#6890=ORIENTED_EDGE('',*,*,#5160,.F.);
#6891=ORIENTED_EDGE('',*,*,#4589,.F.);
#6892=ORIENTED_EDGE('',*,*,#5160,.T.);
#6893=ORIENTED_EDGE('',*,*,#4805,.F.);
#6894=ORIENTED_EDGE('',*,*,#5161,.F.);
#6895=ORIENTED_EDGE('',*,*,#4590,.F.);
#6896=ORIENTED_EDGE('',*,*,#5161,.T.);
#6897=ORIENTED_EDGE('',*,*,#4804,.F.);
#6898=ORIENTED_EDGE('',*,*,#5162,.F.);
#6899=ORIENTED_EDGE('',*,*,#4591,.F.);
#6900=ORIENTED_EDGE('',*,*,#5162,.T.);
#6901=ORIENTED_EDGE('',*,*,#4803,.F.);
#6902=ORIENTED_EDGE('',*,*,#5163,.F.);
#6903=ORIENTED_EDGE('',*,*,#4592,.F.);
#6904=ORIENTED_EDGE('',*,*,#5163,.T.);
#6905=ORIENTED_EDGE('',*,*,#4802,.F.);
#6906=ORIENTED_EDGE('',*,*,#5164,.F.);
#6907=ORIENTED_EDGE('',*,*,#4593,.T.);
#6908=ORIENTED_EDGE('',*,*,#5164,.T.);
#6909=ORIENTED_EDGE('',*,*,#4801,.F.);
#6910=ORIENTED_EDGE('',*,*,#5165,.F.);
#6911=ORIENTED_EDGE('',*,*,#4594,.F.);
#6912=ORIENTED_EDGE('',*,*,#5165,.T.);
#6913=ORIENTED_EDGE('',*,*,#4800,.F.);
#6914=ORIENTED_EDGE('',*,*,#5166,.F.);
#6915=ORIENTED_EDGE('',*,*,#4587,.T.);
#6916=ORIENTED_EDGE('',*,*,#5166,.T.);
#6917=ORIENTED_EDGE('',*,*,#4799,.F.);
#6918=ORIENTED_EDGE('',*,*,#5159,.F.);
#6919=ORIENTED_EDGE('',*,*,#4580,.F.);
#6920=ORIENTED_EDGE('',*,*,#5167,.T.);
#6921=ORIENTED_EDGE('',*,*,#4814,.F.);
#6922=ORIENTED_EDGE('',*,*,#5168,.F.);
#6923=ORIENTED_EDGE('',*,*,#4581,.F.);
#6924=ORIENTED_EDGE('',*,*,#5168,.T.);
#6925=ORIENTED_EDGE('',*,*,#4813,.F.);
#6926=ORIENTED_EDGE('',*,*,#5169,.F.);
#6927=ORIENTED_EDGE('',*,*,#4582,.F.);
#6928=ORIENTED_EDGE('',*,*,#5169,.T.);
#6929=ORIENTED_EDGE('',*,*,#4812,.F.);
#6930=ORIENTED_EDGE('',*,*,#5170,.F.);
#6931=ORIENTED_EDGE('',*,*,#4583,.F.);
#6932=ORIENTED_EDGE('',*,*,#5170,.T.);
#6933=ORIENTED_EDGE('',*,*,#4811,.F.);
#6934=ORIENTED_EDGE('',*,*,#5171,.F.);
#6935=ORIENTED_EDGE('',*,*,#4584,.F.);
#6936=ORIENTED_EDGE('',*,*,#5171,.T.);
#6937=ORIENTED_EDGE('',*,*,#4810,.F.);
#6938=ORIENTED_EDGE('',*,*,#5172,.F.);
#6939=ORIENTED_EDGE('',*,*,#4585,.T.);
#6940=ORIENTED_EDGE('',*,*,#5172,.T.);
#6941=ORIENTED_EDGE('',*,*,#4809,.F.);
#6942=ORIENTED_EDGE('',*,*,#5173,.F.);
#6943=ORIENTED_EDGE('',*,*,#4586,.F.);
#6944=ORIENTED_EDGE('',*,*,#5173,.T.);
#6945=ORIENTED_EDGE('',*,*,#4808,.F.);
#6946=ORIENTED_EDGE('',*,*,#5174,.F.);
#6947=ORIENTED_EDGE('',*,*,#4579,.T.);
#6948=ORIENTED_EDGE('',*,*,#5174,.T.);
#6949=ORIENTED_EDGE('',*,*,#4807,.F.);
#6950=ORIENTED_EDGE('',*,*,#5167,.F.);
#6951=ORIENTED_EDGE('',*,*,#4572,.F.);
#6952=ORIENTED_EDGE('',*,*,#5175,.T.);
#6953=ORIENTED_EDGE('',*,*,#4822,.F.);
#6954=ORIENTED_EDGE('',*,*,#5176,.F.);
#6955=ORIENTED_EDGE('',*,*,#4573,.F.);
#6956=ORIENTED_EDGE('',*,*,#5176,.T.);
#6957=ORIENTED_EDGE('',*,*,#4821,.F.);
#6958=ORIENTED_EDGE('',*,*,#5177,.F.);
#6959=ORIENTED_EDGE('',*,*,#4574,.F.);
#6960=ORIENTED_EDGE('',*,*,#5177,.T.);
#6961=ORIENTED_EDGE('',*,*,#4820,.F.);
#6962=ORIENTED_EDGE('',*,*,#5178,.F.);
#6963=ORIENTED_EDGE('',*,*,#4575,.F.);
#6964=ORIENTED_EDGE('',*,*,#5178,.T.);
#6965=ORIENTED_EDGE('',*,*,#4819,.F.);
#6966=ORIENTED_EDGE('',*,*,#5179,.F.);
#6967=ORIENTED_EDGE('',*,*,#4576,.F.);
#6968=ORIENTED_EDGE('',*,*,#5179,.T.);
#6969=ORIENTED_EDGE('',*,*,#4818,.F.);
#6970=ORIENTED_EDGE('',*,*,#5180,.F.);
#6971=ORIENTED_EDGE('',*,*,#4577,.T.);
#6972=ORIENTED_EDGE('',*,*,#5180,.T.);
#6973=ORIENTED_EDGE('',*,*,#4817,.F.);
#6974=ORIENTED_EDGE('',*,*,#5181,.F.);
#6975=ORIENTED_EDGE('',*,*,#4578,.F.);
#6976=ORIENTED_EDGE('',*,*,#5181,.T.);
#6977=ORIENTED_EDGE('',*,*,#4816,.F.);
#6978=ORIENTED_EDGE('',*,*,#5182,.F.);
#6979=ORIENTED_EDGE('',*,*,#4571,.T.);
#6980=ORIENTED_EDGE('',*,*,#5182,.T.);
#6981=ORIENTED_EDGE('',*,*,#4815,.F.);
#6982=ORIENTED_EDGE('',*,*,#5175,.F.);
#6983=ORIENTED_EDGE('',*,*,#4564,.F.);
#6984=ORIENTED_EDGE('',*,*,#5183,.T.);
#6985=ORIENTED_EDGE('',*,*,#4830,.F.);
#6986=ORIENTED_EDGE('',*,*,#5184,.F.);
#6987=ORIENTED_EDGE('',*,*,#4565,.F.);
#6988=ORIENTED_EDGE('',*,*,#5184,.T.);
#6989=ORIENTED_EDGE('',*,*,#4829,.F.);
#6990=ORIENTED_EDGE('',*,*,#5185,.F.);
#6991=ORIENTED_EDGE('',*,*,#4566,.F.);
#6992=ORIENTED_EDGE('',*,*,#5185,.T.);
#6993=ORIENTED_EDGE('',*,*,#4828,.F.);
#6994=ORIENTED_EDGE('',*,*,#5186,.F.);
#6995=ORIENTED_EDGE('',*,*,#4567,.F.);
#6996=ORIENTED_EDGE('',*,*,#5186,.T.);
#6997=ORIENTED_EDGE('',*,*,#4827,.F.);
#6998=ORIENTED_EDGE('',*,*,#5187,.F.);
#6999=ORIENTED_EDGE('',*,*,#4568,.T.);
#7000=ORIENTED_EDGE('',*,*,#5187,.T.);
#7001=ORIENTED_EDGE('',*,*,#4826,.F.);
#7002=ORIENTED_EDGE('',*,*,#5188,.F.);
#7003=ORIENTED_EDGE('',*,*,#4569,.F.);
#7004=ORIENTED_EDGE('',*,*,#5188,.T.);
#7005=ORIENTED_EDGE('',*,*,#4825,.F.);
#7006=ORIENTED_EDGE('',*,*,#5189,.F.);
#7007=ORIENTED_EDGE('',*,*,#4570,.T.);
#7008=ORIENTED_EDGE('',*,*,#5189,.T.);
#7009=ORIENTED_EDGE('',*,*,#4824,.F.);
#7010=ORIENTED_EDGE('',*,*,#5190,.F.);
#7011=ORIENTED_EDGE('',*,*,#4563,.F.);
#7012=ORIENTED_EDGE('',*,*,#5190,.T.);
#7013=ORIENTED_EDGE('',*,*,#4823,.F.);
#7014=ORIENTED_EDGE('',*,*,#5183,.F.);
#7015=ORIENTED_EDGE('',*,*,#4556,.F.);
#7016=ORIENTED_EDGE('',*,*,#5191,.T.);
#7017=ORIENTED_EDGE('',*,*,#4838,.F.);
#7018=ORIENTED_EDGE('',*,*,#5192,.F.);
#7019=ORIENTED_EDGE('',*,*,#4557,.F.);
#7020=ORIENTED_EDGE('',*,*,#5192,.T.);
#7021=ORIENTED_EDGE('',*,*,#4837,.F.);
#7022=ORIENTED_EDGE('',*,*,#5193,.F.);
#7023=ORIENTED_EDGE('',*,*,#4558,.F.);
#7024=ORIENTED_EDGE('',*,*,#5193,.T.);
#7025=ORIENTED_EDGE('',*,*,#4836,.F.);
#7026=ORIENTED_EDGE('',*,*,#5194,.F.);
#7027=ORIENTED_EDGE('',*,*,#4559,.F.);
#7028=ORIENTED_EDGE('',*,*,#5194,.T.);
#7029=ORIENTED_EDGE('',*,*,#4835,.F.);
#7030=ORIENTED_EDGE('',*,*,#5195,.F.);
#7031=ORIENTED_EDGE('',*,*,#4560,.F.);
#7032=ORIENTED_EDGE('',*,*,#5195,.T.);
#7033=ORIENTED_EDGE('',*,*,#4834,.F.);
#7034=ORIENTED_EDGE('',*,*,#5196,.F.);
#7035=ORIENTED_EDGE('',*,*,#4561,.T.);
#7036=ORIENTED_EDGE('',*,*,#5196,.T.);
#7037=ORIENTED_EDGE('',*,*,#4833,.F.);
#7038=ORIENTED_EDGE('',*,*,#5197,.F.);
#7039=ORIENTED_EDGE('',*,*,#4562,.F.);
#7040=ORIENTED_EDGE('',*,*,#5197,.T.);
#7041=ORIENTED_EDGE('',*,*,#4832,.F.);
#7042=ORIENTED_EDGE('',*,*,#5198,.F.);
#7043=ORIENTED_EDGE('',*,*,#4555,.T.);
#7044=ORIENTED_EDGE('',*,*,#5198,.T.);
#7045=ORIENTED_EDGE('',*,*,#4831,.F.);
#7046=ORIENTED_EDGE('',*,*,#5191,.F.);
#7047=ORIENTED_EDGE('',*,*,#4548,.F.);
#7048=ORIENTED_EDGE('',*,*,#5199,.T.);
#7049=ORIENTED_EDGE('',*,*,#4846,.F.);
#7050=ORIENTED_EDGE('',*,*,#5200,.F.);
#7051=ORIENTED_EDGE('',*,*,#4549,.F.);
#7052=ORIENTED_EDGE('',*,*,#5200,.T.);
#7053=ORIENTED_EDGE('',*,*,#4845,.F.);
#7054=ORIENTED_EDGE('',*,*,#5201,.F.);
#7055=ORIENTED_EDGE('',*,*,#4550,.F.);
#7056=ORIENTED_EDGE('',*,*,#5201,.T.);
#7057=ORIENTED_EDGE('',*,*,#4844,.F.);
#7058=ORIENTED_EDGE('',*,*,#5202,.F.);
#7059=ORIENTED_EDGE('',*,*,#4551,.F.);
#7060=ORIENTED_EDGE('',*,*,#5202,.T.);
#7061=ORIENTED_EDGE('',*,*,#4843,.F.);
#7062=ORIENTED_EDGE('',*,*,#5203,.F.);
#7063=ORIENTED_EDGE('',*,*,#4552,.T.);
#7064=ORIENTED_EDGE('',*,*,#5203,.T.);
#7065=ORIENTED_EDGE('',*,*,#4842,.F.);
#7066=ORIENTED_EDGE('',*,*,#5204,.F.);
#7067=ORIENTED_EDGE('',*,*,#4553,.F.);
#7068=ORIENTED_EDGE('',*,*,#5204,.T.);
#7069=ORIENTED_EDGE('',*,*,#4841,.F.);
#7070=ORIENTED_EDGE('',*,*,#5205,.F.);
#7071=ORIENTED_EDGE('',*,*,#4554,.T.);
#7072=ORIENTED_EDGE('',*,*,#5205,.T.);
#7073=ORIENTED_EDGE('',*,*,#4840,.F.);
#7074=ORIENTED_EDGE('',*,*,#5206,.F.);
#7075=ORIENTED_EDGE('',*,*,#4547,.F.);
#7076=ORIENTED_EDGE('',*,*,#5206,.T.);
#7077=ORIENTED_EDGE('',*,*,#4839,.F.);
#7078=ORIENTED_EDGE('',*,*,#5199,.F.);
#7079=ORIENTED_EDGE('',*,*,#4540,.F.);
#7080=ORIENTED_EDGE('',*,*,#5207,.T.);
#7081=ORIENTED_EDGE('',*,*,#4854,.F.);
#7082=ORIENTED_EDGE('',*,*,#5208,.F.);
#7083=ORIENTED_EDGE('',*,*,#4541,.F.);
#7084=ORIENTED_EDGE('',*,*,#5208,.T.);
#7085=ORIENTED_EDGE('',*,*,#4853,.F.);
#7086=ORIENTED_EDGE('',*,*,#5209,.F.);
#7087=ORIENTED_EDGE('',*,*,#4542,.F.);
#7088=ORIENTED_EDGE('',*,*,#5209,.T.);
#7089=ORIENTED_EDGE('',*,*,#4852,.F.);
#7090=ORIENTED_EDGE('',*,*,#5210,.F.);
#7091=ORIENTED_EDGE('',*,*,#4543,.F.);
#7092=ORIENTED_EDGE('',*,*,#5210,.T.);
#7093=ORIENTED_EDGE('',*,*,#4851,.F.);
#7094=ORIENTED_EDGE('',*,*,#5211,.F.);
#7095=ORIENTED_EDGE('',*,*,#4544,.T.);
#7096=ORIENTED_EDGE('',*,*,#5211,.T.);
#7097=ORIENTED_EDGE('',*,*,#4850,.F.);
#7098=ORIENTED_EDGE('',*,*,#5212,.F.);
#7099=ORIENTED_EDGE('',*,*,#4545,.F.);
#7100=ORIENTED_EDGE('',*,*,#5212,.T.);
#7101=ORIENTED_EDGE('',*,*,#4849,.F.);
#7102=ORIENTED_EDGE('',*,*,#5213,.F.);
#7103=ORIENTED_EDGE('',*,*,#4546,.T.);
#7104=ORIENTED_EDGE('',*,*,#5213,.T.);
#7105=ORIENTED_EDGE('',*,*,#4848,.F.);
#7106=ORIENTED_EDGE('',*,*,#5214,.F.);
#7107=ORIENTED_EDGE('',*,*,#4539,.F.);
#7108=ORIENTED_EDGE('',*,*,#5214,.T.);
#7109=ORIENTED_EDGE('',*,*,#4847,.F.);
#7110=ORIENTED_EDGE('',*,*,#5207,.F.);
#7111=ORIENTED_EDGE('',*,*,#4532,.F.);
#7112=ORIENTED_EDGE('',*,*,#5215,.T.);
#7113=ORIENTED_EDGE('',*,*,#4862,.F.);
#7114=ORIENTED_EDGE('',*,*,#5216,.F.);
#7115=ORIENTED_EDGE('',*,*,#4533,.T.);
#7116=ORIENTED_EDGE('',*,*,#5216,.T.);
#7117=ORIENTED_EDGE('',*,*,#4861,.F.);
#7118=ORIENTED_EDGE('',*,*,#5217,.F.);
#7119=ORIENTED_EDGE('',*,*,#4534,.F.);
#7120=ORIENTED_EDGE('',*,*,#5217,.T.);
#7121=ORIENTED_EDGE('',*,*,#4860,.F.);
#7122=ORIENTED_EDGE('',*,*,#5218,.F.);
#7123=ORIENTED_EDGE('',*,*,#4535,.F.);
#7124=ORIENTED_EDGE('',*,*,#5218,.T.);
#7125=ORIENTED_EDGE('',*,*,#4859,.F.);
#7126=ORIENTED_EDGE('',*,*,#5219,.F.);
#7127=ORIENTED_EDGE('',*,*,#4536,.F.);
#7128=ORIENTED_EDGE('',*,*,#5219,.T.);
#7129=ORIENTED_EDGE('',*,*,#4858,.F.);
#7130=ORIENTED_EDGE('',*,*,#5220,.F.);
#7131=ORIENTED_EDGE('',*,*,#4537,.F.);
#7132=ORIENTED_EDGE('',*,*,#5220,.T.);
#7133=ORIENTED_EDGE('',*,*,#4857,.F.);
#7134=ORIENTED_EDGE('',*,*,#5221,.F.);
#7135=ORIENTED_EDGE('',*,*,#4538,.F.);
#7136=ORIENTED_EDGE('',*,*,#5221,.T.);
#7137=ORIENTED_EDGE('',*,*,#4856,.F.);
#7138=ORIENTED_EDGE('',*,*,#5222,.F.);
#7139=ORIENTED_EDGE('',*,*,#4531,.T.);
#7140=ORIENTED_EDGE('',*,*,#5222,.T.);
#7141=ORIENTED_EDGE('',*,*,#4855,.F.);
#7142=ORIENTED_EDGE('',*,*,#5215,.F.);
#7143=ORIENTED_EDGE('',*,*,#4524,.F.);
#7144=ORIENTED_EDGE('',*,*,#5223,.T.);
#7145=ORIENTED_EDGE('',*,*,#4870,.F.);
#7146=ORIENTED_EDGE('',*,*,#5224,.F.);
#7147=ORIENTED_EDGE('',*,*,#4525,.F.);
#7148=ORIENTED_EDGE('',*,*,#5224,.T.);
#7149=ORIENTED_EDGE('',*,*,#4869,.F.);
#7150=ORIENTED_EDGE('',*,*,#5225,.F.);
#7151=ORIENTED_EDGE('',*,*,#4526,.F.);
#7152=ORIENTED_EDGE('',*,*,#5225,.T.);
#7153=ORIENTED_EDGE('',*,*,#4868,.F.);
#7154=ORIENTED_EDGE('',*,*,#5226,.F.);
#7155=ORIENTED_EDGE('',*,*,#4527,.F.);
#7156=ORIENTED_EDGE('',*,*,#5226,.T.);
#7157=ORIENTED_EDGE('',*,*,#4867,.F.);
#7158=ORIENTED_EDGE('',*,*,#5227,.F.);
#7159=ORIENTED_EDGE('',*,*,#4528,.F.);
#7160=ORIENTED_EDGE('',*,*,#5227,.T.);
#7161=ORIENTED_EDGE('',*,*,#4866,.F.);
#7162=ORIENTED_EDGE('',*,*,#5228,.F.);
#7163=ORIENTED_EDGE('',*,*,#4529,.T.);
#7164=ORIENTED_EDGE('',*,*,#5228,.T.);
#7165=ORIENTED_EDGE('',*,*,#4865,.F.);
#7166=ORIENTED_EDGE('',*,*,#5229,.F.);
#7167=ORIENTED_EDGE('',*,*,#4530,.F.);
#7168=ORIENTED_EDGE('',*,*,#5229,.T.);
#7169=ORIENTED_EDGE('',*,*,#4864,.F.);
#7170=ORIENTED_EDGE('',*,*,#5230,.F.);
#7171=ORIENTED_EDGE('',*,*,#4523,.T.);
#7172=ORIENTED_EDGE('',*,*,#5230,.T.);
#7173=ORIENTED_EDGE('',*,*,#4863,.F.);
#7174=ORIENTED_EDGE('',*,*,#5223,.F.);
#7175=ORIENTED_EDGE('',*,*,#4516,.F.);
#7176=ORIENTED_EDGE('',*,*,#5231,.T.);
#7177=ORIENTED_EDGE('',*,*,#4878,.F.);
#7178=ORIENTED_EDGE('',*,*,#5232,.F.);
#7179=ORIENTED_EDGE('',*,*,#4517,.T.);
#7180=ORIENTED_EDGE('',*,*,#5232,.T.);
#7181=ORIENTED_EDGE('',*,*,#4877,.F.);
#7182=ORIENTED_EDGE('',*,*,#5233,.F.);
#7183=ORIENTED_EDGE('',*,*,#4518,.F.);
#7184=ORIENTED_EDGE('',*,*,#5233,.T.);
#7185=ORIENTED_EDGE('',*,*,#4876,.F.);
#7186=ORIENTED_EDGE('',*,*,#5234,.F.);
#7187=ORIENTED_EDGE('',*,*,#4519,.F.);
#7188=ORIENTED_EDGE('',*,*,#5234,.T.);
#7189=ORIENTED_EDGE('',*,*,#4875,.F.);
#7190=ORIENTED_EDGE('',*,*,#5235,.F.);
#7191=ORIENTED_EDGE('',*,*,#4520,.F.);
#7192=ORIENTED_EDGE('',*,*,#5235,.T.);
#7193=ORIENTED_EDGE('',*,*,#4874,.F.);
#7194=ORIENTED_EDGE('',*,*,#5236,.F.);
#7195=ORIENTED_EDGE('',*,*,#4521,.F.);
#7196=ORIENTED_EDGE('',*,*,#5236,.T.);
#7197=ORIENTED_EDGE('',*,*,#4873,.F.);
#7198=ORIENTED_EDGE('',*,*,#5237,.F.);
#7199=ORIENTED_EDGE('',*,*,#4522,.F.);
#7200=ORIENTED_EDGE('',*,*,#5237,.T.);
#7201=ORIENTED_EDGE('',*,*,#4872,.F.);
#7202=ORIENTED_EDGE('',*,*,#5238,.F.);
#7203=ORIENTED_EDGE('',*,*,#4515,.T.);
#7204=ORIENTED_EDGE('',*,*,#5238,.T.);
#7205=ORIENTED_EDGE('',*,*,#4871,.F.);
#7206=ORIENTED_EDGE('',*,*,#5231,.F.);
#7207=ORIENTED_EDGE('',*,*,#4508,.F.);
#7208=ORIENTED_EDGE('',*,*,#5239,.T.);
#7209=ORIENTED_EDGE('',*,*,#4886,.F.);
#7210=ORIENTED_EDGE('',*,*,#5240,.F.);
#7211=ORIENTED_EDGE('',*,*,#4509,.F.);
#7212=ORIENTED_EDGE('',*,*,#5240,.T.);
#7213=ORIENTED_EDGE('',*,*,#4885,.F.);
#7214=ORIENTED_EDGE('',*,*,#5241,.F.);
#7215=ORIENTED_EDGE('',*,*,#4510,.F.);
#7216=ORIENTED_EDGE('',*,*,#5241,.T.);
#7217=ORIENTED_EDGE('',*,*,#4884,.F.);
#7218=ORIENTED_EDGE('',*,*,#5242,.F.);
#7219=ORIENTED_EDGE('',*,*,#4511,.F.);
#7220=ORIENTED_EDGE('',*,*,#5242,.T.);
#7221=ORIENTED_EDGE('',*,*,#4883,.F.);
#7222=ORIENTED_EDGE('',*,*,#5243,.F.);
#7223=ORIENTED_EDGE('',*,*,#4512,.F.);
#7224=ORIENTED_EDGE('',*,*,#5243,.T.);
#7225=ORIENTED_EDGE('',*,*,#4882,.F.);
#7226=ORIENTED_EDGE('',*,*,#5244,.F.);
#7227=ORIENTED_EDGE('',*,*,#4513,.T.);
#7228=ORIENTED_EDGE('',*,*,#5244,.T.);
#7229=ORIENTED_EDGE('',*,*,#4881,.F.);
#7230=ORIENTED_EDGE('',*,*,#5245,.F.);
#7231=ORIENTED_EDGE('',*,*,#4514,.F.);
#7232=ORIENTED_EDGE('',*,*,#5245,.T.);
#7233=ORIENTED_EDGE('',*,*,#4880,.F.);
#7234=ORIENTED_EDGE('',*,*,#5246,.F.);
#7235=ORIENTED_EDGE('',*,*,#4507,.T.);
#7236=ORIENTED_EDGE('',*,*,#5246,.T.);
#7237=ORIENTED_EDGE('',*,*,#4879,.F.);
#7238=ORIENTED_EDGE('',*,*,#5239,.F.);
#7239=ORIENTED_EDGE('',*,*,#4500,.F.);
#7240=ORIENTED_EDGE('',*,*,#5247,.T.);
#7241=ORIENTED_EDGE('',*,*,#4894,.F.);
#7242=ORIENTED_EDGE('',*,*,#5248,.F.);
#7243=ORIENTED_EDGE('',*,*,#4501,.F.);
#7244=ORIENTED_EDGE('',*,*,#5248,.T.);
#7245=ORIENTED_EDGE('',*,*,#4893,.F.);
#7246=ORIENTED_EDGE('',*,*,#5249,.F.);
#7247=ORIENTED_EDGE('',*,*,#4502,.F.);
#7248=ORIENTED_EDGE('',*,*,#5249,.T.);
#7249=ORIENTED_EDGE('',*,*,#4892,.F.);
#7250=ORIENTED_EDGE('',*,*,#5250,.F.);
#7251=ORIENTED_EDGE('',*,*,#4503,.F.);
#7252=ORIENTED_EDGE('',*,*,#5250,.T.);
#7253=ORIENTED_EDGE('',*,*,#4891,.F.);
#7254=ORIENTED_EDGE('',*,*,#5251,.F.);
#7255=ORIENTED_EDGE('',*,*,#4504,.F.);
#7256=ORIENTED_EDGE('',*,*,#5251,.T.);
#7257=ORIENTED_EDGE('',*,*,#4890,.F.);
#7258=ORIENTED_EDGE('',*,*,#5252,.F.);
#7259=ORIENTED_EDGE('',*,*,#4505,.T.);
#7260=ORIENTED_EDGE('',*,*,#5252,.T.);
#7261=ORIENTED_EDGE('',*,*,#4889,.F.);
#7262=ORIENTED_EDGE('',*,*,#5253,.F.);
#7263=ORIENTED_EDGE('',*,*,#4506,.F.);
#7264=ORIENTED_EDGE('',*,*,#5253,.T.);
#7265=ORIENTED_EDGE('',*,*,#4888,.F.);
#7266=ORIENTED_EDGE('',*,*,#5254,.F.);
#7267=ORIENTED_EDGE('',*,*,#4499,.T.);
#7268=ORIENTED_EDGE('',*,*,#5254,.T.);
#7269=ORIENTED_EDGE('',*,*,#4887,.F.);
#7270=ORIENTED_EDGE('',*,*,#5247,.F.);
#7271=ORIENTED_EDGE('',*,*,#4492,.F.);
#7272=ORIENTED_EDGE('',*,*,#5255,.T.);
#7273=ORIENTED_EDGE('',*,*,#4902,.F.);
#7274=ORIENTED_EDGE('',*,*,#5256,.F.);
#7275=ORIENTED_EDGE('',*,*,#4493,.F.);
#7276=ORIENTED_EDGE('',*,*,#5256,.T.);
#7277=ORIENTED_EDGE('',*,*,#4901,.F.);
#7278=ORIENTED_EDGE('',*,*,#5257,.F.);
#7279=ORIENTED_EDGE('',*,*,#4494,.F.);
#7280=ORIENTED_EDGE('',*,*,#5257,.T.);
#7281=ORIENTED_EDGE('',*,*,#4900,.F.);
#7282=ORIENTED_EDGE('',*,*,#5258,.F.);
#7283=ORIENTED_EDGE('',*,*,#4495,.F.);
#7284=ORIENTED_EDGE('',*,*,#5258,.T.);
#7285=ORIENTED_EDGE('',*,*,#4899,.F.);
#7286=ORIENTED_EDGE('',*,*,#5259,.F.);
#7287=ORIENTED_EDGE('',*,*,#4496,.F.);
#7288=ORIENTED_EDGE('',*,*,#5259,.T.);
#7289=ORIENTED_EDGE('',*,*,#4898,.F.);
#7290=ORIENTED_EDGE('',*,*,#5260,.F.);
#7291=ORIENTED_EDGE('',*,*,#4497,.T.);
#7292=ORIENTED_EDGE('',*,*,#5260,.T.);
#7293=ORIENTED_EDGE('',*,*,#4897,.F.);
#7294=ORIENTED_EDGE('',*,*,#5261,.F.);
#7295=ORIENTED_EDGE('',*,*,#4498,.F.);
#7296=ORIENTED_EDGE('',*,*,#5261,.T.);
#7297=ORIENTED_EDGE('',*,*,#4896,.F.);
#7298=ORIENTED_EDGE('',*,*,#5262,.F.);
#7299=ORIENTED_EDGE('',*,*,#4491,.T.);
#7300=ORIENTED_EDGE('',*,*,#5262,.T.);
#7301=ORIENTED_EDGE('',*,*,#4895,.F.);
#7302=ORIENTED_EDGE('',*,*,#5255,.F.);
#7303=ORIENTED_EDGE('',*,*,#4484,.F.);
#7304=ORIENTED_EDGE('',*,*,#5263,.T.);
#7305=ORIENTED_EDGE('',*,*,#4910,.F.);
#7306=ORIENTED_EDGE('',*,*,#5264,.F.);
#7307=ORIENTED_EDGE('',*,*,#4485,.T.);
#7308=ORIENTED_EDGE('',*,*,#5264,.T.);
#7309=ORIENTED_EDGE('',*,*,#4909,.F.);
#7310=ORIENTED_EDGE('',*,*,#5265,.F.);
#7311=ORIENTED_EDGE('',*,*,#4486,.F.);
#7312=ORIENTED_EDGE('',*,*,#5265,.T.);
#7313=ORIENTED_EDGE('',*,*,#4908,.F.);
#7314=ORIENTED_EDGE('',*,*,#5266,.F.);
#7315=ORIENTED_EDGE('',*,*,#4487,.F.);
#7316=ORIENTED_EDGE('',*,*,#5266,.T.);
#7317=ORIENTED_EDGE('',*,*,#4907,.F.);
#7318=ORIENTED_EDGE('',*,*,#5267,.F.);
#7319=ORIENTED_EDGE('',*,*,#4488,.F.);
#7320=ORIENTED_EDGE('',*,*,#5267,.T.);
#7321=ORIENTED_EDGE('',*,*,#4906,.F.);
#7322=ORIENTED_EDGE('',*,*,#5268,.F.);
#7323=ORIENTED_EDGE('',*,*,#4489,.F.);
#7324=ORIENTED_EDGE('',*,*,#5268,.T.);
#7325=ORIENTED_EDGE('',*,*,#4905,.F.);
#7326=ORIENTED_EDGE('',*,*,#5269,.F.);
#7327=ORIENTED_EDGE('',*,*,#4490,.F.);
#7328=ORIENTED_EDGE('',*,*,#5269,.T.);
#7329=ORIENTED_EDGE('',*,*,#4904,.F.);
#7330=ORIENTED_EDGE('',*,*,#5270,.F.);
#7331=ORIENTED_EDGE('',*,*,#4483,.T.);
#7332=ORIENTED_EDGE('',*,*,#5270,.T.);
#7333=ORIENTED_EDGE('',*,*,#4903,.F.);
#7334=ORIENTED_EDGE('',*,*,#5263,.F.);
#7335=ORIENTED_EDGE('',*,*,#4476,.F.);
#7336=ORIENTED_EDGE('',*,*,#5271,.T.);
#7337=ORIENTED_EDGE('',*,*,#4918,.F.);
#7338=ORIENTED_EDGE('',*,*,#5272,.F.);
#7339=ORIENTED_EDGE('',*,*,#4477,.F.);
#7340=ORIENTED_EDGE('',*,*,#5272,.T.);
#7341=ORIENTED_EDGE('',*,*,#4917,.F.);
#7342=ORIENTED_EDGE('',*,*,#5273,.F.);
#7343=ORIENTED_EDGE('',*,*,#4478,.F.);
#7344=ORIENTED_EDGE('',*,*,#5273,.T.);
#7345=ORIENTED_EDGE('',*,*,#4916,.F.);
#7346=ORIENTED_EDGE('',*,*,#5274,.F.);
#7347=ORIENTED_EDGE('',*,*,#4479,.F.);
#7348=ORIENTED_EDGE('',*,*,#5274,.T.);
#7349=ORIENTED_EDGE('',*,*,#4915,.F.);
#7350=ORIENTED_EDGE('',*,*,#5275,.F.);
#7351=ORIENTED_EDGE('',*,*,#4480,.F.);
#7352=ORIENTED_EDGE('',*,*,#5275,.T.);
#7353=ORIENTED_EDGE('',*,*,#4914,.F.);
#7354=ORIENTED_EDGE('',*,*,#5276,.F.);
#7355=ORIENTED_EDGE('',*,*,#4481,.T.);
#7356=ORIENTED_EDGE('',*,*,#5276,.T.);
#7357=ORIENTED_EDGE('',*,*,#4913,.F.);
#7358=ORIENTED_EDGE('',*,*,#5277,.F.);
#7359=ORIENTED_EDGE('',*,*,#4482,.F.);
#7360=ORIENTED_EDGE('',*,*,#5277,.T.);
#7361=ORIENTED_EDGE('',*,*,#4912,.F.);
#7362=ORIENTED_EDGE('',*,*,#5278,.F.);
#7363=ORIENTED_EDGE('',*,*,#4475,.T.);
#7364=ORIENTED_EDGE('',*,*,#5278,.T.);
#7365=ORIENTED_EDGE('',*,*,#4911,.F.);
#7366=ORIENTED_EDGE('',*,*,#5271,.F.);
#7367=ORIENTED_EDGE('',*,*,#4468,.F.);
#7368=ORIENTED_EDGE('',*,*,#5279,.T.);
#7369=ORIENTED_EDGE('',*,*,#4926,.F.);
#7370=ORIENTED_EDGE('',*,*,#5280,.F.);
#7371=ORIENTED_EDGE('',*,*,#4469,.F.);
#7372=ORIENTED_EDGE('',*,*,#5280,.T.);
#7373=ORIENTED_EDGE('',*,*,#4925,.F.);
#7374=ORIENTED_EDGE('',*,*,#5281,.F.);
#7375=ORIENTED_EDGE('',*,*,#4470,.F.);
#7376=ORIENTED_EDGE('',*,*,#5281,.T.);
#7377=ORIENTED_EDGE('',*,*,#4924,.F.);
#7378=ORIENTED_EDGE('',*,*,#5282,.F.);
#7379=ORIENTED_EDGE('',*,*,#4471,.F.);
#7380=ORIENTED_EDGE('',*,*,#5282,.T.);
#7381=ORIENTED_EDGE('',*,*,#4923,.F.);
#7382=ORIENTED_EDGE('',*,*,#5283,.F.);
#7383=ORIENTED_EDGE('',*,*,#4472,.F.);
#7384=ORIENTED_EDGE('',*,*,#5283,.T.);
#7385=ORIENTED_EDGE('',*,*,#4922,.F.);
#7386=ORIENTED_EDGE('',*,*,#5284,.F.);
#7387=ORIENTED_EDGE('',*,*,#4473,.T.);
#7388=ORIENTED_EDGE('',*,*,#5284,.T.);
#7389=ORIENTED_EDGE('',*,*,#4921,.F.);
#7390=ORIENTED_EDGE('',*,*,#5285,.F.);
#7391=ORIENTED_EDGE('',*,*,#4474,.F.);
#7392=ORIENTED_EDGE('',*,*,#5285,.T.);
#7393=ORIENTED_EDGE('',*,*,#4920,.F.);
#7394=ORIENTED_EDGE('',*,*,#5286,.F.);
#7395=ORIENTED_EDGE('',*,*,#4467,.T.);
#7396=ORIENTED_EDGE('',*,*,#5286,.T.);
#7397=ORIENTED_EDGE('',*,*,#4919,.F.);
#7398=ORIENTED_EDGE('',*,*,#5279,.F.);
#7399=ORIENTED_EDGE('',*,*,#4460,.F.);
#7400=ORIENTED_EDGE('',*,*,#5287,.T.);
#7401=ORIENTED_EDGE('',*,*,#4934,.F.);
#7402=ORIENTED_EDGE('',*,*,#5288,.F.);
#7403=ORIENTED_EDGE('',*,*,#4461,.F.);
#7404=ORIENTED_EDGE('',*,*,#5288,.T.);
#7405=ORIENTED_EDGE('',*,*,#4933,.F.);
#7406=ORIENTED_EDGE('',*,*,#5289,.F.);
#7407=ORIENTED_EDGE('',*,*,#4462,.F.);
#7408=ORIENTED_EDGE('',*,*,#5289,.T.);
#7409=ORIENTED_EDGE('',*,*,#4932,.F.);
#7410=ORIENTED_EDGE('',*,*,#5290,.F.);
#7411=ORIENTED_EDGE('',*,*,#4463,.F.);
#7412=ORIENTED_EDGE('',*,*,#5290,.T.);
#7413=ORIENTED_EDGE('',*,*,#4931,.F.);
#7414=ORIENTED_EDGE('',*,*,#5291,.F.);
#7415=ORIENTED_EDGE('',*,*,#4464,.F.);
#7416=ORIENTED_EDGE('',*,*,#5291,.T.);
#7417=ORIENTED_EDGE('',*,*,#4930,.F.);
#7418=ORIENTED_EDGE('',*,*,#5292,.F.);
#7419=ORIENTED_EDGE('',*,*,#4465,.T.);
#7420=ORIENTED_EDGE('',*,*,#5292,.T.);
#7421=ORIENTED_EDGE('',*,*,#4929,.F.);
#7422=ORIENTED_EDGE('',*,*,#5293,.F.);
#7423=ORIENTED_EDGE('',*,*,#4466,.F.);
#7424=ORIENTED_EDGE('',*,*,#5293,.T.);
#7425=ORIENTED_EDGE('',*,*,#4928,.F.);
#7426=ORIENTED_EDGE('',*,*,#5294,.F.);
#7427=ORIENTED_EDGE('',*,*,#4459,.T.);
#7428=ORIENTED_EDGE('',*,*,#5294,.T.);
#7429=ORIENTED_EDGE('',*,*,#4927,.F.);
#7430=ORIENTED_EDGE('',*,*,#5287,.F.);
#7431=ORIENTED_EDGE('',*,*,#4452,.F.);
#7432=ORIENTED_EDGE('',*,*,#5295,.T.);
#7433=ORIENTED_EDGE('',*,*,#4942,.F.);
#7434=ORIENTED_EDGE('',*,*,#5296,.F.);
#7435=ORIENTED_EDGE('',*,*,#4453,.T.);
#7436=ORIENTED_EDGE('',*,*,#5296,.T.);
#7437=ORIENTED_EDGE('',*,*,#4941,.F.);
#7438=ORIENTED_EDGE('',*,*,#5297,.F.);
#7439=ORIENTED_EDGE('',*,*,#4454,.F.);
#7440=ORIENTED_EDGE('',*,*,#5297,.T.);
#7441=ORIENTED_EDGE('',*,*,#4940,.F.);
#7442=ORIENTED_EDGE('',*,*,#5298,.F.);
#7443=ORIENTED_EDGE('',*,*,#4455,.F.);
#7444=ORIENTED_EDGE('',*,*,#5298,.T.);
#7445=ORIENTED_EDGE('',*,*,#4939,.F.);
#7446=ORIENTED_EDGE('',*,*,#5299,.F.);
#7447=ORIENTED_EDGE('',*,*,#4456,.F.);
#7448=ORIENTED_EDGE('',*,*,#5299,.T.);
#7449=ORIENTED_EDGE('',*,*,#4938,.F.);
#7450=ORIENTED_EDGE('',*,*,#5300,.F.);
#7451=ORIENTED_EDGE('',*,*,#4457,.F.);
#7452=ORIENTED_EDGE('',*,*,#5300,.T.);
#7453=ORIENTED_EDGE('',*,*,#4937,.F.);
#7454=ORIENTED_EDGE('',*,*,#5301,.F.);
#7455=ORIENTED_EDGE('',*,*,#4458,.F.);
#7456=ORIENTED_EDGE('',*,*,#5301,.T.);
#7457=ORIENTED_EDGE('',*,*,#4936,.F.);
#7458=ORIENTED_EDGE('',*,*,#5302,.F.);
#7459=ORIENTED_EDGE('',*,*,#4451,.T.);
#7460=ORIENTED_EDGE('',*,*,#5302,.T.);
#7461=ORIENTED_EDGE('',*,*,#4935,.F.);
#7462=ORIENTED_EDGE('',*,*,#5295,.F.);
#7463=ORIENTED_EDGE('',*,*,#4444,.F.);
#7464=ORIENTED_EDGE('',*,*,#5303,.T.);
#7465=ORIENTED_EDGE('',*,*,#4950,.F.);
#7466=ORIENTED_EDGE('',*,*,#5304,.F.);
#7467=ORIENTED_EDGE('',*,*,#4445,.F.);
#7468=ORIENTED_EDGE('',*,*,#5304,.T.);
#7469=ORIENTED_EDGE('',*,*,#4949,.F.);
#7470=ORIENTED_EDGE('',*,*,#5305,.F.);
#7471=ORIENTED_EDGE('',*,*,#4446,.F.);
#7472=ORIENTED_EDGE('',*,*,#5305,.T.);
#7473=ORIENTED_EDGE('',*,*,#4948,.F.);
#7474=ORIENTED_EDGE('',*,*,#5306,.F.);
#7475=ORIENTED_EDGE('',*,*,#4447,.F.);
#7476=ORIENTED_EDGE('',*,*,#5306,.T.);
#7477=ORIENTED_EDGE('',*,*,#4947,.F.);
#7478=ORIENTED_EDGE('',*,*,#5307,.F.);
#7479=ORIENTED_EDGE('',*,*,#4448,.F.);
#7480=ORIENTED_EDGE('',*,*,#5307,.T.);
#7481=ORIENTED_EDGE('',*,*,#4946,.F.);
#7482=ORIENTED_EDGE('',*,*,#5308,.F.);
#7483=ORIENTED_EDGE('',*,*,#4449,.T.);
#7484=ORIENTED_EDGE('',*,*,#5308,.T.);
#7485=ORIENTED_EDGE('',*,*,#4945,.F.);
#7486=ORIENTED_EDGE('',*,*,#5309,.F.);
#7487=ORIENTED_EDGE('',*,*,#4450,.F.);
#7488=ORIENTED_EDGE('',*,*,#5309,.T.);
#7489=ORIENTED_EDGE('',*,*,#4944,.F.);
#7490=ORIENTED_EDGE('',*,*,#5310,.F.);
#7491=ORIENTED_EDGE('',*,*,#4443,.T.);
#7492=ORIENTED_EDGE('',*,*,#5310,.T.);
#7493=ORIENTED_EDGE('',*,*,#4943,.F.);
#7494=ORIENTED_EDGE('',*,*,#5303,.F.);
#7495=ORIENTED_EDGE('',*,*,#4436,.T.);
#7496=ORIENTED_EDGE('',*,*,#5311,.T.);
#7497=ORIENTED_EDGE('',*,*,#4958,.F.);
#7498=ORIENTED_EDGE('',*,*,#5312,.F.);
#7499=ORIENTED_EDGE('',*,*,#4437,.F.);
#7500=ORIENTED_EDGE('',*,*,#5312,.T.);
#7501=ORIENTED_EDGE('',*,*,#4957,.F.);
#7502=ORIENTED_EDGE('',*,*,#5313,.F.);
#7503=ORIENTED_EDGE('',*,*,#4438,.T.);
#7504=ORIENTED_EDGE('',*,*,#5313,.T.);
#7505=ORIENTED_EDGE('',*,*,#4956,.F.);
#7506=ORIENTED_EDGE('',*,*,#5314,.F.);
#7507=ORIENTED_EDGE('',*,*,#4439,.F.);
#7508=ORIENTED_EDGE('',*,*,#5314,.T.);
#7509=ORIENTED_EDGE('',*,*,#4955,.F.);
#7510=ORIENTED_EDGE('',*,*,#5315,.F.);
#7511=ORIENTED_EDGE('',*,*,#4440,.T.);
#7512=ORIENTED_EDGE('',*,*,#5315,.T.);
#7513=ORIENTED_EDGE('',*,*,#4954,.F.);
#7514=ORIENTED_EDGE('',*,*,#5316,.F.);
#7515=ORIENTED_EDGE('',*,*,#4441,.T.);
#7516=ORIENTED_EDGE('',*,*,#5316,.T.);
#7517=ORIENTED_EDGE('',*,*,#4953,.F.);
#7518=ORIENTED_EDGE('',*,*,#5317,.F.);
#7519=ORIENTED_EDGE('',*,*,#4442,.T.);
#7520=ORIENTED_EDGE('',*,*,#5317,.T.);
#7521=ORIENTED_EDGE('',*,*,#4952,.F.);
#7522=ORIENTED_EDGE('',*,*,#5318,.F.);
#7523=ORIENTED_EDGE('',*,*,#4435,.T.);
#7524=ORIENTED_EDGE('',*,*,#5318,.T.);
#7525=ORIENTED_EDGE('',*,*,#4951,.F.);
#7526=ORIENTED_EDGE('',*,*,#5311,.F.);
#7527=ORIENTED_EDGE('',*,*,#4428,.F.);
#7528=ORIENTED_EDGE('',*,*,#5319,.T.);
#7529=ORIENTED_EDGE('',*,*,#4966,.F.);
#7530=ORIENTED_EDGE('',*,*,#5320,.F.);
#7531=ORIENTED_EDGE('',*,*,#4429,.F.);
#7532=ORIENTED_EDGE('',*,*,#5320,.T.);
#7533=ORIENTED_EDGE('',*,*,#4965,.F.);
#7534=ORIENTED_EDGE('',*,*,#5321,.F.);
#7535=ORIENTED_EDGE('',*,*,#4430,.F.);
#7536=ORIENTED_EDGE('',*,*,#5321,.T.);
#7537=ORIENTED_EDGE('',*,*,#4964,.F.);
#7538=ORIENTED_EDGE('',*,*,#5322,.F.);
#7539=ORIENTED_EDGE('',*,*,#4431,.F.);
#7540=ORIENTED_EDGE('',*,*,#5322,.T.);
#7541=ORIENTED_EDGE('',*,*,#4963,.F.);
#7542=ORIENTED_EDGE('',*,*,#5323,.F.);
#7543=ORIENTED_EDGE('',*,*,#4432,.F.);
#7544=ORIENTED_EDGE('',*,*,#5323,.T.);
#7545=ORIENTED_EDGE('',*,*,#4962,.F.);
#7546=ORIENTED_EDGE('',*,*,#5324,.F.);
#7547=ORIENTED_EDGE('',*,*,#4433,.T.);
#7548=ORIENTED_EDGE('',*,*,#5324,.T.);
#7549=ORIENTED_EDGE('',*,*,#4961,.F.);
#7550=ORIENTED_EDGE('',*,*,#5325,.F.);
#7551=ORIENTED_EDGE('',*,*,#4434,.F.);
#7552=ORIENTED_EDGE('',*,*,#5325,.T.);
#7553=ORIENTED_EDGE('',*,*,#4960,.F.);
#7554=ORIENTED_EDGE('',*,*,#5326,.F.);
#7555=ORIENTED_EDGE('',*,*,#4427,.T.);
#7556=ORIENTED_EDGE('',*,*,#5326,.T.);
#7557=ORIENTED_EDGE('',*,*,#4959,.F.);
#7558=ORIENTED_EDGE('',*,*,#5319,.F.);
#7559=ORIENTED_EDGE('',*,*,#4420,.F.);
#7560=ORIENTED_EDGE('',*,*,#5327,.T.);
#7561=ORIENTED_EDGE('',*,*,#4974,.F.);
#7562=ORIENTED_EDGE('',*,*,#5328,.F.);
#7563=ORIENTED_EDGE('',*,*,#4421,.F.);
#7564=ORIENTED_EDGE('',*,*,#5328,.T.);
#7565=ORIENTED_EDGE('',*,*,#4973,.F.);
#7566=ORIENTED_EDGE('',*,*,#5329,.F.);
#7567=ORIENTED_EDGE('',*,*,#4422,.F.);
#7568=ORIENTED_EDGE('',*,*,#5329,.T.);
#7569=ORIENTED_EDGE('',*,*,#4972,.F.);
#7570=ORIENTED_EDGE('',*,*,#5330,.F.);
#7571=ORIENTED_EDGE('',*,*,#4423,.F.);
#7572=ORIENTED_EDGE('',*,*,#5330,.T.);
#7573=ORIENTED_EDGE('',*,*,#4971,.F.);
#7574=ORIENTED_EDGE('',*,*,#5331,.F.);
#7575=ORIENTED_EDGE('',*,*,#4424,.F.);
#7576=ORIENTED_EDGE('',*,*,#5331,.T.);
#7577=ORIENTED_EDGE('',*,*,#4970,.F.);
#7578=ORIENTED_EDGE('',*,*,#5332,.F.);
#7579=ORIENTED_EDGE('',*,*,#4425,.F.);
#7580=ORIENTED_EDGE('',*,*,#5332,.T.);
#7581=ORIENTED_EDGE('',*,*,#4969,.F.);
#7582=ORIENTED_EDGE('',*,*,#5333,.F.);
#7583=ORIENTED_EDGE('',*,*,#4426,.F.);
#7584=ORIENTED_EDGE('',*,*,#5333,.T.);
#7585=ORIENTED_EDGE('',*,*,#4968,.F.);
#7586=ORIENTED_EDGE('',*,*,#5334,.F.);
#7587=ORIENTED_EDGE('',*,*,#4419,.F.);
#7588=ORIENTED_EDGE('',*,*,#5334,.T.);
#7589=ORIENTED_EDGE('',*,*,#4967,.F.);
#7590=ORIENTED_EDGE('',*,*,#5327,.F.);
#7591=ORIENTED_EDGE('',*,*,#4412,.F.);
#7592=ORIENTED_EDGE('',*,*,#5335,.T.);
#7593=ORIENTED_EDGE('',*,*,#4982,.F.);
#7594=ORIENTED_EDGE('',*,*,#5336,.F.);
#7595=ORIENTED_EDGE('',*,*,#4413,.F.);
#7596=ORIENTED_EDGE('',*,*,#5336,.T.);
#7597=ORIENTED_EDGE('',*,*,#4981,.F.);
#7598=ORIENTED_EDGE('',*,*,#5337,.F.);
#7599=ORIENTED_EDGE('',*,*,#4414,.F.);
#7600=ORIENTED_EDGE('',*,*,#5337,.T.);
#7601=ORIENTED_EDGE('',*,*,#4980,.F.);
#7602=ORIENTED_EDGE('',*,*,#5338,.F.);
#7603=ORIENTED_EDGE('',*,*,#4415,.F.);
#7604=ORIENTED_EDGE('',*,*,#5338,.T.);
#7605=ORIENTED_EDGE('',*,*,#4979,.F.);
#7606=ORIENTED_EDGE('',*,*,#5339,.F.);
#7607=ORIENTED_EDGE('',*,*,#4416,.F.);
#7608=ORIENTED_EDGE('',*,*,#5339,.T.);
#7609=ORIENTED_EDGE('',*,*,#4978,.F.);
#7610=ORIENTED_EDGE('',*,*,#5340,.F.);
#7611=ORIENTED_EDGE('',*,*,#4417,.T.);
#7612=ORIENTED_EDGE('',*,*,#5340,.T.);
#7613=ORIENTED_EDGE('',*,*,#4977,.F.);
#7614=ORIENTED_EDGE('',*,*,#5341,.F.);
#7615=ORIENTED_EDGE('',*,*,#4418,.F.);
#7616=ORIENTED_EDGE('',*,*,#5341,.T.);
#7617=ORIENTED_EDGE('',*,*,#4976,.F.);
#7618=ORIENTED_EDGE('',*,*,#5342,.F.);
#7619=ORIENTED_EDGE('',*,*,#4411,.T.);
#7620=ORIENTED_EDGE('',*,*,#5342,.T.);
#7621=ORIENTED_EDGE('',*,*,#4975,.F.);
#7622=ORIENTED_EDGE('',*,*,#5335,.F.);
#7623=ORIENTED_EDGE('',*,*,#4404,.F.);
#7624=ORIENTED_EDGE('',*,*,#5343,.T.);
#7625=ORIENTED_EDGE('',*,*,#4990,.F.);
#7626=ORIENTED_EDGE('',*,*,#5344,.F.);
#7627=ORIENTED_EDGE('',*,*,#4405,.T.);
#7628=ORIENTED_EDGE('',*,*,#5344,.T.);
#7629=ORIENTED_EDGE('',*,*,#4989,.F.);
#7630=ORIENTED_EDGE('',*,*,#5345,.F.);
#7631=ORIENTED_EDGE('',*,*,#4406,.F.);
#7632=ORIENTED_EDGE('',*,*,#5345,.T.);
#7633=ORIENTED_EDGE('',*,*,#4988,.F.);
#7634=ORIENTED_EDGE('',*,*,#5346,.F.);
#7635=ORIENTED_EDGE('',*,*,#4407,.T.);
#7636=ORIENTED_EDGE('',*,*,#5346,.T.);
#7637=ORIENTED_EDGE('',*,*,#4987,.F.);
#7638=ORIENTED_EDGE('',*,*,#5347,.F.);
#7639=ORIENTED_EDGE('',*,*,#4408,.F.);
#7640=ORIENTED_EDGE('',*,*,#5347,.T.);
#7641=ORIENTED_EDGE('',*,*,#4986,.F.);
#7642=ORIENTED_EDGE('',*,*,#5348,.F.);
#7643=ORIENTED_EDGE('',*,*,#4409,.T.);
#7644=ORIENTED_EDGE('',*,*,#5348,.T.);
#7645=ORIENTED_EDGE('',*,*,#4985,.F.);
#7646=ORIENTED_EDGE('',*,*,#5349,.F.);
#7647=ORIENTED_EDGE('',*,*,#4410,.T.);
#7648=ORIENTED_EDGE('',*,*,#5349,.T.);
#7649=ORIENTED_EDGE('',*,*,#4984,.F.);
#7650=ORIENTED_EDGE('',*,*,#5350,.F.);
#7651=ORIENTED_EDGE('',*,*,#4403,.T.);
#7652=ORIENTED_EDGE('',*,*,#5350,.T.);
#7653=ORIENTED_EDGE('',*,*,#4983,.F.);
#7654=ORIENTED_EDGE('',*,*,#5343,.F.);
#7655=ORIENTED_EDGE('',*,*,#4396,.F.);
#7656=ORIENTED_EDGE('',*,*,#5351,.T.);
#7657=ORIENTED_EDGE('',*,*,#4998,.F.);
#7658=ORIENTED_EDGE('',*,*,#5352,.F.);
#7659=ORIENTED_EDGE('',*,*,#4397,.F.);
#7660=ORIENTED_EDGE('',*,*,#5352,.T.);
#7661=ORIENTED_EDGE('',*,*,#4997,.F.);
#7662=ORIENTED_EDGE('',*,*,#5353,.F.);
#7663=ORIENTED_EDGE('',*,*,#4398,.F.);
#7664=ORIENTED_EDGE('',*,*,#5353,.T.);
#7665=ORIENTED_EDGE('',*,*,#4996,.F.);
#7666=ORIENTED_EDGE('',*,*,#5354,.F.);
#7667=ORIENTED_EDGE('',*,*,#4399,.F.);
#7668=ORIENTED_EDGE('',*,*,#5354,.T.);
#7669=ORIENTED_EDGE('',*,*,#4995,.F.);
#7670=ORIENTED_EDGE('',*,*,#5355,.F.);
#7671=ORIENTED_EDGE('',*,*,#4400,.F.);
#7672=ORIENTED_EDGE('',*,*,#5355,.T.);
#7673=ORIENTED_EDGE('',*,*,#4994,.F.);
#7674=ORIENTED_EDGE('',*,*,#5356,.F.);
#7675=ORIENTED_EDGE('',*,*,#4401,.F.);
#7676=ORIENTED_EDGE('',*,*,#5356,.T.);
#7677=ORIENTED_EDGE('',*,*,#4993,.F.);
#7678=ORIENTED_EDGE('',*,*,#5357,.F.);
#7679=ORIENTED_EDGE('',*,*,#4402,.F.);
#7680=ORIENTED_EDGE('',*,*,#5357,.T.);
#7681=ORIENTED_EDGE('',*,*,#4992,.F.);
#7682=ORIENTED_EDGE('',*,*,#5358,.F.);
#7683=ORIENTED_EDGE('',*,*,#4395,.F.);
#7684=ORIENTED_EDGE('',*,*,#5358,.T.);
#7685=ORIENTED_EDGE('',*,*,#4991,.F.);
#7686=ORIENTED_EDGE('',*,*,#5351,.F.);
#7687=ORIENTED_EDGE('',*,*,#4388,.T.);
#7688=ORIENTED_EDGE('',*,*,#5359,.T.);
#7689=ORIENTED_EDGE('',*,*,#5006,.F.);
#7690=ORIENTED_EDGE('',*,*,#5360,.F.);
#7691=ORIENTED_EDGE('',*,*,#4389,.T.);
#7692=ORIENTED_EDGE('',*,*,#5360,.T.);
#7693=ORIENTED_EDGE('',*,*,#5005,.F.);
#7694=ORIENTED_EDGE('',*,*,#5361,.F.);
#7695=ORIENTED_EDGE('',*,*,#4390,.T.);
#7696=ORIENTED_EDGE('',*,*,#5361,.T.);
#7697=ORIENTED_EDGE('',*,*,#5004,.F.);
#7698=ORIENTED_EDGE('',*,*,#5362,.F.);
#7699=ORIENTED_EDGE('',*,*,#4391,.T.);
#7700=ORIENTED_EDGE('',*,*,#5362,.T.);
#7701=ORIENTED_EDGE('',*,*,#5003,.F.);
#7702=ORIENTED_EDGE('',*,*,#5363,.F.);
#7703=ORIENTED_EDGE('',*,*,#4392,.T.);
#7704=ORIENTED_EDGE('',*,*,#5363,.T.);
#7705=ORIENTED_EDGE('',*,*,#5002,.F.);
#7706=ORIENTED_EDGE('',*,*,#5364,.F.);
#7707=ORIENTED_EDGE('',*,*,#4393,.T.);
#7708=ORIENTED_EDGE('',*,*,#5364,.T.);
#7709=ORIENTED_EDGE('',*,*,#5001,.F.);
#7710=ORIENTED_EDGE('',*,*,#5365,.F.);
#7711=ORIENTED_EDGE('',*,*,#4394,.T.);
#7712=ORIENTED_EDGE('',*,*,#5365,.T.);
#7713=ORIENTED_EDGE('',*,*,#5000,.F.);
#7714=ORIENTED_EDGE('',*,*,#5366,.F.);
#7715=ORIENTED_EDGE('',*,*,#4387,.T.);
#7716=ORIENTED_EDGE('',*,*,#5366,.T.);
#7717=ORIENTED_EDGE('',*,*,#4999,.F.);
#7718=ORIENTED_EDGE('',*,*,#5359,.F.);
#7719=ORIENTED_EDGE('',*,*,#4380,.F.);
#7720=ORIENTED_EDGE('',*,*,#5367,.T.);
#7721=ORIENTED_EDGE('',*,*,#5014,.F.);
#7722=ORIENTED_EDGE('',*,*,#5368,.F.);
#7723=ORIENTED_EDGE('',*,*,#4381,.F.);
#7724=ORIENTED_EDGE('',*,*,#5368,.T.);
#7725=ORIENTED_EDGE('',*,*,#5013,.F.);
#7726=ORIENTED_EDGE('',*,*,#5369,.F.);
#7727=ORIENTED_EDGE('',*,*,#4382,.F.);
#7728=ORIENTED_EDGE('',*,*,#5369,.T.);
#7729=ORIENTED_EDGE('',*,*,#5012,.F.);
#7730=ORIENTED_EDGE('',*,*,#5370,.F.);
#7731=ORIENTED_EDGE('',*,*,#4383,.F.);
#7732=ORIENTED_EDGE('',*,*,#5370,.T.);
#7733=ORIENTED_EDGE('',*,*,#5011,.F.);
#7734=ORIENTED_EDGE('',*,*,#5371,.F.);
#7735=ORIENTED_EDGE('',*,*,#4384,.F.);
#7736=ORIENTED_EDGE('',*,*,#5371,.T.);
#7737=ORIENTED_EDGE('',*,*,#5010,.F.);
#7738=ORIENTED_EDGE('',*,*,#5372,.F.);
#7739=ORIENTED_EDGE('',*,*,#4385,.F.);
#7740=ORIENTED_EDGE('',*,*,#5372,.T.);
#7741=ORIENTED_EDGE('',*,*,#5009,.F.);
#7742=ORIENTED_EDGE('',*,*,#5373,.F.);
#7743=ORIENTED_EDGE('',*,*,#4386,.F.);
#7744=ORIENTED_EDGE('',*,*,#5373,.T.);
#7745=ORIENTED_EDGE('',*,*,#5008,.F.);
#7746=ORIENTED_EDGE('',*,*,#5374,.F.);
#7747=ORIENTED_EDGE('',*,*,#4379,.F.);
#7748=ORIENTED_EDGE('',*,*,#5374,.T.);
#7749=ORIENTED_EDGE('',*,*,#5007,.F.);
#7750=ORIENTED_EDGE('',*,*,#5367,.F.);
#7751=ORIENTED_EDGE('',*,*,#4372,.T.);
#7752=ORIENTED_EDGE('',*,*,#5375,.T.);
#7753=ORIENTED_EDGE('',*,*,#5022,.F.);
#7754=ORIENTED_EDGE('',*,*,#5376,.F.);
#7755=ORIENTED_EDGE('',*,*,#4373,.T.);
#7756=ORIENTED_EDGE('',*,*,#5376,.T.);
#7757=ORIENTED_EDGE('',*,*,#5021,.F.);
#7758=ORIENTED_EDGE('',*,*,#5377,.F.);
#7759=ORIENTED_EDGE('',*,*,#4374,.T.);
#7760=ORIENTED_EDGE('',*,*,#5377,.T.);
#7761=ORIENTED_EDGE('',*,*,#5020,.F.);
#7762=ORIENTED_EDGE('',*,*,#5378,.F.);
#7763=ORIENTED_EDGE('',*,*,#4375,.T.);
#7764=ORIENTED_EDGE('',*,*,#5378,.T.);
#7765=ORIENTED_EDGE('',*,*,#5019,.F.);
#7766=ORIENTED_EDGE('',*,*,#5379,.F.);
#7767=ORIENTED_EDGE('',*,*,#4376,.T.);
#7768=ORIENTED_EDGE('',*,*,#5379,.T.);
#7769=ORIENTED_EDGE('',*,*,#5018,.F.);
#7770=ORIENTED_EDGE('',*,*,#5380,.F.);
#7771=ORIENTED_EDGE('',*,*,#4377,.T.);
#7772=ORIENTED_EDGE('',*,*,#5380,.T.);
#7773=ORIENTED_EDGE('',*,*,#5017,.F.);
#7774=ORIENTED_EDGE('',*,*,#5381,.F.);
#7775=ORIENTED_EDGE('',*,*,#4378,.T.);
#7776=ORIENTED_EDGE('',*,*,#5381,.T.);
#7777=ORIENTED_EDGE('',*,*,#5016,.F.);
#7778=ORIENTED_EDGE('',*,*,#5382,.F.);
#7779=ORIENTED_EDGE('',*,*,#4371,.T.);
#7780=ORIENTED_EDGE('',*,*,#5382,.T.);
#7781=ORIENTED_EDGE('',*,*,#5015,.F.);
#7782=ORIENTED_EDGE('',*,*,#5375,.F.);
#7783=ORIENTED_EDGE('',*,*,#4364,.F.);
#7784=ORIENTED_EDGE('',*,*,#5383,.T.);
#7785=ORIENTED_EDGE('',*,*,#5030,.F.);
#7786=ORIENTED_EDGE('',*,*,#5384,.F.);
#7787=ORIENTED_EDGE('',*,*,#4365,.F.);
#7788=ORIENTED_EDGE('',*,*,#5384,.T.);
#7789=ORIENTED_EDGE('',*,*,#5029,.F.);
#7790=ORIENTED_EDGE('',*,*,#5385,.F.);
#7791=ORIENTED_EDGE('',*,*,#4366,.F.);
#7792=ORIENTED_EDGE('',*,*,#5385,.T.);
#7793=ORIENTED_EDGE('',*,*,#5028,.F.);
#7794=ORIENTED_EDGE('',*,*,#5386,.F.);
#7795=ORIENTED_EDGE('',*,*,#4367,.F.);
#7796=ORIENTED_EDGE('',*,*,#5386,.T.);
#7797=ORIENTED_EDGE('',*,*,#5027,.F.);
#7798=ORIENTED_EDGE('',*,*,#5387,.F.);
#7799=ORIENTED_EDGE('',*,*,#4368,.F.);
#7800=ORIENTED_EDGE('',*,*,#5387,.T.);
#7801=ORIENTED_EDGE('',*,*,#5026,.F.);
#7802=ORIENTED_EDGE('',*,*,#5388,.F.);
#7803=ORIENTED_EDGE('',*,*,#4369,.F.);
#7804=ORIENTED_EDGE('',*,*,#5388,.T.);
#7805=ORIENTED_EDGE('',*,*,#5025,.F.);
#7806=ORIENTED_EDGE('',*,*,#5389,.F.);
#7807=ORIENTED_EDGE('',*,*,#4370,.F.);
#7808=ORIENTED_EDGE('',*,*,#5389,.T.);
#7809=ORIENTED_EDGE('',*,*,#5024,.F.);
#7810=ORIENTED_EDGE('',*,*,#5390,.F.);
#7811=ORIENTED_EDGE('',*,*,#4363,.F.);
#7812=ORIENTED_EDGE('',*,*,#5390,.T.);
#7813=ORIENTED_EDGE('',*,*,#5023,.F.);
#7814=ORIENTED_EDGE('',*,*,#5383,.F.);
#7815=ORIENTED_EDGE('',*,*,#4356,.F.);
#7816=ORIENTED_EDGE('',*,*,#5391,.T.);
#7817=ORIENTED_EDGE('',*,*,#5038,.F.);
#7818=ORIENTED_EDGE('',*,*,#5392,.F.);
#7819=ORIENTED_EDGE('',*,*,#4357,.T.);
#7820=ORIENTED_EDGE('',*,*,#5392,.T.);
#7821=ORIENTED_EDGE('',*,*,#5037,.F.);
#7822=ORIENTED_EDGE('',*,*,#5393,.F.);
#7823=ORIENTED_EDGE('',*,*,#4358,.F.);
#7824=ORIENTED_EDGE('',*,*,#5393,.T.);
#7825=ORIENTED_EDGE('',*,*,#5036,.F.);
#7826=ORIENTED_EDGE('',*,*,#5394,.F.);
#7827=ORIENTED_EDGE('',*,*,#4359,.F.);
#7828=ORIENTED_EDGE('',*,*,#5394,.T.);
#7829=ORIENTED_EDGE('',*,*,#5035,.F.);
#7830=ORIENTED_EDGE('',*,*,#5395,.F.);
#7831=ORIENTED_EDGE('',*,*,#4360,.F.);
#7832=ORIENTED_EDGE('',*,*,#5395,.T.);
#7833=ORIENTED_EDGE('',*,*,#5034,.F.);
#7834=ORIENTED_EDGE('',*,*,#5396,.F.);
#7835=ORIENTED_EDGE('',*,*,#4361,.F.);
#7836=ORIENTED_EDGE('',*,*,#5396,.T.);
#7837=ORIENTED_EDGE('',*,*,#5033,.F.);
#7838=ORIENTED_EDGE('',*,*,#5397,.F.);
#7839=ORIENTED_EDGE('',*,*,#4362,.F.);
#7840=ORIENTED_EDGE('',*,*,#5397,.T.);
#7841=ORIENTED_EDGE('',*,*,#5032,.F.);
#7842=ORIENTED_EDGE('',*,*,#5398,.F.);
#7843=ORIENTED_EDGE('',*,*,#4355,.T.);
#7844=ORIENTED_EDGE('',*,*,#5398,.T.);
#7845=ORIENTED_EDGE('',*,*,#5031,.F.);
#7846=ORIENTED_EDGE('',*,*,#5391,.F.);
#7847=ORIENTED_EDGE('',*,*,#4348,.F.);
#7848=ORIENTED_EDGE('',*,*,#5399,.T.);
#7849=ORIENTED_EDGE('',*,*,#5046,.F.);
#7850=ORIENTED_EDGE('',*,*,#5400,.F.);
#7851=ORIENTED_EDGE('',*,*,#4349,.F.);
#7852=ORIENTED_EDGE('',*,*,#5400,.T.);
#7853=ORIENTED_EDGE('',*,*,#5045,.F.);
#7854=ORIENTED_EDGE('',*,*,#5401,.F.);
#7855=ORIENTED_EDGE('',*,*,#4350,.F.);
#7856=ORIENTED_EDGE('',*,*,#5401,.T.);
#7857=ORIENTED_EDGE('',*,*,#5044,.F.);
#7858=ORIENTED_EDGE('',*,*,#5402,.F.);
#7859=ORIENTED_EDGE('',*,*,#4351,.F.);
#7860=ORIENTED_EDGE('',*,*,#5402,.T.);
#7861=ORIENTED_EDGE('',*,*,#5043,.F.);
#7862=ORIENTED_EDGE('',*,*,#5403,.F.);
#7863=ORIENTED_EDGE('',*,*,#4352,.F.);
#7864=ORIENTED_EDGE('',*,*,#5403,.T.);
#7865=ORIENTED_EDGE('',*,*,#5042,.F.);
#7866=ORIENTED_EDGE('',*,*,#5404,.F.);
#7867=ORIENTED_EDGE('',*,*,#4353,.T.);
#7868=ORIENTED_EDGE('',*,*,#5404,.T.);
#7869=ORIENTED_EDGE('',*,*,#5041,.F.);
#7870=ORIENTED_EDGE('',*,*,#5405,.F.);
#7871=ORIENTED_EDGE('',*,*,#4354,.F.);
#7872=ORIENTED_EDGE('',*,*,#5405,.T.);
#7873=ORIENTED_EDGE('',*,*,#5040,.F.);
#7874=ORIENTED_EDGE('',*,*,#5406,.F.);
#7875=ORIENTED_EDGE('',*,*,#4347,.T.);
#7876=ORIENTED_EDGE('',*,*,#5406,.T.);
#7877=ORIENTED_EDGE('',*,*,#5039,.F.);
#7878=ORIENTED_EDGE('',*,*,#5399,.F.);
#7879=ORIENTED_EDGE('',*,*,#4340,.F.);
#7880=ORIENTED_EDGE('',*,*,#5407,.T.);
#7881=ORIENTED_EDGE('',*,*,#5054,.F.);
#7882=ORIENTED_EDGE('',*,*,#5408,.F.);
#7883=ORIENTED_EDGE('',*,*,#4341,.F.);
#7884=ORIENTED_EDGE('',*,*,#5408,.T.);
#7885=ORIENTED_EDGE('',*,*,#5053,.F.);
#7886=ORIENTED_EDGE('',*,*,#5409,.F.);
#7887=ORIENTED_EDGE('',*,*,#4342,.F.);
#7888=ORIENTED_EDGE('',*,*,#5409,.T.);
#7889=ORIENTED_EDGE('',*,*,#5052,.F.);
#7890=ORIENTED_EDGE('',*,*,#5410,.F.);
#7891=ORIENTED_EDGE('',*,*,#4343,.F.);
#7892=ORIENTED_EDGE('',*,*,#5410,.T.);
#7893=ORIENTED_EDGE('',*,*,#5051,.F.);
#7894=ORIENTED_EDGE('',*,*,#5411,.F.);
#7895=ORIENTED_EDGE('',*,*,#4344,.F.);
#7896=ORIENTED_EDGE('',*,*,#5411,.T.);
#7897=ORIENTED_EDGE('',*,*,#5050,.F.);
#7898=ORIENTED_EDGE('',*,*,#5412,.F.);
#7899=ORIENTED_EDGE('',*,*,#4345,.T.);
#7900=ORIENTED_EDGE('',*,*,#5412,.T.);
#7901=ORIENTED_EDGE('',*,*,#5049,.F.);
#7902=ORIENTED_EDGE('',*,*,#5413,.F.);
#7903=ORIENTED_EDGE('',*,*,#4346,.F.);
#7904=ORIENTED_EDGE('',*,*,#5413,.T.);
#7905=ORIENTED_EDGE('',*,*,#5048,.F.);
#7906=ORIENTED_EDGE('',*,*,#5414,.F.);
#7907=ORIENTED_EDGE('',*,*,#4339,.T.);
#7908=ORIENTED_EDGE('',*,*,#5414,.T.);
#7909=ORIENTED_EDGE('',*,*,#5047,.F.);
#7910=ORIENTED_EDGE('',*,*,#5407,.F.);
#7911=PLANE('',#8557);
#7912=PLANE('',#8558);
#7913=PLANE('',#8559);
#7914=PLANE('',#8563);
#7915=PLANE('',#8567);
#7916=PLANE('',#8568);
#7917=PLANE('',#8569);
#7918=PLANE('',#8573);
#7919=PLANE('',#8577);
#7920=PLANE('',#8581);
#7921=PLANE('',#8585);
#7922=PLANE('',#8586);
#7923=PLANE('',#8587);
#7924=PLANE('',#8591);
#7925=PLANE('',#8595);
#7926=PLANE('',#8596);
#7927=PLANE('',#8597);
#7928=PLANE('',#8601);
#7929=PLANE('',#8605);
#7930=PLANE('',#8609);
#7931=PLANE('',#8616);
#7932=PLANE('',#8623);
#7933=PLANE('',#8630);
#7934=PLANE('',#8637);
#7935=PLANE('',#8641);
#7936=PLANE('',#8642);
#7937=PLANE('',#8643);
#7938=PLANE('',#8644);
#7939=PLANE('',#8645);
#7940=PLANE('',#8646);
#7941=PLANE('',#8647);
#7942=PLANE('',#8648);
#7943=PLANE('',#8649);
#7944=PLANE('',#8834);
#7945=PLANE('',#9021);
#7946=PLANE('',#9023);
#7947=PLANE('',#9026);
#7948=PLANE('',#9029);
#7949=PLANE('',#9032);
#7950=PLANE('',#9034);
#7951=PLANE('',#9036);
#7952=PLANE('',#9038);
#7953=PLANE('',#9040);
#7954=PLANE('',#9042);
#7955=PLANE('',#9044);
#7956=PLANE('',#9046);
#7957=PLANE('',#9048);
#7958=PLANE('',#9050);
#7959=PLANE('',#9052);
#7960=PLANE('',#9054);
#7961=PLANE('',#9056);
#7962=PLANE('',#9058);
#7963=PLANE('',#9060);
#7964=PLANE('',#9062);
#7965=PLANE('',#9064);
#7966=PLANE('',#9066);
#7967=PLANE('',#9068);
#7968=PLANE('',#9070);
#7969=PLANE('',#9072);
#7970=PLANE('',#9074);
#7971=PLANE('',#9076);
#7972=PLANE('',#9078);
#7973=PLANE('',#9080);
#7974=PLANE('',#9082);
#7975=PLANE('',#9084);
#7976=PLANE('',#9086);
#7977=PLANE('',#9087);
#7978=PLANE('',#9089);
#7979=PLANE('',#9091);
#7980=PLANE('',#9093);
#7981=PLANE('',#9096);
#7982=PLANE('',#9098);
#7983=PLANE('',#9100);
#7984=PLANE('',#9102);
#7985=PLANE('',#9104);
#7986=PLANE('',#9106);
#7987=PLANE('',#9108);
#7988=PLANE('',#9110);
#7989=PLANE('',#9112);
#7990=PLANE('',#9114);
#7991=PLANE('',#9116);
#7992=PLANE('',#9118);
#7993=PLANE('',#9120);
#7994=PLANE('',#9122);
#7995=PLANE('',#9124);
#7996=PLANE('',#9126);
#7997=PLANE('',#9128);
#7998=PLANE('',#9130);
#7999=PLANE('',#9132);
#8000=PLANE('',#9134);
#8001=PLANE('',#9136);
#8002=PLANE('',#9138);
#8003=PLANE('',#9140);
#8004=PLANE('',#9142);
#8005=PLANE('',#9144);
#8006=PLANE('',#9146);
#8007=PLANE('',#9148);
#8008=PLANE('',#9150);
#8009=PLANE('',#9151);
#8010=PLANE('',#9153);
#8011=PLANE('',#9155);
#8012=PLANE('',#9157);
#8013=PLANE('',#9160);
#8014=PLANE('',#9162);
#8015=PLANE('',#9164);
#8016=PLANE('',#9166);
#8017=PLANE('',#9167);
#8018=PLANE('',#9169);
#8019=PLANE('',#9171);
#8020=PLANE('',#9173);
#8021=PLANE('',#9175);
#8022=PLANE('',#9177);
#8023=PLANE('',#9179);
#8024=PLANE('',#9181);
#8025=PLANE('',#9184);
#8026=PLANE('',#9186);
#8027=PLANE('',#9188);
#8028=PLANE('',#9190);
#8029=PLANE('',#9192);
#8030=PLANE('',#9194);
#8031=PLANE('',#9196);
#8032=PLANE('',#9198);
#8033=PLANE('',#9200);
#8034=PLANE('',#9202);
#8035=PLANE('',#9204);
#8036=PLANE('',#9206);
#8037=PLANE('',#9208);
#8038=PLANE('',#9210);
#8039=PLANE('',#9212);
#8040=PLANE('',#9214);
#8041=PLANE('',#9216);
#8042=PLANE('',#9218);
#8043=PLANE('',#9220);
#8044=PLANE('',#9222);
#8045=PLANE('',#9224);
#8046=PLANE('',#9226);
#8047=PLANE('',#9228);
#8048=PLANE('',#9230);
#8049=PLANE('',#9232);
#8050=PLANE('',#9234);
#8051=PLANE('',#9236);
#8052=PLANE('',#9238);
#8053=PLANE('',#9240);
#8054=PLANE('',#9242);
#8055=PLANE('',#9244);
#8056=PLANE('',#9246);
#8057=PLANE('',#9248);
#8058=PLANE('',#9250);
#8059=PLANE('',#9252);
#8060=PLANE('',#9254);
#8061=PLANE('',#9256);
#8062=PLANE('',#9258);
#8063=PLANE('',#9260);
#8064=PLANE('',#9262);
#8065=PLANE('',#9264);
#8066=PLANE('',#9266);
#8067=PLANE('',#9268);
#8068=PLANE('',#9270);
#8069=PLANE('',#9272);
#8070=PLANE('',#9274);
#8071=PLANE('',#9276);
#8072=PLANE('',#9278);
#8073=PLANE('',#9280);
#8074=PLANE('',#9282);
#8075=PLANE('',#9284);
#8076=PLANE('',#9286);
#8077=PLANE('',#9288);
#8078=PLANE('',#9290);
#8079=PLANE('',#9292);
#8080=PLANE('',#9294);
#8081=PLANE('',#9296);
#8082=PLANE('',#9298);
#8083=PLANE('',#9300);
#8084=PLANE('',#9302);
#8085=PLANE('',#9304);
#8086=PLANE('',#9306);
#8087=PLANE('',#9308);
#8088=PLANE('',#9310);
#8089=PLANE('',#9312);
#8090=PLANE('',#9314);
#8091=PLANE('',#9316);
#8092=PLANE('',#9318);
#8093=PLANE('',#9320);
#8094=PLANE('',#9322);
#8095=PLANE('',#9324);
#8096=PLANE('',#9326);
#8097=PLANE('',#9327);
#8098=PLANE('',#9329);
#8099=PLANE('',#9331);
#8100=PLANE('',#9333);
#8101=PLANE('',#9335);
#8102=PLANE('',#9337);
#8103=PLANE('',#9339);
#8104=PLANE('',#9341);
#8105=PLANE('',#9343);
#8106=PLANE('',#9345);
#8107=PLANE('',#9347);
#8108=PLANE('',#9349);
#8109=PLANE('',#9351);
#8110=PLANE('',#9353);
#8111=PLANE('',#9355);
#8112=PLANE('',#9357);
#8113=PLANE('',#9360);
#8114=PLANE('',#9362);
#8115=PLANE('',#9364);
#8116=PLANE('',#9366);
#8117=PLANE('',#9368);
#8118=PLANE('',#9370);
#8119=PLANE('',#9372);
#8120=PLANE('',#9374);
#8121=PLANE('',#9376);
#8122=PLANE('',#9378);
#8123=PLANE('',#9380);
#8124=PLANE('',#9382);
#8125=ADVANCED_FACE('',(#723),#7911,.F.);
#8126=ADVANCED_FACE('',(#724),#7912,.F.);
#8127=ADVANCED_FACE('',(#725),#7913,.F.);
#8128=ADVANCED_FACE('',(#726),#519,.F.);
#8129=ADVANCED_FACE('',(#727),#7914,.F.);
#8130=ADVANCED_FACE('',(#728),#520,.F.);
#8131=ADVANCED_FACE('',(#729),#7915,.F.);
#8132=ADVANCED_FACE('',(#730),#7916,.F.);
#8133=ADVANCED_FACE('',(#731),#7917,.F.);
#8134=ADVANCED_FACE('',(#732),#521,.F.);
#8135=ADVANCED_FACE('',(#733),#7918,.F.);
#8136=ADVANCED_FACE('',(#734),#522,.T.);
#8137=ADVANCED_FACE('',(#735),#7919,.F.);
#8138=ADVANCED_FACE('',(#736),#523,.T.);
#8139=ADVANCED_FACE('',(#737),#7920,.F.);
#8140=ADVANCED_FACE('',(#738),#524,.F.);
#8141=ADVANCED_FACE('',(#739),#7921,.F.);
#8142=ADVANCED_FACE('',(#740),#7922,.F.);
#8143=ADVANCED_FACE('',(#741),#7923,.F.);
#8144=ADVANCED_FACE('',(#742),#525,.F.);
#8145=ADVANCED_FACE('',(#743),#7924,.F.);
#8146=ADVANCED_FACE('',(#744),#526,.F.);
#8147=ADVANCED_FACE('',(#745),#7925,.F.);
#8148=ADVANCED_FACE('',(#746),#7926,.F.);
#8149=ADVANCED_FACE('',(#747),#7927,.F.);
#8150=ADVANCED_FACE('',(#748),#527,.F.);
#8151=ADVANCED_FACE('',(#749),#7928,.F.);
#8152=ADVANCED_FACE('',(#750),#528,.T.);
#8153=ADVANCED_FACE('',(#751),#7929,.F.);
#8154=ADVANCED_FACE('',(#752),#529,.T.);
#8155=ADVANCED_FACE('',(#753),#7930,.F.);
#8156=ADVANCED_FACE('',(#754),#530,.F.);
#8157=ADVANCED_FACE('',(#755),#531,.F.);
#8158=ADVANCED_FACE('',(#756),#7931,.T.);
#8159=ADVANCED_FACE('',(#757),#532,.F.);
#8160=ADVANCED_FACE('',(#758),#533,.F.);
#8161=ADVANCED_FACE('',(#759),#7932,.T.);
#8162=ADVANCED_FACE('',(#760),#534,.F.);
#8163=ADVANCED_FACE('',(#761),#535,.F.);
#8164=ADVANCED_FACE('',(#762),#7933,.T.);
#8165=ADVANCED_FACE('',(#763),#536,.F.);
#8166=ADVANCED_FACE('',(#764),#537,.F.);
#8167=ADVANCED_FACE('',(#765),#7934,.T.);
#8168=ADVANCED_FACE('',(#766),#538,.F.);
#8169=ADVANCED_FACE('',(#767),#7935,.T.);
#8170=ADVANCED_FACE('',(#768),#7936,.T.);
#8171=ADVANCED_FACE('',(#769),#7937,.T.);
#8172=ADVANCED_FACE('',(#770),#7938,.T.);
#8173=ADVANCED_FACE('',(#771),#7939,.T.);
#8174=ADVANCED_FACE('',(#772),#7940,.T.);
#8175=ADVANCED_FACE('',(#773),#7941,.T.);
#8176=ADVANCED_FACE('',(#774),#7942,.T.);
#8177=ADVANCED_FACE('',(#775,#15,#16,#17,#18,#19,#20,#21,#22,#23,#24,#25,
#26,#27,#28,#29,#30,#31,#32,#33,#34,#35,#36,#37,#38,#39,#40,#41,#42,#43,
#44,#45,#46,#47,#48,#49,#50,#51,#52,#53,#54,#55,#56,#57,#58,#59,#60,#61,
#62),#7943,.F.);
#8178=ADVANCED_FACE('',(#776,#63,#64,#65,#66,#67,#68,#69,#70,#71,#72,#73,
#74,#75,#76,#77,#78,#79,#80,#81,#82,#83,#84,#85,#86,#87,#88,#89,#90,#91,
#92,#93,#94,#95,#96,#97,#98,#99,#100,#101,#102,#103,#104,#105,#106,#107,
#108,#109,#110),#7944,.T.);
#8179=ADVANCED_FACE('',(#777),#539,.F.);
#8180=ADVANCED_FACE('',(#778),#540,.F.);
#8181=ADVANCED_FACE('',(#779),#7945,.T.);
#8182=ADVANCED_FACE('',(#780),#541,.F.);
#8183=ADVANCED_FACE('',(#781),#7946,.T.);
#8184=ADVANCED_FACE('',(#782),#542,.F.);
#8185=ADVANCED_FACE('',(#783),#543,.F.);
#8186=ADVANCED_FACE('',(#784),#7947,.T.);
#8187=ADVANCED_FACE('',(#785),#544,.F.);
#8188=ADVANCED_FACE('',(#786),#545,.F.);
#8189=ADVANCED_FACE('',(#787),#7948,.T.);
#8190=ADVANCED_FACE('',(#788),#546,.F.);
#8191=ADVANCED_FACE('',(#789),#547,.F.);
#8192=ADVANCED_FACE('',(#790),#7949,.T.);
#8193=ADVANCED_FACE('',(#791),#548,.F.);
#8194=ADVANCED_FACE('',(#792),#7950,.T.);
#8195=ADVANCED_FACE('',(#793),#549,.F.);
#8196=ADVANCED_FACE('',(#794),#7951,.T.);
#8197=ADVANCED_FACE('',(#795),#550,.F.);
#8198=ADVANCED_FACE('',(#796),#7952,.T.);
#8199=ADVANCED_FACE('',(#797),#551,.F.);
#8200=ADVANCED_FACE('',(#798),#7953,.T.);
#8201=ADVANCED_FACE('',(#799),#552,.F.);
#8202=ADVANCED_FACE('',(#800),#7954,.T.);
#8203=ADVANCED_FACE('',(#801),#553,.F.);
#8204=ADVANCED_FACE('',(#802),#7955,.T.);
#8205=ADVANCED_FACE('',(#803),#554,.F.);
#8206=ADVANCED_FACE('',(#804),#7956,.T.);
#8207=ADVANCED_FACE('',(#805),#555,.F.);
#8208=ADVANCED_FACE('',(#806),#7957,.T.);
#8209=ADVANCED_FACE('',(#807),#556,.F.);
#8210=ADVANCED_FACE('',(#808),#7958,.T.);
#8211=ADVANCED_FACE('',(#809),#557,.F.);
#8212=ADVANCED_FACE('',(#810),#7959,.T.);
#8213=ADVANCED_FACE('',(#811),#558,.F.);
#8214=ADVANCED_FACE('',(#812),#7960,.T.);
#8215=ADVANCED_FACE('',(#813),#559,.F.);
#8216=ADVANCED_FACE('',(#814),#7961,.T.);
#8217=ADVANCED_FACE('',(#815),#560,.F.);
#8218=ADVANCED_FACE('',(#816),#7962,.T.);
#8219=ADVANCED_FACE('',(#817),#561,.F.);
#8220=ADVANCED_FACE('',(#818),#7963,.T.);
#8221=ADVANCED_FACE('',(#819),#562,.F.);
#8222=ADVANCED_FACE('',(#820),#7964,.T.);
#8223=ADVANCED_FACE('',(#821),#563,.F.);
#8224=ADVANCED_FACE('',(#822),#7965,.T.);
#8225=ADVANCED_FACE('',(#823),#564,.F.);
#8226=ADVANCED_FACE('',(#824),#7966,.T.);
#8227=ADVANCED_FACE('',(#825),#565,.F.);
#8228=ADVANCED_FACE('',(#826),#7967,.T.);
#8229=ADVANCED_FACE('',(#827),#566,.F.);
#8230=ADVANCED_FACE('',(#828),#7968,.T.);
#8231=ADVANCED_FACE('',(#829),#567,.F.);
#8232=ADVANCED_FACE('',(#830),#7969,.T.);
#8233=ADVANCED_FACE('',(#831),#568,.F.);
#8234=ADVANCED_FACE('',(#832),#7970,.T.);
#8235=ADVANCED_FACE('',(#833),#569,.F.);
#8236=ADVANCED_FACE('',(#834),#7971,.T.);
#8237=ADVANCED_FACE('',(#835),#570,.F.);
#8238=ADVANCED_FACE('',(#836),#7972,.T.);
#8239=ADVANCED_FACE('',(#837),#571,.F.);
#8240=ADVANCED_FACE('',(#838),#7973,.T.);
#8241=ADVANCED_FACE('',(#839),#572,.F.);
#8242=ADVANCED_FACE('',(#840),#7974,.T.);
#8243=ADVANCED_FACE('',(#841),#573,.F.);
#8244=ADVANCED_FACE('',(#842),#7975,.T.);
#8245=ADVANCED_FACE('',(#843),#574,.F.);
#8246=ADVANCED_FACE('',(#844),#7976,.T.);
#8247=ADVANCED_FACE('',(#845),#7977,.T.);
#8248=ADVANCED_FACE('',(#846),#575,.F.);
#8249=ADVANCED_FACE('',(#847),#7978,.T.);
#8250=ADVANCED_FACE('',(#848),#576,.F.);
#8251=ADVANCED_FACE('',(#849),#7979,.T.);
#8252=ADVANCED_FACE('',(#850),#577,.F.);
#8253=ADVANCED_FACE('',(#851),#7980,.T.);
#8254=ADVANCED_FACE('',(#852),#578,.F.);
#8255=ADVANCED_FACE('',(#853),#579,.F.);
#8256=ADVANCED_FACE('',(#854),#7981,.T.);
#8257=ADVANCED_FACE('',(#855),#580,.F.);
#8258=ADVANCED_FACE('',(#856),#7982,.T.);
#8259=ADVANCED_FACE('',(#857),#581,.F.);
#8260=ADVANCED_FACE('',(#858),#7983,.T.);
#8261=ADVANCED_FACE('',(#859),#582,.F.);
#8262=ADVANCED_FACE('',(#860),#7984,.T.);
#8263=ADVANCED_FACE('',(#861),#583,.F.);
#8264=ADVANCED_FACE('',(#862),#7985,.T.);
#8265=ADVANCED_FACE('',(#863),#584,.F.);
#8266=ADVANCED_FACE('',(#864),#7986,.T.);
#8267=ADVANCED_FACE('',(#865),#585,.F.);
#8268=ADVANCED_FACE('',(#866),#7987,.T.);
#8269=ADVANCED_FACE('',(#867),#586,.F.);
#8270=ADVANCED_FACE('',(#868),#7988,.T.);
#8271=ADVANCED_FACE('',(#869),#587,.F.);
#8272=ADVANCED_FACE('',(#870),#7989,.T.);
#8273=ADVANCED_FACE('',(#871),#588,.F.);
#8274=ADVANCED_FACE('',(#872),#7990,.T.);
#8275=ADVANCED_FACE('',(#873),#589,.F.);
#8276=ADVANCED_FACE('',(#874),#7991,.T.);
#8277=ADVANCED_FACE('',(#875),#590,.F.);
#8278=ADVANCED_FACE('',(#876),#7992,.T.);
#8279=ADVANCED_FACE('',(#877),#591,.F.);
#8280=ADVANCED_FACE('',(#878),#7993,.T.);
#8281=ADVANCED_FACE('',(#879),#592,.F.);
#8282=ADVANCED_FACE('',(#880),#7994,.T.);
#8283=ADVANCED_FACE('',(#881),#593,.F.);
#8284=ADVANCED_FACE('',(#882),#7995,.T.);
#8285=ADVANCED_FACE('',(#883),#594,.F.);
#8286=ADVANCED_FACE('',(#884),#7996,.T.);
#8287=ADVANCED_FACE('',(#885),#595,.F.);
#8288=ADVANCED_FACE('',(#886),#7997,.T.);
#8289=ADVANCED_FACE('',(#887),#596,.F.);
#8290=ADVANCED_FACE('',(#888),#7998,.T.);
#8291=ADVANCED_FACE('',(#889),#597,.F.);
#8292=ADVANCED_FACE('',(#890),#7999,.T.);
#8293=ADVANCED_FACE('',(#891),#598,.F.);
#8294=ADVANCED_FACE('',(#892),#8000,.T.);
#8295=ADVANCED_FACE('',(#893),#599,.F.);
#8296=ADVANCED_FACE('',(#894),#8001,.T.);
#8297=ADVANCED_FACE('',(#895),#600,.F.);
#8298=ADVANCED_FACE('',(#896),#8002,.T.);
#8299=ADVANCED_FACE('',(#897),#601,.F.);
#8300=ADVANCED_FACE('',(#898),#8003,.T.);
#8301=ADVANCED_FACE('',(#899),#602,.F.);
#8302=ADVANCED_FACE('',(#900),#8004,.T.);
#8303=ADVANCED_FACE('',(#901),#603,.F.);
#8304=ADVANCED_FACE('',(#902),#8005,.T.);
#8305=ADVANCED_FACE('',(#903),#604,.F.);
#8306=ADVANCED_FACE('',(#904),#8006,.T.);
#8307=ADVANCED_FACE('',(#905),#605,.F.);
#8308=ADVANCED_FACE('',(#906),#8007,.T.);
#8309=ADVANCED_FACE('',(#907),#606,.F.);
#8310=ADVANCED_FACE('',(#908),#8008,.T.);
#8311=ADVANCED_FACE('',(#909),#8009,.T.);
#8312=ADVANCED_FACE('',(#910),#607,.F.);
#8313=ADVANCED_FACE('',(#911),#8010,.T.);
#8314=ADVANCED_FACE('',(#912),#608,.F.);
#8315=ADVANCED_FACE('',(#913),#8011,.T.);
#8316=ADVANCED_FACE('',(#914),#609,.F.);
#8317=ADVANCED_FACE('',(#915),#8012,.T.);
#8318=ADVANCED_FACE('',(#916),#610,.F.);
#8319=ADVANCED_FACE('',(#917),#611,.F.);
#8320=ADVANCED_FACE('',(#918),#8013,.T.);
#8321=ADVANCED_FACE('',(#919),#612,.F.);
#8322=ADVANCED_FACE('',(#920),#8014,.T.);
#8323=ADVANCED_FACE('',(#921),#613,.F.);
#8324=ADVANCED_FACE('',(#922),#8015,.T.);
#8325=ADVANCED_FACE('',(#923),#614,.F.);
#8326=ADVANCED_FACE('',(#924),#8016,.T.);
#8327=ADVANCED_FACE('',(#925),#8017,.T.);
#8328=ADVANCED_FACE('',(#926),#615,.F.);
#8329=ADVANCED_FACE('',(#927),#8018,.T.);
#8330=ADVANCED_FACE('',(#928),#616,.F.);
#8331=ADVANCED_FACE('',(#929),#8019,.T.);
#8332=ADVANCED_FACE('',(#930),#617,.F.);
#8333=ADVANCED_FACE('',(#931),#8020,.T.);
#8334=ADVANCED_FACE('',(#932),#618,.F.);
#8335=ADVANCED_FACE('',(#933),#8021,.T.);
#8336=ADVANCED_FACE('',(#934),#619,.F.);
#8337=ADVANCED_FACE('',(#935),#8022,.T.);
#8338=ADVANCED_FACE('',(#936),#620,.F.);
#8339=ADVANCED_FACE('',(#937),#8023,.T.);
#8340=ADVANCED_FACE('',(#938),#621,.F.);
#8341=ADVANCED_FACE('',(#939),#8024,.T.);
#8342=ADVANCED_FACE('',(#940),#622,.F.);
#8343=ADVANCED_FACE('',(#941),#623,.F.);
#8344=ADVANCED_FACE('',(#942),#8025,.T.);
#8345=ADVANCED_FACE('',(#943),#624,.F.);
#8346=ADVANCED_FACE('',(#944),#8026,.T.);
#8347=ADVANCED_FACE('',(#945),#625,.F.);
#8348=ADVANCED_FACE('',(#946),#8027,.T.);
#8349=ADVANCED_FACE('',(#947),#626,.F.);
#8350=ADVANCED_FACE('',(#948),#8028,.T.);
#8351=ADVANCED_FACE('',(#949),#627,.F.);
#8352=ADVANCED_FACE('',(#950),#8029,.T.);
#8353=ADVANCED_FACE('',(#951),#628,.F.);
#8354=ADVANCED_FACE('',(#952),#8030,.T.);
#8355=ADVANCED_FACE('',(#953),#629,.F.);
#8356=ADVANCED_FACE('',(#954),#8031,.T.);
#8357=ADVANCED_FACE('',(#955),#630,.F.);
#8358=ADVANCED_FACE('',(#956),#8032,.T.);
#8359=ADVANCED_FACE('',(#957),#631,.F.);
#8360=ADVANCED_FACE('',(#958),#8033,.T.);
#8361=ADVANCED_FACE('',(#959),#632,.F.);
#8362=ADVANCED_FACE('',(#960),#8034,.T.);
#8363=ADVANCED_FACE('',(#961),#633,.F.);
#8364=ADVANCED_FACE('',(#962),#8035,.T.);
#8365=ADVANCED_FACE('',(#963),#634,.F.);
#8366=ADVANCED_FACE('',(#964),#8036,.T.);
#8367=ADVANCED_FACE('',(#965),#635,.F.);
#8368=ADVANCED_FACE('',(#966),#8037,.T.);
#8369=ADVANCED_FACE('',(#967),#636,.F.);
#8370=ADVANCED_FACE('',(#968),#8038,.T.);
#8371=ADVANCED_FACE('',(#969),#637,.F.);
#8372=ADVANCED_FACE('',(#970),#8039,.T.);
#8373=ADVANCED_FACE('',(#971),#638,.F.);
#8374=ADVANCED_FACE('',(#972),#8040,.T.);
#8375=ADVANCED_FACE('',(#973),#639,.F.);
#8376=ADVANCED_FACE('',(#974),#8041,.T.);
#8377=ADVANCED_FACE('',(#975),#640,.F.);
#8378=ADVANCED_FACE('',(#976),#8042,.T.);
#8379=ADVANCED_FACE('',(#977),#641,.F.);
#8380=ADVANCED_FACE('',(#978),#8043,.T.);
#8381=ADVANCED_FACE('',(#979),#642,.F.);
#8382=ADVANCED_FACE('',(#980),#8044,.T.);
#8383=ADVANCED_FACE('',(#981),#643,.F.);
#8384=ADVANCED_FACE('',(#982),#8045,.T.);
#8385=ADVANCED_FACE('',(#983),#644,.F.);
#8386=ADVANCED_FACE('',(#984),#8046,.T.);
#8387=ADVANCED_FACE('',(#985),#645,.F.);
#8388=ADVANCED_FACE('',(#986),#8047,.T.);
#8389=ADVANCED_FACE('',(#987),#646,.F.);
#8390=ADVANCED_FACE('',(#988),#8048,.T.);
#8391=ADVANCED_FACE('',(#989),#647,.F.);
#8392=ADVANCED_FACE('',(#990),#8049,.T.);
#8393=ADVANCED_FACE('',(#991),#648,.F.);
#8394=ADVANCED_FACE('',(#992),#8050,.T.);
#8395=ADVANCED_FACE('',(#993),#649,.F.);
#8396=ADVANCED_FACE('',(#994),#8051,.T.);
#8397=ADVANCED_FACE('',(#995),#650,.F.);
#8398=ADVANCED_FACE('',(#996),#8052,.T.);
#8399=ADVANCED_FACE('',(#997),#651,.F.);
#8400=ADVANCED_FACE('',(#998),#8053,.T.);
#8401=ADVANCED_FACE('',(#999),#652,.F.);
#8402=ADVANCED_FACE('',(#1000),#8054,.T.);
#8403=ADVANCED_FACE('',(#1001),#653,.F.);
#8404=ADVANCED_FACE('',(#1002),#8055,.T.);
#8405=ADVANCED_FACE('',(#1003),#654,.F.);
#8406=ADVANCED_FACE('',(#1004),#8056,.T.);
#8407=ADVANCED_FACE('',(#1005),#655,.F.);
#8408=ADVANCED_FACE('',(#1006),#8057,.T.);
#8409=ADVANCED_FACE('',(#1007),#656,.F.);
#8410=ADVANCED_FACE('',(#1008),#8058,.T.);
#8411=ADVANCED_FACE('',(#1009),#657,.F.);
#8412=ADVANCED_FACE('',(#1010),#8059,.T.);
#8413=ADVANCED_FACE('',(#1011),#658,.F.);
#8414=ADVANCED_FACE('',(#1012),#8060,.T.);
#8415=ADVANCED_FACE('',(#1013),#659,.F.);
#8416=ADVANCED_FACE('',(#1014),#8061,.T.);
#8417=ADVANCED_FACE('',(#1015),#660,.F.);
#8418=ADVANCED_FACE('',(#1016),#8062,.T.);
#8419=ADVANCED_FACE('',(#1017),#661,.F.);
#8420=ADVANCED_FACE('',(#1018),#8063,.T.);
#8421=ADVANCED_FACE('',(#1019),#662,.F.);
#8422=ADVANCED_FACE('',(#1020),#8064,.T.);
#8423=ADVANCED_FACE('',(#1021),#663,.F.);
#8424=ADVANCED_FACE('',(#1022),#8065,.T.);
#8425=ADVANCED_FACE('',(#1023),#664,.F.);
#8426=ADVANCED_FACE('',(#1024),#8066,.T.);
#8427=ADVANCED_FACE('',(#1025),#665,.F.);
#8428=ADVANCED_FACE('',(#1026),#8067,.T.);
#8429=ADVANCED_FACE('',(#1027),#666,.F.);
#8430=ADVANCED_FACE('',(#1028),#8068,.T.);
#8431=ADVANCED_FACE('',(#1029),#667,.F.);
#8432=ADVANCED_FACE('',(#1030),#8069,.T.);
#8433=ADVANCED_FACE('',(#1031),#668,.F.);
#8434=ADVANCED_FACE('',(#1032),#8070,.T.);
#8435=ADVANCED_FACE('',(#1033),#669,.F.);
#8436=ADVANCED_FACE('',(#1034),#8071,.T.);
#8437=ADVANCED_FACE('',(#1035),#670,.F.);
#8438=ADVANCED_FACE('',(#1036),#8072,.T.);
#8439=ADVANCED_FACE('',(#1037),#671,.F.);
#8440=ADVANCED_FACE('',(#1038),#8073,.T.);
#8441=ADVANCED_FACE('',(#1039),#672,.F.);
#8442=ADVANCED_FACE('',(#1040),#8074,.T.);
#8443=ADVANCED_FACE('',(#1041),#673,.F.);
#8444=ADVANCED_FACE('',(#1042),#8075,.T.);
#8445=ADVANCED_FACE('',(#1043),#674,.F.);
#8446=ADVANCED_FACE('',(#1044),#8076,.T.);
#8447=ADVANCED_FACE('',(#1045),#675,.F.);
#8448=ADVANCED_FACE('',(#1046),#8077,.T.);
#8449=ADVANCED_FACE('',(#1047),#676,.F.);
#8450=ADVANCED_FACE('',(#1048),#8078,.T.);
#8451=ADVANCED_FACE('',(#1049),#677,.F.);
#8452=ADVANCED_FACE('',(#1050),#8079,.T.);
#8453=ADVANCED_FACE('',(#1051),#678,.F.);
#8454=ADVANCED_FACE('',(#1052),#8080,.T.);
#8455=ADVANCED_FACE('',(#1053),#679,.F.);
#8456=ADVANCED_FACE('',(#1054),#8081,.T.);
#8457=ADVANCED_FACE('',(#1055),#680,.F.);
#8458=ADVANCED_FACE('',(#1056),#8082,.T.);
#8459=ADVANCED_FACE('',(#1057),#681,.F.);
#8460=ADVANCED_FACE('',(#1058),#8083,.T.);
#8461=ADVANCED_FACE('',(#1059),#682,.F.);
#8462=ADVANCED_FACE('',(#1060),#8084,.T.);
#8463=ADVANCED_FACE('',(#1061),#683,.F.);
#8464=ADVANCED_FACE('',(#1062),#8085,.T.);
#8465=ADVANCED_FACE('',(#1063),#684,.F.);
#8466=ADVANCED_FACE('',(#1064),#8086,.T.);
#8467=ADVANCED_FACE('',(#1065),#685,.F.);
#8468=ADVANCED_FACE('',(#1066),#8087,.T.);
#8469=ADVANCED_FACE('',(#1067),#686,.F.);
#8470=ADVANCED_FACE('',(#1068),#8088,.T.);
#8471=ADVANCED_FACE('',(#1069),#687,.F.);
#8472=ADVANCED_FACE('',(#1070),#8089,.T.);
#8473=ADVANCED_FACE('',(#1071),#688,.F.);
#8474=ADVANCED_FACE('',(#1072),#8090,.T.);
#8475=ADVANCED_FACE('',(#1073),#689,.F.);
#8476=ADVANCED_FACE('',(#1074),#8091,.T.);
#8477=ADVANCED_FACE('',(#1075),#690,.F.);
#8478=ADVANCED_FACE('',(#1076),#8092,.T.);
#8479=ADVANCED_FACE('',(#1077),#691,.F.);
#8480=ADVANCED_FACE('',(#1078),#8093,.T.);
#8481=ADVANCED_FACE('',(#1079),#692,.F.);
#8482=ADVANCED_FACE('',(#1080),#8094,.T.);
#8483=ADVANCED_FACE('',(#1081),#693,.F.);
#8484=ADVANCED_FACE('',(#1082),#8095,.T.);
#8485=ADVANCED_FACE('',(#1083),#694,.F.);
#8486=ADVANCED_FACE('',(#1084),#8096,.T.);
#8487=ADVANCED_FACE('',(#1085),#8097,.T.);
#8488=ADVANCED_FACE('',(#1086),#695,.F.);
#8489=ADVANCED_FACE('',(#1087),#8098,.T.);
#8490=ADVANCED_FACE('',(#1088),#696,.F.);
#8491=ADVANCED_FACE('',(#1089),#8099,.T.);
#8492=ADVANCED_FACE('',(#1090),#697,.F.);
#8493=ADVANCED_FACE('',(#1091),#8100,.T.);
#8494=ADVANCED_FACE('',(#1092),#698,.F.);
#8495=ADVANCED_FACE('',(#1093),#8101,.T.);
#8496=ADVANCED_FACE('',(#1094),#699,.F.);
#8497=ADVANCED_FACE('',(#1095),#8102,.T.);
#8498=ADVANCED_FACE('',(#1096),#700,.F.);
#8499=ADVANCED_FACE('',(#1097),#8103,.T.);
#8500=ADVANCED_FACE('',(#1098),#701,.F.);
#8501=ADVANCED_FACE('',(#1099),#8104,.T.);
#8502=ADVANCED_FACE('',(#1100),#702,.F.);
#8503=ADVANCED_FACE('',(#1101),#8105,.T.);
#8504=ADVANCED_FACE('',(#1102),#703,.F.);
#8505=ADVANCED_FACE('',(#1103),#8106,.T.);
#8506=ADVANCED_FACE('',(#1104),#704,.F.);
#8507=ADVANCED_FACE('',(#1105),#8107,.T.);
#8508=ADVANCED_FACE('',(#1106),#705,.F.);
#8509=ADVANCED_FACE('',(#1107),#8108,.T.);
#8510=ADVANCED_FACE('',(#1108),#706,.F.);
#8511=ADVANCED_FACE('',(#1109),#8109,.T.);
#8512=ADVANCED_FACE('',(#1110),#707,.F.);
#8513=ADVANCED_FACE('',(#1111),#8110,.T.);
#8514=ADVANCED_FACE('',(#1112),#708,.F.);
#8515=ADVANCED_FACE('',(#1113),#8111,.T.);
#8516=ADVANCED_FACE('',(#1114),#709,.F.);
#8517=ADVANCED_FACE('',(#1115),#8112,.T.);
#8518=ADVANCED_FACE('',(#1116),#710,.F.);
#8519=ADVANCED_FACE('',(#1117),#711,.F.);
#8520=ADVANCED_FACE('',(#1118),#8113,.T.);
#8521=ADVANCED_FACE('',(#1119),#712,.F.);
#8522=ADVANCED_FACE('',(#1120),#8114,.T.);
#8523=ADVANCED_FACE('',(#1121),#713,.F.);
#8524=ADVANCED_FACE('',(#1122),#8115,.T.);
#8525=ADVANCED_FACE('',(#1123),#714,.F.);
#8526=ADVANCED_FACE('',(#1124),#8116,.T.);
#8527=ADVANCED_FACE('',(#1125),#715,.F.);
#8528=ADVANCED_FACE('',(#1126),#8117,.T.);
#8529=ADVANCED_FACE('',(#1127),#716,.F.);
#8530=ADVANCED_FACE('',(#1128),#8118,.T.);
#8531=ADVANCED_FACE('',(#1129),#717,.F.);
#8532=ADVANCED_FACE('',(#1130),#8119,.T.);
#8533=ADVANCED_FACE('',(#1131),#718,.F.);
#8534=ADVANCED_FACE('',(#1132),#8120,.T.);
#8535=ADVANCED_FACE('',(#1133),#719,.F.);
#8536=ADVANCED_FACE('',(#1134),#8121,.T.);
#8537=ADVANCED_FACE('',(#1135),#720,.F.);
#8538=ADVANCED_FACE('',(#1136),#8122,.T.);
#8539=ADVANCED_FACE('',(#1137),#721,.F.);
#8540=ADVANCED_FACE('',(#1138),#8123,.T.);
#8541=ADVANCED_FACE('',(#1139),#722,.F.);
#8542=ADVANCED_FACE('',(#1140),#8124,.T.);
#8543=CLOSED_SHELL('',(#8125,#8126,#8127,#8128,#8129,#8130,#8131,#8132,
#8133,#8134,#8135,#8136,#8137,#8138,#8139,#8140,#8141,#8142,#8143,#8144,
#8145,#8146,#8147,#8148,#8149,#8150,#8151,#8152,#8153,#8154,#8155,#8156,
#8157,#8158,#8159,#8160,#8161,#8162,#8163,#8164,#8165,#8166,#8167,#8168,
#8169,#8170,#8171,#8172,#8173,#8174,#8175,#8176,#8177,#8178,#8179,#8180,
#8181,#8182,#8183,#8184,#8185,#8186,#8187,#8188,#8189,#8190,#8191,#8192,
#8193,#8194,#8195,#8196,#8197,#8198,#8199,#8200,#8201,#8202,#8203,#8204,
#8205,#8206,#8207,#8208,#8209,#8210,#8211,#8212,#8213,#8214,#8215,#8216,
#8217,#8218,#8219,#8220,#8221,#8222,#8223,#8224,#8225,#8226,#8227,#8228,
#8229,#8230,#8231,#8232,#8233,#8234,#8235,#8236,#8237,#8238,#8239,#8240,
#8241,#8242,#8243,#8244,#8245,#8246,#8247,#8248,#8249,#8250,#8251,#8252,
#8253,#8254,#8255,#8256,#8257,#8258,#8259,#8260,#8261,#8262,#8263,#8264,
#8265,#8266,#8267,#8268,#8269,#8270,#8271,#8272,#8273,#8274,#8275,#8276,
#8277,#8278,#8279,#8280,#8281,#8282,#8283,#8284,#8285,#8286,#8287,#8288,
#8289,#8290,#8291,#8292,#8293,#8294,#8295,#8296,#8297,#8298,#8299,#8300,
#8301,#8302,#8303,#8304,#8305,#8306,#8307,#8308,#8309,#8310,#8311,#8312,
#8313,#8314,#8315,#8316,#8317,#8318,#8319,#8320,#8321,#8322,#8323,#8324,
#8325,#8326,#8327,#8328,#8329,#8330,#8331,#8332,#8333,#8334,#8335,#8336,
#8337,#8338,#8339,#8340,#8341,#8342,#8343,#8344,#8345,#8346,#8347,#8348,
#8349,#8350,#8351,#8352,#8353,#8354,#8355,#8356,#8357,#8358,#8359,#8360,
#8361,#8362,#8363,#8364,#8365,#8366,#8367,#8368,#8369,#8370,#8371,#8372,
#8373,#8374,#8375,#8376,#8377,#8378,#8379,#8380,#8381,#8382,#8383,#8384,
#8385,#8386,#8387,#8388,#8389,#8390,#8391,#8392,#8393,#8394,#8395,#8396,
#8397,#8398,#8399,#8400,#8401,#8402,#8403,#8404,#8405,#8406,#8407,#8408,
#8409,#8410,#8411,#8412,#8413,#8414,#8415,#8416,#8417,#8418,#8419,#8420,
#8421,#8422,#8423,#8424,#8425,#8426,#8427,#8428,#8429,#8430,#8431,#8432,
#8433,#8434,#8435,#8436,#8437,#8438,#8439,#8440,#8441,#8442,#8443,#8444,
#8445,#8446,#8447,#8448,#8449,#8450,#8451,#8452,#8453,#8454,#8455,#8456,
#8457,#8458,#8459,#8460,#8461,#8462,#8463,#8464,#8465,#8466,#8467,#8468,
#8469,#8470,#8471,#8472,#8473,#8474,#8475,#8476,#8477,#8478,#8479,#8480,
#8481,#8482,#8483,#8484,#8485,#8486,#8487,#8488,#8489,#8490,#8491,#8492,
#8493,#8494,#8495,#8496,#8497,#8498,#8499,#8500,#8501,#8502,#8503,#8504,
#8505,#8506,#8507,#8508,#8509,#8510,#8511,#8512,#8513,#8514,#8515,#8516,
#8517,#8518,#8519,#8520,#8521,#8522,#8523,#8524,#8525,#8526,#8527,#8528,
#8529,#8530,#8531,#8532,#8533,#8534,#8535,#8536,#8537,#8538,#8539,#8540,
#8541,#8542));
#8544=DERIVED_UNIT_ELEMENT(#8546,1.);
#8545=DERIVED_UNIT_ELEMENT(#14381,-3.);
#8546=(
MASS_UNIT()
NAMED_UNIT(*)
SI_UNIT(.KILO.,.GRAM.)
);
#8547=DERIVED_UNIT((#8544,#8545));
#8548=MEASURE_REPRESENTATION_ITEM('density measure',
POSITIVE_RATIO_MEASURE(7850.),#8547);
#8549=PROPERTY_DEFINITION_REPRESENTATION(#8554,#8551);
#8550=PROPERTY_DEFINITION_REPRESENTATION(#8555,#8552);
#8551=REPRESENTATION('material name',(#8553),#14378);
#8552=REPRESENTATION('density',(#8548),#14378);
#8553=DESCRIPTIVE_REPRESENTATION_ITEM('Steel','Steel');
#8554=PROPERTY_DEFINITION('material property','material name',#14388);
#8555=PROPERTY_DEFINITION('material property','density of part',#14388);
#8556=AXIS2_PLACEMENT_3D('placement',#11877,#9383,#9384);
#8557=AXIS2_PLACEMENT_3D('',#11878,#9385,#9386);
#8558=AXIS2_PLACEMENT_3D('',#11887,#9391,#9392);
#8559=AXIS2_PLACEMENT_3D('',#11893,#9396,#9397);
#8560=AXIS2_PLACEMENT_3D('',#11899,#9401,#9402);
#8561=AXIS2_PLACEMENT_3D('',#11901,#9403,#9404);
#8562=AXIS2_PLACEMENT_3D('',#11903,#9405,#9406);
#8563=AXIS2_PLACEMENT_3D('',#11905,#9408,#9409);
#8564=AXIS2_PLACEMENT_3D('',#11911,#9413,#9414);
#8565=AXIS2_PLACEMENT_3D('',#11913,#9415,#9416);
#8566=AXIS2_PLACEMENT_3D('',#11915,#9417,#9418);
#8567=AXIS2_PLACEMENT_3D('',#11917,#9420,#9421);
#8568=AXIS2_PLACEMENT_3D('',#11923,#9425,#9426);
#8569=AXIS2_PLACEMENT_3D('',#11929,#9430,#9431);
#8570=AXIS2_PLACEMENT_3D('',#11935,#9435,#9436);
#8571=AXIS2_PLACEMENT_3D('',#11937,#9437,#9438);
#8572=AXIS2_PLACEMENT_3D('',#11939,#9439,#9440);
#8573=AXIS2_PLACEMENT_3D('',#11941,#9442,#9443);
#8574=AXIS2_PLACEMENT_3D('',#11947,#9447,#9448);
#8575=AXIS2_PLACEMENT_3D('',#11949,#9449,#9450);
#8576=AXIS2_PLACEMENT_3D('',#11951,#9451,#9452);
#8577=AXIS2_PLACEMENT_3D('',#11953,#9454,#9455);
#8578=AXIS2_PLACEMENT_3D('',#11959,#9459,#9460);
#8579=AXIS2_PLACEMENT_3D('',#11961,#9461,#9462);
#8580=AXIS2_PLACEMENT_3D('',#11963,#9463,#9464);
#8581=AXIS2_PLACEMENT_3D('',#11965,#9466,#9467);
#8582=AXIS2_PLACEMENT_3D('',#11971,#9471,#9472);
#8583=AXIS2_PLACEMENT_3D('',#11973,#9473,#9474);
#8584=AXIS2_PLACEMENT_3D('',#11975,#9475,#9476);
#8585=AXIS2_PLACEMENT_3D('',#11977,#9478,#9479);
#8586=AXIS2_PLACEMENT_3D('',#11983,#9483,#9484);
#8587=AXIS2_PLACEMENT_3D('',#11989,#9488,#9489);
#8588=AXIS2_PLACEMENT_3D('',#11995,#9493,#9494);
#8589=AXIS2_PLACEMENT_3D('',#11997,#9495,#9496);
#8590=AXIS2_PLACEMENT_3D('',#11999,#9497,#9498);
#8591=AXIS2_PLACEMENT_3D('',#12001,#9500,#9501);
#8592=AXIS2_PLACEMENT_3D('',#12007,#9505,#9506);
#8593=AXIS2_PLACEMENT_3D('',#12009,#9507,#9508);
#8594=AXIS2_PLACEMENT_3D('',#12011,#9509,#9510);
#8595=AXIS2_PLACEMENT_3D('',#12013,#9512,#9513);
#8596=AXIS2_PLACEMENT_3D('',#12019,#9517,#9518);
#8597=AXIS2_PLACEMENT_3D('',#12025,#9522,#9523);
#8598=AXIS2_PLACEMENT_3D('',#12031,#9527,#9528);
#8599=AXIS2_PLACEMENT_3D('',#12033,#9529,#9530);
#8600=AXIS2_PLACEMENT_3D('',#12035,#9531,#9532);
#8601=AXIS2_PLACEMENT_3D('',#12037,#9534,#9535);
#8602=AXIS2_PLACEMENT_3D('',#12043,#9539,#9540);
#8603=AXIS2_PLACEMENT_3D('',#12045,#9541,#9542);
#8604=AXIS2_PLACEMENT_3D('',#12047,#9543,#9544);
#8605=AXIS2_PLACEMENT_3D('',#12049,#9546,#9547);
#8606=AXIS2_PLACEMENT_3D('',#12055,#9551,#9552);
#8607=AXIS2_PLACEMENT_3D('',#12057,#9553,#9554);
#8608=AXIS2_PLACEMENT_3D('',#12059,#9555,#9556);
#8609=AXIS2_PLACEMENT_3D('',#12061,#9558,#9559);
#8610=AXIS2_PLACEMENT_3D('',#12067,#9563,#9564);
#8611=AXIS2_PLACEMENT_3D('',#12068,#9565,#9566);
#8612=AXIS2_PLACEMENT_3D('',#12069,#9567,#9568);
#8613=AXIS2_PLACEMENT_3D('',#12070,#9569,#9570);
#8614=AXIS2_PLACEMENT_3D('',#12073,#9571,#9572);
#8615=AXIS2_PLACEMENT_3D('',#12077,#9574,#9575);
#8616=AXIS2_PLACEMENT_3D('',#12079,#9577,#9578);
#8617=AXIS2_PLACEMENT_3D('',#12085,#9582,#9583);
#8618=AXIS2_PLACEMENT_3D('',#12087,#9584,#9585);
#8619=AXIS2_PLACEMENT_3D('',#12089,#9586,#9587);
#8620=AXIS2_PLACEMENT_3D('',#12091,#9589,#9590);
#8621=AXIS2_PLACEMENT_3D('',#12094,#9591,#9592);
#8622=AXIS2_PLACEMENT_3D('',#12098,#9594,#9595);
#8623=AXIS2_PLACEMENT_3D('',#12100,#9597,#9598);
#8624=AXIS2_PLACEMENT_3D('',#12106,#9602,#9603);
#8625=AXIS2_PLACEMENT_3D('',#12108,#9604,#9605);
#8626=AXIS2_PLACEMENT_3D('',#12110,#9606,#9607);
#8627=AXIS2_PLACEMENT_3D('',#12112,#9609,#9610);
#8628=AXIS2_PLACEMENT_3D('',#12115,#9611,#9612);
#8629=AXIS2_PLACEMENT_3D('',#12119,#9614,#9615);
#8630=AXIS2_PLACEMENT_3D('',#12121,#9617,#9618);
#8631=AXIS2_PLACEMENT_3D('',#12127,#9622,#9623);
#8632=AXIS2_PLACEMENT_3D('',#12129,#9624,#9625);
#8633=AXIS2_PLACEMENT_3D('',#12131,#9626,#9627);
#8634=AXIS2_PLACEMENT_3D('',#12133,#9629,#9630);
#8635=AXIS2_PLACEMENT_3D('',#12136,#9631,#9632);
#8636=AXIS2_PLACEMENT_3D('',#12140,#9634,#9635);
#8637=AXIS2_PLACEMENT_3D('',#12142,#9637,#9638);
#8638=AXIS2_PLACEMENT_3D('',#12148,#9642,#9643);
#8639=AXIS2_PLACEMENT_3D('',#12150,#9644,#9645);
#8640=AXIS2_PLACEMENT_3D('',#12153,#9647,#9648);
#8641=AXIS2_PLACEMENT_3D('',#12154,#9649,#9650);
#8642=AXIS2_PLACEMENT_3D('',#12160,#9654,#9655);
#8643=AXIS2_PLACEMENT_3D('',#12166,#9659,#9660);
#8644=AXIS2_PLACEMENT_3D('',#12172,#9664,#9665);
#8645=AXIS2_PLACEMENT_3D('',#12178,#9669,#9670);
#8646=AXIS2_PLACEMENT_3D('',#12184,#9674,#9675);
#8647=AXIS2_PLACEMENT_3D('',#12190,#9679,#9680);
#8648=AXIS2_PLACEMENT_3D('',#12196,#9684,#9685);
#8649=AXIS2_PLACEMENT_3D('',#12202,#9689,#9690);
#8650=AXIS2_PLACEMENT_3D('',#12204,#9691,#9692);
#8651=AXIS2_PLACEMENT_3D('',#12207,#9694,#9695);
#8652=AXIS2_PLACEMENT_3D('',#12209,#9696,#9697);
#8653=AXIS2_PLACEMENT_3D('',#12212,#9699,#9700);
#8654=AXIS2_PLACEMENT_3D('',#12214,#9701,#9702);
#8655=AXIS2_PLACEMENT_3D('',#12217,#9704,#9705);
#8656=AXIS2_PLACEMENT_3D('',#12219,#9706,#9707);
#8657=AXIS2_PLACEMENT_3D('',#12222,#9709,#9710);
#8658=AXIS2_PLACEMENT_3D('',#12227,#9712,#9713);
#8659=AXIS2_PLACEMENT_3D('',#12231,#9715,#9716);
#8660=AXIS2_PLACEMENT_3D('',#12235,#9718,#9719);
#8661=AXIS2_PLACEMENT_3D('',#12238,#9721,#9722);
#8662=AXIS2_PLACEMENT_3D('',#12243,#9724,#9725);
#8663=AXIS2_PLACEMENT_3D('',#12247,#9727,#9728);
#8664=AXIS2_PLACEMENT_3D('',#12251,#9730,#9731);
#8665=AXIS2_PLACEMENT_3D('',#12254,#9733,#9734);
#8666=AXIS2_PLACEMENT_3D('',#12259,#9736,#9737);
#8667=AXIS2_PLACEMENT_3D('',#12263,#9739,#9740);
#8668=AXIS2_PLACEMENT_3D('',#12267,#9742,#9743);
#8669=AXIS2_PLACEMENT_3D('',#12270,#9745,#9746);
#8670=AXIS2_PLACEMENT_3D('',#12273,#9747,#9748);
#8671=AXIS2_PLACEMENT_3D('',#12277,#9750,#9751);
#8672=AXIS2_PLACEMENT_3D('',#12281,#9753,#9754);
#8673=AXIS2_PLACEMENT_3D('',#12285,#9756,#9757);
#8674=AXIS2_PLACEMENT_3D('',#12289,#9759,#9760);
#8675=AXIS2_PLACEMENT_3D('',#12293,#9762,#9763);
#8676=AXIS2_PLACEMENT_3D('',#12297,#9765,#9766);
#8677=AXIS2_PLACEMENT_3D('',#12301,#9768,#9769);
#8678=AXIS2_PLACEMENT_3D('',#12305,#9771,#9772);
#8679=AXIS2_PLACEMENT_3D('',#12309,#9774,#9775);
#8680=AXIS2_PLACEMENT_3D('',#12313,#9777,#9778);
#8681=AXIS2_PLACEMENT_3D('',#12317,#9780,#9781);
#8682=AXIS2_PLACEMENT_3D('',#12321,#9783,#9784);
#8683=AXIS2_PLACEMENT_3D('',#12325,#9786,#9787);
#8684=AXIS2_PLACEMENT_3D('',#12329,#9789,#9790);
#8685=AXIS2_PLACEMENT_3D('',#12333,#9792,#9793);
#8686=AXIS2_PLACEMENT_3D('',#12339,#9796,#9797);
#8687=AXIS2_PLACEMENT_3D('',#12343,#9799,#9800);
#8688=AXIS2_PLACEMENT_3D('',#12347,#9802,#9803);
#8689=AXIS2_PLACEMENT_3D('',#12350,#9805,#9806);
#8690=AXIS2_PLACEMENT_3D('',#12355,#9808,#9809);
#8691=AXIS2_PLACEMENT_3D('',#12359,#9811,#9812);
#8692=AXIS2_PLACEMENT_3D('',#12363,#9814,#9815);
#8693=AXIS2_PLACEMENT_3D('',#12366,#9817,#9818);
#8694=AXIS2_PLACEMENT_3D('',#12371,#9820,#9821);
#8695=AXIS2_PLACEMENT_3D('',#12375,#9823,#9824);
#8696=AXIS2_PLACEMENT_3D('',#12379,#9826,#9827);
#8697=AXIS2_PLACEMENT_3D('',#12382,#9829,#9830);
#8698=AXIS2_PLACEMENT_3D('',#12387,#9832,#9833);
#8699=AXIS2_PLACEMENT_3D('',#12391,#9835,#9836);
#8700=AXIS2_PLACEMENT_3D('',#12395,#9838,#9839);
#8701=AXIS2_PLACEMENT_3D('',#12398,#9841,#9842);
#8702=AXIS2_PLACEMENT_3D('',#12403,#9844,#9845);
#8703=AXIS2_PLACEMENT_3D('',#12407,#9847,#9848);
#8704=AXIS2_PLACEMENT_3D('',#12411,#9850,#9851);
#8705=AXIS2_PLACEMENT_3D('',#12414,#9853,#9854);
#8706=AXIS2_PLACEMENT_3D('',#12419,#9856,#9857);
#8707=AXIS2_PLACEMENT_3D('',#12423,#9859,#9860);
#8708=AXIS2_PLACEMENT_3D('',#12427,#9862,#9863);
#8709=AXIS2_PLACEMENT_3D('',#12430,#9865,#9866);
#8710=AXIS2_PLACEMENT_3D('',#12435,#9868,#9869);
#8711=AXIS2_PLACEMENT_3D('',#12439,#9871,#9872);
#8712=AXIS2_PLACEMENT_3D('',#12443,#9874,#9875);
#8713=AXIS2_PLACEMENT_3D('',#12446,#9877,#9878);
#8714=AXIS2_PLACEMENT_3D('',#12451,#9880,#9881);
#8715=AXIS2_PLACEMENT_3D('',#12455,#9883,#9884);
#8716=AXIS2_PLACEMENT_3D('',#12459,#9886,#9887);
#8717=AXIS2_PLACEMENT_3D('',#12462,#9889,#9890);
#8718=AXIS2_PLACEMENT_3D('',#12467,#9892,#9893);
#8719=AXIS2_PLACEMENT_3D('',#12471,#9895,#9896);
#8720=AXIS2_PLACEMENT_3D('',#12475,#9898,#9899);
#8721=AXIS2_PLACEMENT_3D('',#12478,#9901,#9902);
#8722=AXIS2_PLACEMENT_3D('',#12483,#9904,#9905);
#8723=AXIS2_PLACEMENT_3D('',#12487,#9907,#9908);
#8724=AXIS2_PLACEMENT_3D('',#12491,#9910,#9911);
#8725=AXIS2_PLACEMENT_3D('',#12494,#9913,#9914);
#8726=AXIS2_PLACEMENT_3D('',#12499,#9916,#9917);
#8727=AXIS2_PLACEMENT_3D('',#12503,#9919,#9920);
#8728=AXIS2_PLACEMENT_3D('',#12507,#9922,#9923);
#8729=AXIS2_PLACEMENT_3D('',#12510,#9925,#9926);
#8730=AXIS2_PLACEMENT_3D('',#12515,#9928,#9929);
#8731=AXIS2_PLACEMENT_3D('',#12519,#9931,#9932);
#8732=AXIS2_PLACEMENT_3D('',#12523,#9934,#9935);
#8733=AXIS2_PLACEMENT_3D('',#12526,#9937,#9938);
#8734=AXIS2_PLACEMENT_3D('',#12531,#9940,#9941);
#8735=AXIS2_PLACEMENT_3D('',#12535,#9943,#9944);
#8736=AXIS2_PLACEMENT_3D('',#12539,#9946,#9947);
#8737=AXIS2_PLACEMENT_3D('',#12542,#9949,#9950);
#8738=AXIS2_PLACEMENT_3D('',#12547,#9952,#9953);
#8739=AXIS2_PLACEMENT_3D('',#12551,#9955,#9956);
#8740=AXIS2_PLACEMENT_3D('',#12555,#9958,#9959);
#8741=AXIS2_PLACEMENT_3D('',#12558,#9961,#9962);
#8742=AXIS2_PLACEMENT_3D('',#12563,#9964,#9965);
#8743=AXIS2_PLACEMENT_3D('',#12567,#9967,#9968);
#8744=AXIS2_PLACEMENT_3D('',#12571,#9970,#9971);
#8745=AXIS2_PLACEMENT_3D('',#12574,#9973,#9974);
#8746=AXIS2_PLACEMENT_3D('',#12579,#9976,#9977);
#8747=AXIS2_PLACEMENT_3D('',#12583,#9979,#9980);
#8748=AXIS2_PLACEMENT_3D('',#12587,#9982,#9983);
#8749=AXIS2_PLACEMENT_3D('',#12590,#9985,#9986);
#8750=AXIS2_PLACEMENT_3D('',#12595,#9988,#9989);
#8751=AXIS2_PLACEMENT_3D('',#12599,#9991,#9992);
#8752=AXIS2_PLACEMENT_3D('',#12603,#9994,#9995);
#8753=AXIS2_PLACEMENT_3D('',#12606,#9997,#9998);
#8754=AXIS2_PLACEMENT_3D('',#12611,#10000,#10001);
#8755=AXIS2_PLACEMENT_3D('',#12615,#10003,#10004);
#8756=AXIS2_PLACEMENT_3D('',#12619,#10006,#10007);
#8757=AXIS2_PLACEMENT_3D('',#12622,#10009,#10010);
#8758=AXIS2_PLACEMENT_3D('',#12625,#10011,#10012);
#8759=AXIS2_PLACEMENT_3D('',#12629,#10014,#10015);
#8760=AXIS2_PLACEMENT_3D('',#12633,#10017,#10018);
#8761=AXIS2_PLACEMENT_3D('',#12637,#10020,#10021);
#8762=AXIS2_PLACEMENT_3D('',#12641,#10023,#10024);
#8763=AXIS2_PLACEMENT_3D('',#12645,#10026,#10027);
#8764=AXIS2_PLACEMENT_3D('',#12649,#10029,#10030);
#8765=AXIS2_PLACEMENT_3D('',#12653,#10032,#10033);
#8766=AXIS2_PLACEMENT_3D('',#12659,#10036,#10037);
#8767=AXIS2_PLACEMENT_3D('',#12663,#10039,#10040);
#8768=AXIS2_PLACEMENT_3D('',#12667,#10042,#10043);
#8769=AXIS2_PLACEMENT_3D('',#12670,#10045,#10046);
#8770=AXIS2_PLACEMENT_3D('',#12673,#10047,#10048);
#8771=AXIS2_PLACEMENT_3D('',#12677,#10050,#10051);
#8772=AXIS2_PLACEMENT_3D('',#12681,#10053,#10054);
#8773=AXIS2_PLACEMENT_3D('',#12685,#10056,#10057);
#8774=AXIS2_PLACEMENT_3D('',#12691,#10060,#10061);
#8775=AXIS2_PLACEMENT_3D('',#12695,#10063,#10064);
#8776=AXIS2_PLACEMENT_3D('',#12699,#10066,#10067);
#8777=AXIS2_PLACEMENT_3D('',#12702,#10069,#10070);
#8778=AXIS2_PLACEMENT_3D('',#12707,#10072,#10073);
#8779=AXIS2_PLACEMENT_3D('',#12711,#10075,#10076);
#8780=AXIS2_PLACEMENT_3D('',#12715,#10078,#10079);
#8781=AXIS2_PLACEMENT_3D('',#12718,#10081,#10082);
#8782=AXIS2_PLACEMENT_3D('',#12723,#10084,#10085);
#8783=AXIS2_PLACEMENT_3D('',#12727,#10087,#10088);
#8784=AXIS2_PLACEMENT_3D('',#12731,#10090,#10091);
#8785=AXIS2_PLACEMENT_3D('',#12734,#10093,#10094);
#8786=AXIS2_PLACEMENT_3D('',#12739,#10096,#10097);
#8787=AXIS2_PLACEMENT_3D('',#12743,#10099,#10100);
#8788=AXIS2_PLACEMENT_3D('',#12747,#10102,#10103);
#8789=AXIS2_PLACEMENT_3D('',#12750,#10105,#10106);
#8790=AXIS2_PLACEMENT_3D('',#12755,#10108,#10109);
#8791=AXIS2_PLACEMENT_3D('',#12759,#10111,#10112);
#8792=AXIS2_PLACEMENT_3D('',#12763,#10114,#10115);
#8793=AXIS2_PLACEMENT_3D('',#12766,#10117,#10118);
#8794=AXIS2_PLACEMENT_3D('',#12771,#10120,#10121);
#8795=AXIS2_PLACEMENT_3D('',#12775,#10123,#10124);
#8796=AXIS2_PLACEMENT_3D('',#12779,#10126,#10127);
#8797=AXIS2_PLACEMENT_3D('',#12782,#10129,#10130);
#8798=AXIS2_PLACEMENT_3D('',#12787,#10132,#10133);
#8799=AXIS2_PLACEMENT_3D('',#12791,#10135,#10136);
#8800=AXIS2_PLACEMENT_3D('',#12795,#10138,#10139);
#8801=AXIS2_PLACEMENT_3D('',#12798,#10141,#10142);
#8802=AXIS2_PLACEMENT_3D('',#12801,#10143,#10144);
#8803=AXIS2_PLACEMENT_3D('',#12805,#10146,#10147);
#8804=AXIS2_PLACEMENT_3D('',#12809,#10149,#10150);
#8805=AXIS2_PLACEMENT_3D('',#12813,#10152,#10153);
#8806=AXIS2_PLACEMENT_3D('',#12819,#10156,#10157);
#8807=AXIS2_PLACEMENT_3D('',#12823,#10159,#10160);
#8808=AXIS2_PLACEMENT_3D('',#12827,#10162,#10163);
#8809=AXIS2_PLACEMENT_3D('',#12830,#10165,#10166);
#8810=AXIS2_PLACEMENT_3D('',#12835,#10168,#10169);
#8811=AXIS2_PLACEMENT_3D('',#12839,#10171,#10172);
#8812=AXIS2_PLACEMENT_3D('',#12843,#10174,#10175);
#8813=AXIS2_PLACEMENT_3D('',#12846,#10177,#10178);
#8814=AXIS2_PLACEMENT_3D('',#12851,#10180,#10181);
#8815=AXIS2_PLACEMENT_3D('',#12855,#10183,#10184);
#8816=AXIS2_PLACEMENT_3D('',#12859,#10186,#10187);
#8817=AXIS2_PLACEMENT_3D('',#12862,#10189,#10190);
#8818=AXIS2_PLACEMENT_3D('',#12867,#10192,#10193);
#8819=AXIS2_PLACEMENT_3D('',#12871,#10195,#10196);
#8820=AXIS2_PLACEMENT_3D('',#12875,#10198,#10199);
#8821=AXIS2_PLACEMENT_3D('',#12878,#10201,#10202);
#8822=AXIS2_PLACEMENT_3D('',#12883,#10204,#10205);
#8823=AXIS2_PLACEMENT_3D('',#12887,#10207,#10208);
#8824=AXIS2_PLACEMENT_3D('',#12891,#10210,#10211);
#8825=AXIS2_PLACEMENT_3D('',#12894,#10213,#10214);
#8826=AXIS2_PLACEMENT_3D('',#12899,#10216,#10217);
#8827=AXIS2_PLACEMENT_3D('',#12903,#10219,#10220);
#8828=AXIS2_PLACEMENT_3D('',#12907,#10222,#10223);
#8829=AXIS2_PLACEMENT_3D('',#12910,#10225,#10226);
#8830=AXIS2_PLACEMENT_3D('',#12915,#10228,#10229);
#8831=AXIS2_PLACEMENT_3D('',#12919,#10231,#10232);
#8832=AXIS2_PLACEMENT_3D('',#12923,#10234,#10235);
#8833=AXIS2_PLACEMENT_3D('',#12926,#10237,#10238);
#8834=AXIS2_PLACEMENT_3D('',#12927,#10239,#10240);
#8835=AXIS2_PLACEMENT_3D('',#12929,#10241,#10242);
#8836=AXIS2_PLACEMENT_3D('',#12932,#10244,#10245);
#8837=AXIS2_PLACEMENT_3D('',#12934,#10246,#10247);
#8838=AXIS2_PLACEMENT_3D('',#12937,#10249,#10250);
#8839=AXIS2_PLACEMENT_3D('',#12939,#10251,#10252);
#8840=AXIS2_PLACEMENT_3D('',#12942,#10254,#10255);
#8841=AXIS2_PLACEMENT_3D('',#12944,#10256,#10257);
#8842=AXIS2_PLACEMENT_3D('',#12947,#10259,#10260);
#8843=AXIS2_PLACEMENT_3D('',#12952,#10262,#10263);
#8844=AXIS2_PLACEMENT_3D('',#12956,#10265,#10266);
#8845=AXIS2_PLACEMENT_3D('',#12960,#10268,#10269);
#8846=AXIS2_PLACEMENT_3D('',#12963,#10271,#10272);
#8847=AXIS2_PLACEMENT_3D('',#12968,#10274,#10275);
#8848=AXIS2_PLACEMENT_3D('',#12972,#10277,#10278);
#8849=AXIS2_PLACEMENT_3D('',#12976,#10280,#10281);
#8850=AXIS2_PLACEMENT_3D('',#12979,#10283,#10284);
#8851=AXIS2_PLACEMENT_3D('',#12984,#10286,#10287);
#8852=AXIS2_PLACEMENT_3D('',#12988,#10289,#10290);
#8853=AXIS2_PLACEMENT_3D('',#12992,#10292,#10293);
#8854=AXIS2_PLACEMENT_3D('',#12995,#10295,#10296);
#8855=AXIS2_PLACEMENT_3D('',#13000,#10298,#10299);
#8856=AXIS2_PLACEMENT_3D('',#13004,#10301,#10302);
#8857=AXIS2_PLACEMENT_3D('',#13008,#10304,#10305);
#8858=AXIS2_PLACEMENT_3D('',#13011,#10307,#10308);
#8859=AXIS2_PLACEMENT_3D('',#13016,#10310,#10311);
#8860=AXIS2_PLACEMENT_3D('',#13020,#10313,#10314);
#8861=AXIS2_PLACEMENT_3D('',#13024,#10316,#10317);
#8862=AXIS2_PLACEMENT_3D('',#13027,#10319,#10320);
#8863=AXIS2_PLACEMENT_3D('',#13032,#10322,#10323);
#8864=AXIS2_PLACEMENT_3D('',#13036,#10325,#10326);
#8865=AXIS2_PLACEMENT_3D('',#13040,#10328,#10329);
#8866=AXIS2_PLACEMENT_3D('',#13043,#10331,#10332);
#8867=AXIS2_PLACEMENT_3D('',#13048,#10334,#10335);
#8868=AXIS2_PLACEMENT_3D('',#13052,#10337,#10338);
#8869=AXIS2_PLACEMENT_3D('',#13056,#10340,#10341);
#8870=AXIS2_PLACEMENT_3D('',#13059,#10343,#10344);
#8871=AXIS2_PLACEMENT_3D('',#13062,#10345,#10346);
#8872=AXIS2_PLACEMENT_3D('',#13066,#10348,#10349);
#8873=AXIS2_PLACEMENT_3D('',#13070,#10351,#10352);
#8874=AXIS2_PLACEMENT_3D('',#13074,#10354,#10355);
#8875=AXIS2_PLACEMENT_3D('',#13080,#10358,#10359);
#8876=AXIS2_PLACEMENT_3D('',#13084,#10361,#10362);
#8877=AXIS2_PLACEMENT_3D('',#13088,#10364,#10365);
#8878=AXIS2_PLACEMENT_3D('',#13091,#10367,#10368);
#8879=AXIS2_PLACEMENT_3D('',#13096,#10370,#10371);
#8880=AXIS2_PLACEMENT_3D('',#13100,#10373,#10374);
#8881=AXIS2_PLACEMENT_3D('',#13104,#10376,#10377);
#8882=AXIS2_PLACEMENT_3D('',#13107,#10379,#10380);
#8883=AXIS2_PLACEMENT_3D('',#13112,#10382,#10383);
#8884=AXIS2_PLACEMENT_3D('',#13116,#10385,#10386);
#8885=AXIS2_PLACEMENT_3D('',#13120,#10388,#10389);
#8886=AXIS2_PLACEMENT_3D('',#13123,#10391,#10392);
#8887=AXIS2_PLACEMENT_3D('',#13128,#10394,#10395);
#8888=AXIS2_PLACEMENT_3D('',#13132,#10397,#10398);
#8889=AXIS2_PLACEMENT_3D('',#13136,#10400,#10401);
#8890=AXIS2_PLACEMENT_3D('',#13139,#10403,#10404);
#8891=AXIS2_PLACEMENT_3D('',#13144,#10406,#10407);
#8892=AXIS2_PLACEMENT_3D('',#13148,#10409,#10410);
#8893=AXIS2_PLACEMENT_3D('',#13152,#10412,#10413);
#8894=AXIS2_PLACEMENT_3D('',#13155,#10415,#10416);
#8895=AXIS2_PLACEMENT_3D('',#13160,#10418,#10419);
#8896=AXIS2_PLACEMENT_3D('',#13164,#10421,#10422);
#8897=AXIS2_PLACEMENT_3D('',#13168,#10424,#10425);
#8898=AXIS2_PLACEMENT_3D('',#13171,#10427,#10428);
#8899=AXIS2_PLACEMENT_3D('',#13176,#10430,#10431);
#8900=AXIS2_PLACEMENT_3D('',#13180,#10433,#10434);
#8901=AXIS2_PLACEMENT_3D('',#13184,#10436,#10437);
#8902=AXIS2_PLACEMENT_3D('',#13187,#10439,#10440);
#8903=AXIS2_PLACEMENT_3D('',#13190,#10441,#10442);
#8904=AXIS2_PLACEMENT_3D('',#13194,#10444,#10445);
#8905=AXIS2_PLACEMENT_3D('',#13198,#10447,#10448);
#8906=AXIS2_PLACEMENT_3D('',#13202,#10450,#10451);
#8907=AXIS2_PLACEMENT_3D('',#13208,#10454,#10455);
#8908=AXIS2_PLACEMENT_3D('',#13212,#10457,#10458);
#8909=AXIS2_PLACEMENT_3D('',#13216,#10460,#10461);
#8910=AXIS2_PLACEMENT_3D('',#13219,#10463,#10464);
#8911=AXIS2_PLACEMENT_3D('',#13222,#10465,#10466);
#8912=AXIS2_PLACEMENT_3D('',#13226,#10468,#10469);
#8913=AXIS2_PLACEMENT_3D('',#13230,#10471,#10472);
#8914=AXIS2_PLACEMENT_3D('',#13234,#10474,#10475);
#8915=AXIS2_PLACEMENT_3D('',#13238,#10477,#10478);
#8916=AXIS2_PLACEMENT_3D('',#13242,#10480,#10481);
#8917=AXIS2_PLACEMENT_3D('',#13246,#10483,#10484);
#8918=AXIS2_PLACEMENT_3D('',#13250,#10486,#10487);
#8919=AXIS2_PLACEMENT_3D('',#13256,#10490,#10491);
#8920=AXIS2_PLACEMENT_3D('',#13260,#10493,#10494);
#8921=AXIS2_PLACEMENT_3D('',#13264,#10496,#10497);
#8922=AXIS2_PLACEMENT_3D('',#13267,#10499,#10500);
#8923=AXIS2_PLACEMENT_3D('',#13272,#10502,#10503);
#8924=AXIS2_PLACEMENT_3D('',#13276,#10505,#10506);
#8925=AXIS2_PLACEMENT_3D('',#13280,#10508,#10509);
#8926=AXIS2_PLACEMENT_3D('',#13283,#10511,#10512);
#8927=AXIS2_PLACEMENT_3D('',#13288,#10514,#10515);
#8928=AXIS2_PLACEMENT_3D('',#13292,#10517,#10518);
#8929=AXIS2_PLACEMENT_3D('',#13296,#10520,#10521);
#8930=AXIS2_PLACEMENT_3D('',#13299,#10523,#10524);
#8931=AXIS2_PLACEMENT_3D('',#13304,#10526,#10527);
#8932=AXIS2_PLACEMENT_3D('',#13308,#10529,#10530);
#8933=AXIS2_PLACEMENT_3D('',#13312,#10532,#10533);
#8934=AXIS2_PLACEMENT_3D('',#13315,#10535,#10536);
#8935=AXIS2_PLACEMENT_3D('',#13320,#10538,#10539);
#8936=AXIS2_PLACEMENT_3D('',#13324,#10541,#10542);
#8937=AXIS2_PLACEMENT_3D('',#13328,#10544,#10545);
#8938=AXIS2_PLACEMENT_3D('',#13331,#10547,#10548);
#8939=AXIS2_PLACEMENT_3D('',#13336,#10550,#10551);
#8940=AXIS2_PLACEMENT_3D('',#13340,#10553,#10554);
#8941=AXIS2_PLACEMENT_3D('',#13344,#10556,#10557);
#8942=AXIS2_PLACEMENT_3D('',#13347,#10559,#10560);
#8943=AXIS2_PLACEMENT_3D('',#13352,#10562,#10563);
#8944=AXIS2_PLACEMENT_3D('',#13356,#10565,#10566);
#8945=AXIS2_PLACEMENT_3D('',#13360,#10568,#10569);
#8946=AXIS2_PLACEMENT_3D('',#13363,#10571,#10572);
#8947=AXIS2_PLACEMENT_3D('',#13368,#10574,#10575);
#8948=AXIS2_PLACEMENT_3D('',#13372,#10577,#10578);
#8949=AXIS2_PLACEMENT_3D('',#13376,#10580,#10581);
#8950=AXIS2_PLACEMENT_3D('',#13379,#10583,#10584);
#8951=AXIS2_PLACEMENT_3D('',#13384,#10586,#10587);
#8952=AXIS2_PLACEMENT_3D('',#13388,#10589,#10590);
#8953=AXIS2_PLACEMENT_3D('',#13392,#10592,#10593);
#8954=AXIS2_PLACEMENT_3D('',#13395,#10595,#10596);
#8955=AXIS2_PLACEMENT_3D('',#13400,#10598,#10599);
#8956=AXIS2_PLACEMENT_3D('',#13404,#10601,#10602);
#8957=AXIS2_PLACEMENT_3D('',#13408,#10604,#10605);
#8958=AXIS2_PLACEMENT_3D('',#13411,#10607,#10608);
#8959=AXIS2_PLACEMENT_3D('',#13416,#10610,#10611);
#8960=AXIS2_PLACEMENT_3D('',#13420,#10613,#10614);
#8961=AXIS2_PLACEMENT_3D('',#13424,#10616,#10617);
#8962=AXIS2_PLACEMENT_3D('',#13427,#10619,#10620);
#8963=AXIS2_PLACEMENT_3D('',#13432,#10622,#10623);
#8964=AXIS2_PLACEMENT_3D('',#13436,#10625,#10626);
#8965=AXIS2_PLACEMENT_3D('',#13440,#10628,#10629);
#8966=AXIS2_PLACEMENT_3D('',#13443,#10631,#10632);
#8967=AXIS2_PLACEMENT_3D('',#13448,#10634,#10635);
#8968=AXIS2_PLACEMENT_3D('',#13452,#10637,#10638);
#8969=AXIS2_PLACEMENT_3D('',#13456,#10640,#10641);
#8970=AXIS2_PLACEMENT_3D('',#13459,#10643,#10644);
#8971=AXIS2_PLACEMENT_3D('',#13464,#10646,#10647);
#8972=AXIS2_PLACEMENT_3D('',#13468,#10649,#10650);
#8973=AXIS2_PLACEMENT_3D('',#13472,#10652,#10653);
#8974=AXIS2_PLACEMENT_3D('',#13475,#10655,#10656);
#8975=AXIS2_PLACEMENT_3D('',#13480,#10658,#10659);
#8976=AXIS2_PLACEMENT_3D('',#13484,#10661,#10662);
#8977=AXIS2_PLACEMENT_3D('',#13488,#10664,#10665);
#8978=AXIS2_PLACEMENT_3D('',#13491,#10667,#10668);
#8979=AXIS2_PLACEMENT_3D('',#13496,#10670,#10671);
#8980=AXIS2_PLACEMENT_3D('',#13500,#10673,#10674);
#8981=AXIS2_PLACEMENT_3D('',#13504,#10676,#10677);
#8982=AXIS2_PLACEMENT_3D('',#13507,#10679,#10680);
#8983=AXIS2_PLACEMENT_3D('',#13512,#10682,#10683);
#8984=AXIS2_PLACEMENT_3D('',#13516,#10685,#10686);
#8985=AXIS2_PLACEMENT_3D('',#13520,#10688,#10689);
#8986=AXIS2_PLACEMENT_3D('',#13523,#10691,#10692);
#8987=AXIS2_PLACEMENT_3D('',#13528,#10694,#10695);
#8988=AXIS2_PLACEMENT_3D('',#13532,#10697,#10698);
#8989=AXIS2_PLACEMENT_3D('',#13536,#10700,#10701);
#8990=AXIS2_PLACEMENT_3D('',#13539,#10703,#10704);
#8991=AXIS2_PLACEMENT_3D('',#13542,#10705,#10706);
#8992=AXIS2_PLACEMENT_3D('',#13546,#10708,#10709);
#8993=AXIS2_PLACEMENT_3D('',#13550,#10711,#10712);
#8994=AXIS2_PLACEMENT_3D('',#13554,#10714,#10715);
#8995=AXIS2_PLACEMENT_3D('',#13558,#10717,#10718);
#8996=AXIS2_PLACEMENT_3D('',#13562,#10720,#10721);
#8997=AXIS2_PLACEMENT_3D('',#13566,#10723,#10724);
#8998=AXIS2_PLACEMENT_3D('',#13570,#10726,#10727);
#8999=AXIS2_PLACEMENT_3D('',#13574,#10729,#10730);
#9000=AXIS2_PLACEMENT_3D('',#13578,#10732,#10733);
#9001=AXIS2_PLACEMENT_3D('',#13582,#10735,#10736);
#9002=AXIS2_PLACEMENT_3D('',#13586,#10738,#10739);
#9003=AXIS2_PLACEMENT_3D('',#13590,#10741,#10742);
#9004=AXIS2_PLACEMENT_3D('',#13594,#10744,#10745);
#9005=AXIS2_PLACEMENT_3D('',#13598,#10747,#10748);
#9006=AXIS2_PLACEMENT_3D('',#13602,#10750,#10751);
#9007=AXIS2_PLACEMENT_3D('',#13608,#10754,#10755);
#9008=AXIS2_PLACEMENT_3D('',#13612,#10757,#10758);
#9009=AXIS2_PLACEMENT_3D('',#13616,#10760,#10761);
#9010=AXIS2_PLACEMENT_3D('',#13619,#10763,#10764);
#9011=AXIS2_PLACEMENT_3D('',#13624,#10766,#10767);
#9012=AXIS2_PLACEMENT_3D('',#13628,#10769,#10770);
#9013=AXIS2_PLACEMENT_3D('',#13632,#10772,#10773);
#9014=AXIS2_PLACEMENT_3D('',#13635,#10775,#10776);
#9015=AXIS2_PLACEMENT_3D('',#13640,#10778,#10779);
#9016=AXIS2_PLACEMENT_3D('',#13644,#10781,#10782);
#9017=AXIS2_PLACEMENT_3D('',#13648,#10784,#10785);
#9018=AXIS2_PLACEMENT_3D('',#13651,#10787,#10788);
#9019=AXIS2_PLACEMENT_3D('',#13652,#10789,#10790);
#9020=AXIS2_PLACEMENT_3D('',#13654,#10792,#10793);
#9021=AXIS2_PLACEMENT_3D('',#13656,#10795,#10796);
#9022=AXIS2_PLACEMENT_3D('',#13657,#10797,#10798);
#9023=AXIS2_PLACEMENT_3D('',#13659,#10800,#10801);
#9024=AXIS2_PLACEMENT_3D('',#13661,#10803,#10804);
#9025=AXIS2_PLACEMENT_3D('',#13662,#10805,#10806);
#9026=AXIS2_PLACEMENT_3D('',#13664,#10808,#10809);
#9027=AXIS2_PLACEMENT_3D('',#13666,#10811,#10812);
#9028=AXIS2_PLACEMENT_3D('',#13667,#10813,#10814);
#9029=AXIS2_PLACEMENT_3D('',#13669,#10816,#10817);
#9030=AXIS2_PLACEMENT_3D('',#13671,#10819,#10820);
#9031=AXIS2_PLACEMENT_3D('',#13672,#10821,#10822);
#9032=AXIS2_PLACEMENT_3D('',#13675,#10825,#10826);
#9033=AXIS2_PLACEMENT_3D('',#13677,#10828,#10829);
#9034=AXIS2_PLACEMENT_3D('',#13679,#10831,#10832);
#9035=AXIS2_PLACEMENT_3D('',#13681,#10834,#10835);
#9036=AXIS2_PLACEMENT_3D('',#13683,#10837,#10838);
#9037=AXIS2_PLACEMENT_3D('',#13685,#10840,#10841);
#9038=AXIS2_PLACEMENT_3D('',#13687,#10843,#10844);
#9039=AXIS2_PLACEMENT_3D('',#13688,#10845,#10846);
#9040=AXIS2_PLACEMENT_3D('',#13691,#10849,#10850);
#9041=AXIS2_PLACEMENT_3D('',#13693,#10852,#10853);
#9042=AXIS2_PLACEMENT_3D('',#13695,#10855,#10856);
#9043=AXIS2_PLACEMENT_3D('',#13697,#10858,#10859);
#9044=AXIS2_PLACEMENT_3D('',#13699,#10861,#10862);
#9045=AXIS2_PLACEMENT_3D('',#13701,#10864,#10865);
#9046=AXIS2_PLACEMENT_3D('',#13703,#10867,#10868);
#9047=AXIS2_PLACEMENT_3D('',#13704,#10869,#10870);
#9048=AXIS2_PLACEMENT_3D('',#13707,#10873,#10874);
#9049=AXIS2_PLACEMENT_3D('',#13709,#10876,#10877);
#9050=AXIS2_PLACEMENT_3D('',#13711,#10879,#10880);
#9051=AXIS2_PLACEMENT_3D('',#13713,#10882,#10883);
#9052=AXIS2_PLACEMENT_3D('',#13715,#10885,#10886);
#9053=AXIS2_PLACEMENT_3D('',#13717,#10888,#10889);
#9054=AXIS2_PLACEMENT_3D('',#13719,#10891,#10892);
#9055=AXIS2_PLACEMENT_3D('',#13720,#10893,#10894);
#9056=AXIS2_PLACEMENT_3D('',#13723,#10897,#10898);
#9057=AXIS2_PLACEMENT_3D('',#13725,#10900,#10901);
#9058=AXIS2_PLACEMENT_3D('',#13727,#10903,#10904);
#9059=AXIS2_PLACEMENT_3D('',#13729,#10906,#10907);
#9060=AXIS2_PLACEMENT_3D('',#13731,#10909,#10910);
#9061=AXIS2_PLACEMENT_3D('',#13733,#10912,#10913);
#9062=AXIS2_PLACEMENT_3D('',#13735,#10915,#10916);
#9063=AXIS2_PLACEMENT_3D('',#13736,#10917,#10918);
#9064=AXIS2_PLACEMENT_3D('',#13739,#10921,#10922);
#9065=AXIS2_PLACEMENT_3D('',#13741,#10924,#10925);
#9066=AXIS2_PLACEMENT_3D('',#13743,#10927,#10928);
#9067=AXIS2_PLACEMENT_3D('',#13745,#10930,#10931);
#9068=AXIS2_PLACEMENT_3D('',#13747,#10933,#10934);
#9069=AXIS2_PLACEMENT_3D('',#13749,#10936,#10937);
#9070=AXIS2_PLACEMENT_3D('',#13751,#10939,#10940);
#9071=AXIS2_PLACEMENT_3D('',#13752,#10941,#10942);
#9072=AXIS2_PLACEMENT_3D('',#13755,#10945,#10946);
#9073=AXIS2_PLACEMENT_3D('',#13757,#10948,#10949);
#9074=AXIS2_PLACEMENT_3D('',#13759,#10951,#10952);
#9075=AXIS2_PLACEMENT_3D('',#13761,#10954,#10955);
#9076=AXIS2_PLACEMENT_3D('',#13763,#10957,#10958);
#9077=AXIS2_PLACEMENT_3D('',#13765,#10960,#10961);
#9078=AXIS2_PLACEMENT_3D('',#13767,#10963,#10964);
#9079=AXIS2_PLACEMENT_3D('',#13768,#10965,#10966);
#9080=AXIS2_PLACEMENT_3D('',#13771,#10969,#10970);
#9081=AXIS2_PLACEMENT_3D('',#13773,#10972,#10973);
#9082=AXIS2_PLACEMENT_3D('',#13775,#10975,#10976);
#9083=AXIS2_PLACEMENT_3D('',#13777,#10978,#10979);
#9084=AXIS2_PLACEMENT_3D('',#13779,#10981,#10982);
#9085=AXIS2_PLACEMENT_3D('',#13781,#10984,#10985);
#9086=AXIS2_PLACEMENT_3D('',#13783,#10987,#10988);
#9087=AXIS2_PLACEMENT_3D('',#13784,#10989,#10990);
#9088=AXIS2_PLACEMENT_3D('',#13787,#10993,#10994);
#9089=AXIS2_PLACEMENT_3D('',#13789,#10996,#10997);
#9090=AXIS2_PLACEMENT_3D('',#13791,#10999,#11000);
#9091=AXIS2_PLACEMENT_3D('',#13793,#11002,#11003);
#9092=AXIS2_PLACEMENT_3D('',#13795,#11005,#11006);
#9093=AXIS2_PLACEMENT_3D('',#13797,#11008,#11009);
#9094=AXIS2_PLACEMENT_3D('',#13799,#11011,#11012);
#9095=AXIS2_PLACEMENT_3D('',#13800,#11013,#11014);
#9096=AXIS2_PLACEMENT_3D('',#13803,#11017,#11018);
#9097=AXIS2_PLACEMENT_3D('',#13805,#11020,#11021);
#9098=AXIS2_PLACEMENT_3D('',#13807,#11023,#11024);
#9099=AXIS2_PLACEMENT_3D('',#13809,#11026,#11027);
#9100=AXIS2_PLACEMENT_3D('',#13811,#11029,#11030);
#9101=AXIS2_PLACEMENT_3D('',#13813,#11032,#11033);
#9102=AXIS2_PLACEMENT_3D('',#13815,#11035,#11036);
#9103=AXIS2_PLACEMENT_3D('',#13816,#11037,#11038);
#9104=AXIS2_PLACEMENT_3D('',#13819,#11041,#11042);
#9105=AXIS2_PLACEMENT_3D('',#13821,#11044,#11045);
#9106=AXIS2_PLACEMENT_3D('',#13823,#11047,#11048);
#9107=AXIS2_PLACEMENT_3D('',#13825,#11050,#11051);
#9108=AXIS2_PLACEMENT_3D('',#13827,#11053,#11054);
#9109=AXIS2_PLACEMENT_3D('',#13829,#11056,#11057);
#9110=AXIS2_PLACEMENT_3D('',#13831,#11059,#11060);
#9111=AXIS2_PLACEMENT_3D('',#13832,#11061,#11062);
#9112=AXIS2_PLACEMENT_3D('',#13835,#11065,#11066);
#9113=AXIS2_PLACEMENT_3D('',#13837,#11068,#11069);
#9114=AXIS2_PLACEMENT_3D('',#13839,#11071,#11072);
#9115=AXIS2_PLACEMENT_3D('',#13841,#11074,#11075);
#9116=AXIS2_PLACEMENT_3D('',#13843,#11077,#11078);
#9117=AXIS2_PLACEMENT_3D('',#13845,#11080,#11081);
#9118=AXIS2_PLACEMENT_3D('',#13847,#11083,#11084);
#9119=AXIS2_PLACEMENT_3D('',#13848,#11085,#11086);
#9120=AXIS2_PLACEMENT_3D('',#13851,#11089,#11090);
#9121=AXIS2_PLACEMENT_3D('',#13853,#11092,#11093);
#9122=AXIS2_PLACEMENT_3D('',#13855,#11095,#11096);
#9123=AXIS2_PLACEMENT_3D('',#13857,#11098,#11099);
#9124=AXIS2_PLACEMENT_3D('',#13859,#11101,#11102);
#9125=AXIS2_PLACEMENT_3D('',#13861,#11104,#11105);
#9126=AXIS2_PLACEMENT_3D('',#13863,#11107,#11108);
#9127=AXIS2_PLACEMENT_3D('',#13864,#11109,#11110);
#9128=AXIS2_PLACEMENT_3D('',#13867,#11113,#11114);
#9129=AXIS2_PLACEMENT_3D('',#13869,#11116,#11117);
#9130=AXIS2_PLACEMENT_3D('',#13871,#11119,#11120);
#9131=AXIS2_PLACEMENT_3D('',#13873,#11122,#11123);
#9132=AXIS2_PLACEMENT_3D('',#13875,#11125,#11126);
#9133=AXIS2_PLACEMENT_3D('',#13877,#11128,#11129);
#9134=AXIS2_PLACEMENT_3D('',#13879,#11131,#11132);
#9135=AXIS2_PLACEMENT_3D('',#13880,#11133,#11134);
#9136=AXIS2_PLACEMENT_3D('',#13883,#11137,#11138);
#9137=AXIS2_PLACEMENT_3D('',#13885,#11140,#11141);
#9138=AXIS2_PLACEMENT_3D('',#13887,#11143,#11144);
#9139=AXIS2_PLACEMENT_3D('',#13889,#11146,#11147);
#9140=AXIS2_PLACEMENT_3D('',#13891,#11149,#11150);
#9141=AXIS2_PLACEMENT_3D('',#13893,#11152,#11153);
#9142=AXIS2_PLACEMENT_3D('',#13895,#11155,#11156);
#9143=AXIS2_PLACEMENT_3D('',#13896,#11157,#11158);
#9144=AXIS2_PLACEMENT_3D('',#13899,#11161,#11162);
#9145=AXIS2_PLACEMENT_3D('',#13901,#11164,#11165);
#9146=AXIS2_PLACEMENT_3D('',#13903,#11167,#11168);
#9147=AXIS2_PLACEMENT_3D('',#13905,#11170,#11171);
#9148=AXIS2_PLACEMENT_3D('',#13907,#11173,#11174);
#9149=AXIS2_PLACEMENT_3D('',#13909,#11176,#11177);
#9150=AXIS2_PLACEMENT_3D('',#13911,#11179,#11180);
#9151=AXIS2_PLACEMENT_3D('',#13912,#11181,#11182);
#9152=AXIS2_PLACEMENT_3D('',#13915,#11185,#11186);
#9153=AXIS2_PLACEMENT_3D('',#13917,#11188,#11189);
#9154=AXIS2_PLACEMENT_3D('',#13919,#11191,#11192);
#9155=AXIS2_PLACEMENT_3D('',#13921,#11194,#11195);
#9156=AXIS2_PLACEMENT_3D('',#13923,#11197,#11198);
#9157=AXIS2_PLACEMENT_3D('',#13925,#11200,#11201);
#9158=AXIS2_PLACEMENT_3D('',#13927,#11203,#11204);
#9159=AXIS2_PLACEMENT_3D('',#13928,#11205,#11206);
#9160=AXIS2_PLACEMENT_3D('',#13931,#11209,#11210);
#9161=AXIS2_PLACEMENT_3D('',#13933,#11212,#11213);
#9162=AXIS2_PLACEMENT_3D('',#13935,#11215,#11216);
#9163=AXIS2_PLACEMENT_3D('',#13937,#11218,#11219);
#9164=AXIS2_PLACEMENT_3D('',#13939,#11221,#11222);
#9165=AXIS2_PLACEMENT_3D('',#13941,#11224,#11225);
#9166=AXIS2_PLACEMENT_3D('',#13943,#11227,#11228);
#9167=AXIS2_PLACEMENT_3D('',#13944,#11229,#11230);
#9168=AXIS2_PLACEMENT_3D('',#13947,#11233,#11234);
#9169=AXIS2_PLACEMENT_3D('',#13949,#11236,#11237);
#9170=AXIS2_PLACEMENT_3D('',#13951,#11239,#11240);
#9171=AXIS2_PLACEMENT_3D('',#13953,#11242,#11243);
#9172=AXIS2_PLACEMENT_3D('',#13955,#11245,#11246);
#9173=AXIS2_PLACEMENT_3D('',#13957,#11248,#11249);
#9174=AXIS2_PLACEMENT_3D('',#13959,#11251,#11252);
#9175=AXIS2_PLACEMENT_3D('',#13960,#11253,#11254);
#9176=AXIS2_PLACEMENT_3D('',#13963,#11257,#11258);
#9177=AXIS2_PLACEMENT_3D('',#13965,#11260,#11261);
#9178=AXIS2_PLACEMENT_3D('',#13967,#11263,#11264);
#9179=AXIS2_PLACEMENT_3D('',#13969,#11266,#11267);
#9180=AXIS2_PLACEMENT_3D('',#13971,#11269,#11270);
#9181=AXIS2_PLACEMENT_3D('',#13973,#11272,#11273);
#9182=AXIS2_PLACEMENT_3D('',#13975,#11275,#11276);
#9183=AXIS2_PLACEMENT_3D('',#13976,#11277,#11278);
#9184=AXIS2_PLACEMENT_3D('',#13979,#11281,#11282);
#9185=AXIS2_PLACEMENT_3D('',#13981,#11284,#11285);
#9186=AXIS2_PLACEMENT_3D('',#13983,#11287,#11288);
#9187=AXIS2_PLACEMENT_3D('',#13985,#11290,#11291);
#9188=AXIS2_PLACEMENT_3D('',#13987,#11293,#11294);
#9189=AXIS2_PLACEMENT_3D('',#13989,#11296,#11297);
#9190=AXIS2_PLACEMENT_3D('',#13991,#11299,#11300);
#9191=AXIS2_PLACEMENT_3D('',#13992,#11301,#11302);
#9192=AXIS2_PLACEMENT_3D('',#13995,#11305,#11306);
#9193=AXIS2_PLACEMENT_3D('',#13997,#11308,#11309);
#9194=AXIS2_PLACEMENT_3D('',#13999,#11311,#11312);
#9195=AXIS2_PLACEMENT_3D('',#14001,#11314,#11315);
#9196=AXIS2_PLACEMENT_3D('',#14003,#11317,#11318);
#9197=AXIS2_PLACEMENT_3D('',#14005,#11320,#11321);
#9198=AXIS2_PLACEMENT_3D('',#14007,#11323,#11324);
#9199=AXIS2_PLACEMENT_3D('',#14008,#11325,#11326);
#9200=AXIS2_PLACEMENT_3D('',#14011,#11329,#11330);
#9201=AXIS2_PLACEMENT_3D('',#14013,#11332,#11333);
#9202=AXIS2_PLACEMENT_3D('',#14015,#11335,#11336);
#9203=AXIS2_PLACEMENT_3D('',#14017,#11338,#11339);
#9204=AXIS2_PLACEMENT_3D('',#14019,#11341,#11342);
#9205=AXIS2_PLACEMENT_3D('',#14021,#11344,#11345);
#9206=AXIS2_PLACEMENT_3D('',#14023,#11347,#11348);
#9207=AXIS2_PLACEMENT_3D('',#14024,#11349,#11350);
#9208=AXIS2_PLACEMENT_3D('',#14027,#11353,#11354);
#9209=AXIS2_PLACEMENT_3D('',#14029,#11356,#11357);
#9210=AXIS2_PLACEMENT_3D('',#14031,#11359,#11360);
#9211=AXIS2_PLACEMENT_3D('',#14033,#11362,#11363);
#9212=AXIS2_PLACEMENT_3D('',#14035,#11365,#11366);
#9213=AXIS2_PLACEMENT_3D('',#14037,#11368,#11369);
#9214=AXIS2_PLACEMENT_3D('',#14039,#11371,#11372);
#9215=AXIS2_PLACEMENT_3D('',#14040,#11373,#11374);
#9216=AXIS2_PLACEMENT_3D('',#14043,#11377,#11378);
#9217=AXIS2_PLACEMENT_3D('',#14045,#11380,#11381);
#9218=AXIS2_PLACEMENT_3D('',#14047,#11383,#11384);
#9219=AXIS2_PLACEMENT_3D('',#14049,#11386,#11387);
#9220=AXIS2_PLACEMENT_3D('',#14051,#11389,#11390);
#9221=AXIS2_PLACEMENT_3D('',#14053,#11392,#11393);
#9222=AXIS2_PLACEMENT_3D('',#14055,#11395,#11396);
#9223=AXIS2_PLACEMENT_3D('',#14056,#11397,#11398);
#9224=AXIS2_PLACEMENT_3D('',#14059,#11401,#11402);
#9225=AXIS2_PLACEMENT_3D('',#14061,#11404,#11405);
#9226=AXIS2_PLACEMENT_3D('',#14063,#11407,#11408);
#9227=AXIS2_PLACEMENT_3D('',#14065,#11410,#11411);
#9228=AXIS2_PLACEMENT_3D('',#14067,#11413,#11414);
#9229=AXIS2_PLACEMENT_3D('',#14069,#11416,#11417);
#9230=AXIS2_PLACEMENT_3D('',#14071,#11419,#11420);
#9231=AXIS2_PLACEMENT_3D('',#14072,#11421,#11422);
#9232=AXIS2_PLACEMENT_3D('',#14075,#11425,#11426);
#9233=AXIS2_PLACEMENT_3D('',#14077,#11428,#11429);
#9234=AXIS2_PLACEMENT_3D('',#14079,#11431,#11432);
#9235=AXIS2_PLACEMENT_3D('',#14081,#11434,#11435);
#9236=AXIS2_PLACEMENT_3D('',#14083,#11437,#11438);
#9237=AXIS2_PLACEMENT_3D('',#14085,#11440,#11441);
#9238=AXIS2_PLACEMENT_3D('',#14087,#11443,#11444);
#9239=AXIS2_PLACEMENT_3D('',#14088,#11445,#11446);
#9240=AXIS2_PLACEMENT_3D('',#14091,#11449,#11450);
#9241=AXIS2_PLACEMENT_3D('',#14093,#11452,#11453);
#9242=AXIS2_PLACEMENT_3D('',#14095,#11455,#11456);
#9243=AXIS2_PLACEMENT_3D('',#14097,#11458,#11459);
#9244=AXIS2_PLACEMENT_3D('',#14099,#11461,#11462);
#9245=AXIS2_PLACEMENT_3D('',#14101,#11464,#11465);
#9246=AXIS2_PLACEMENT_3D('',#14103,#11467,#11468);
#9247=AXIS2_PLACEMENT_3D('',#14104,#11469,#11470);
#9248=AXIS2_PLACEMENT_3D('',#14107,#11473,#11474);
#9249=AXIS2_PLACEMENT_3D('',#14109,#11476,#11477);
#9250=AXIS2_PLACEMENT_3D('',#14111,#11479,#11480);
#9251=AXIS2_PLACEMENT_3D('',#14113,#11482,#11483);
#9252=AXIS2_PLACEMENT_3D('',#14115,#11485,#11486);
#9253=AXIS2_PLACEMENT_3D('',#14117,#11488,#11489);
#9254=AXIS2_PLACEMENT_3D('',#14119,#11491,#11492);
#9255=AXIS2_PLACEMENT_3D('',#14120,#11493,#11494);
#9256=AXIS2_PLACEMENT_3D('',#14123,#11497,#11498);
#9257=AXIS2_PLACEMENT_3D('',#14125,#11500,#11501);
#9258=AXIS2_PLACEMENT_3D('',#14127,#11503,#11504);
#9259=AXIS2_PLACEMENT_3D('',#14129,#11506,#11507);
#9260=AXIS2_PLACEMENT_3D('',#14131,#11509,#11510);
#9261=AXIS2_PLACEMENT_3D('',#14133,#11512,#11513);
#9262=AXIS2_PLACEMENT_3D('',#14135,#11515,#11516);
#9263=AXIS2_PLACEMENT_3D('',#14136,#11517,#11518);
#9264=AXIS2_PLACEMENT_3D('',#14139,#11521,#11522);
#9265=AXIS2_PLACEMENT_3D('',#14141,#11524,#11525);
#9266=AXIS2_PLACEMENT_3D('',#14143,#11527,#11528);
#9267=AXIS2_PLACEMENT_3D('',#14145,#11530,#11531);
#9268=AXIS2_PLACEMENT_3D('',#14147,#11533,#11534);
#9269=AXIS2_PLACEMENT_3D('',#14149,#11536,#11537);
#9270=AXIS2_PLACEMENT_3D('',#14151,#11539,#11540);
#9271=AXIS2_PLACEMENT_3D('',#14152,#11541,#11542);
#9272=AXIS2_PLACEMENT_3D('',#14155,#11545,#11546);
#9273=AXIS2_PLACEMENT_3D('',#14157,#11548,#11549);
#9274=AXIS2_PLACEMENT_3D('',#14159,#11551,#11552);
#9275=AXIS2_PLACEMENT_3D('',#14161,#11554,#11555);
#9276=AXIS2_PLACEMENT_3D('',#14163,#11557,#11558);
#9277=AXIS2_PLACEMENT_3D('',#14165,#11560,#11561);
#9278=AXIS2_PLACEMENT_3D('',#14167,#11563,#11564);
#9279=AXIS2_PLACEMENT_3D('',#14168,#11565,#11566);
#9280=AXIS2_PLACEMENT_3D('',#14171,#11569,#11570);
#9281=AXIS2_PLACEMENT_3D('',#14173,#11572,#11573);
#9282=AXIS2_PLACEMENT_3D('',#14175,#11575,#11576);
#9283=AXIS2_PLACEMENT_3D('',#14177,#11578,#11579);
#9284=AXIS2_PLACEMENT_3D('',#14179,#11581,#11582);
#9285=AXIS2_PLACEMENT_3D('',#14181,#11584,#11585);
#9286=AXIS2_PLACEMENT_3D('',#14183,#11587,#11588);
#9287=AXIS2_PLACEMENT_3D('',#14184,#11589,#11590);
#9288=AXIS2_PLACEMENT_3D('',#14187,#11593,#11594);
#9289=AXIS2_PLACEMENT_3D('',#14189,#11596,#11597);
#9290=AXIS2_PLACEMENT_3D('',#14191,#11599,#11600);
#9291=AXIS2_PLACEMENT_3D('',#14193,#11602,#11603);
#9292=AXIS2_PLACEMENT_3D('',#14195,#11605,#11606);
#9293=AXIS2_PLACEMENT_3D('',#14197,#11608,#11609);
#9294=AXIS2_PLACEMENT_3D('',#14199,#11611,#11612);
#9295=AXIS2_PLACEMENT_3D('',#14200,#11613,#11614);
#9296=AXIS2_PLACEMENT_3D('',#14203,#11617,#11618);
#9297=AXIS2_PLACEMENT_3D('',#14205,#11620,#11621);
#9298=AXIS2_PLACEMENT_3D('',#14207,#11623,#11624);
#9299=AXIS2_PLACEMENT_3D('',#14209,#11626,#11627);
#9300=AXIS2_PLACEMENT_3D('',#14211,#11629,#11630);
#9301=AXIS2_PLACEMENT_3D('',#14213,#11632,#11633);
#9302=AXIS2_PLACEMENT_3D('',#14215,#11635,#11636);
#9303=AXIS2_PLACEMENT_3D('',#14216,#11637,#11638);
#9304=AXIS2_PLACEMENT_3D('',#14219,#11641,#11642);
#9305=AXIS2_PLACEMENT_3D('',#14221,#11644,#11645);
#9306=AXIS2_PLACEMENT_3D('',#14223,#11647,#11648);
#9307=AXIS2_PLACEMENT_3D('',#14225,#11650,#11651);
#9308=AXIS2_PLACEMENT_3D('',#14227,#11653,#11654);
#9309=AXIS2_PLACEMENT_3D('',#14229,#11656,#11657);
#9310=AXIS2_PLACEMENT_3D('',#14231,#11659,#11660);
#9311=AXIS2_PLACEMENT_3D('',#14232,#11661,#11662);
#9312=AXIS2_PLACEMENT_3D('',#14235,#11665,#11666);
#9313=AXIS2_PLACEMENT_3D('',#14237,#11668,#11669);
#9314=AXIS2_PLACEMENT_3D('',#14239,#11671,#11672);
#9315=AXIS2_PLACEMENT_3D('',#14241,#11674,#11675);
#9316=AXIS2_PLACEMENT_3D('',#14243,#11677,#11678);
#9317=AXIS2_PLACEMENT_3D('',#14245,#11680,#11681);
#9318=AXIS2_PLACEMENT_3D('',#14247,#11683,#11684);
#9319=AXIS2_PLACEMENT_3D('',#14248,#11685,#11686);
#9320=AXIS2_PLACEMENT_3D('',#14251,#11689,#11690);
#9321=AXIS2_PLACEMENT_3D('',#14253,#11692,#11693);
#9322=AXIS2_PLACEMENT_3D('',#14255,#11695,#11696);
#9323=AXIS2_PLACEMENT_3D('',#14257,#11698,#11699);
#9324=AXIS2_PLACEMENT_3D('',#14259,#11701,#11702);
#9325=AXIS2_PLACEMENT_3D('',#14261,#11704,#11705);
#9326=AXIS2_PLACEMENT_3D('',#14263,#11707,#11708);
#9327=AXIS2_PLACEMENT_3D('',#14264,#11709,#11710);
#9328=AXIS2_PLACEMENT_3D('',#14267,#11713,#11714);
#9329=AXIS2_PLACEMENT_3D('',#14269,#11716,#11717);
#9330=AXIS2_PLACEMENT_3D('',#14271,#11719,#11720);
#9331=AXIS2_PLACEMENT_3D('',#14273,#11722,#11723);
#9332=AXIS2_PLACEMENT_3D('',#14275,#11725,#11726);
#9333=AXIS2_PLACEMENT_3D('',#14277,#11728,#11729);
#9334=AXIS2_PLACEMENT_3D('',#14279,#11731,#11732);
#9335=AXIS2_PLACEMENT_3D('',#14280,#11733,#11734);
#9336=AXIS2_PLACEMENT_3D('',#14283,#11737,#11738);
#9337=AXIS2_PLACEMENT_3D('',#14285,#11740,#11741);
#9338=AXIS2_PLACEMENT_3D('',#14287,#11743,#11744);
#9339=AXIS2_PLACEMENT_3D('',#14289,#11746,#11747);
#9340=AXIS2_PLACEMENT_3D('',#14291,#11749,#11750);
#9341=AXIS2_PLACEMENT_3D('',#14293,#11752,#11753);
#9342=AXIS2_PLACEMENT_3D('',#14295,#11755,#11756);
#9343=AXIS2_PLACEMENT_3D('',#14296,#11757,#11758);
#9344=AXIS2_PLACEMENT_3D('',#14299,#11761,#11762);
#9345=AXIS2_PLACEMENT_3D('',#14301,#11764,#11765);
#9346=AXIS2_PLACEMENT_3D('',#14303,#11767,#11768);
#9347=AXIS2_PLACEMENT_3D('',#14305,#11770,#11771);
#9348=AXIS2_PLACEMENT_3D('',#14307,#11773,#11774);
#9349=AXIS2_PLACEMENT_3D('',#14309,#11776,#11777);
#9350=AXIS2_PLACEMENT_3D('',#14311,#11779,#11780);
#9351=AXIS2_PLACEMENT_3D('',#14312,#11781,#11782);
#9352=AXIS2_PLACEMENT_3D('',#14315,#11785,#11786);
#9353=AXIS2_PLACEMENT_3D('',#14317,#11788,#11789);
#9354=AXIS2_PLACEMENT_3D('',#14319,#11791,#11792);
#9355=AXIS2_PLACEMENT_3D('',#14321,#11794,#11795);
#9356=AXIS2_PLACEMENT_3D('',#14323,#11797,#11798);
#9357=AXIS2_PLACEMENT_3D('',#14325,#11800,#11801);
#9358=AXIS2_PLACEMENT_3D('',#14327,#11803,#11804);
#9359=AXIS2_PLACEMENT_3D('',#14328,#11805,#11806);
#9360=AXIS2_PLACEMENT_3D('',#14331,#11809,#11810);
#9361=AXIS2_PLACEMENT_3D('',#14333,#11812,#11813);
#9362=AXIS2_PLACEMENT_3D('',#14335,#11815,#11816);
#9363=AXIS2_PLACEMENT_3D('',#14337,#11818,#11819);
#9364=AXIS2_PLACEMENT_3D('',#14339,#11821,#11822);
#9365=AXIS2_PLACEMENT_3D('',#14341,#11824,#11825);
#9366=AXIS2_PLACEMENT_3D('',#14343,#11827,#11828);
#9367=AXIS2_PLACEMENT_3D('',#14344,#11829,#11830);
#9368=AXIS2_PLACEMENT_3D('',#14347,#11833,#11834);
#9369=AXIS2_PLACEMENT_3D('',#14349,#11836,#11837);
#9370=AXIS2_PLACEMENT_3D('',#14351,#11839,#11840);
#9371=AXIS2_PLACEMENT_3D('',#14353,#11842,#11843);
#9372=AXIS2_PLACEMENT_3D('',#14355,#11845,#11846);
#9373=AXIS2_PLACEMENT_3D('',#14357,#11848,#11849);
#9374=AXIS2_PLACEMENT_3D('',#14359,#11851,#11852);
#9375=AXIS2_PLACEMENT_3D('',#14360,#11853,#11854);
#9376=AXIS2_PLACEMENT_3D('',#14363,#11857,#11858);
#9377=AXIS2_PLACEMENT_3D('',#14365,#11860,#11861);
#9378=AXIS2_PLACEMENT_3D('',#14367,#11863,#11864);
#9379=AXIS2_PLACEMENT_3D('',#14369,#11866,#11867);
#9380=AXIS2_PLACEMENT_3D('',#14371,#11869,#11870);
#9381=AXIS2_PLACEMENT_3D('',#14373,#11872,#11873);
#9382=AXIS2_PLACEMENT_3D('',#14375,#11875,#11876);
#9383=DIRECTION('axis',(0.,0.,1.));
#9384=DIRECTION('refdir',(1.,0.,0.));
#9385=DIRECTION('center_axis',(0.866025403784439,-0.5,0.));
#9386=DIRECTION('ref_axis',(-0.5,-0.866025403784439,0.));
#9387=DIRECTION('',(0.5,0.866025403784439,0.));
#9388=DIRECTION('',(0.,0.,-1.));
#9389=DIRECTION('',(-0.5,-0.866025403784439,0.));
#9390=DIRECTION('',(0.,0.,-1.));
#9391=DIRECTION('center_axis',(7.56489144813637E-16,-1.,0.));
#9392=DIRECTION('ref_axis',(-1.,-7.56489144813637E-16,0.));
#9393=DIRECTION('',(1.,7.56489144813637E-16,0.));
#9394=DIRECTION('',(-1.,-7.56489144813637E-16,0.));
#9395=DIRECTION('',(0.,0.,-1.));
#9396=DIRECTION('center_axis',(-0.866025403784439,-0.499999999999999,0.));
#9397=DIRECTION('ref_axis',(-0.499999999999999,0.866025403784439,0.));
#9398=DIRECTION('',(0.499999999999999,-0.866025403784439,0.));
#9399=DIRECTION('',(-0.499999999999999,0.866025403784439,0.));
#9400=DIRECTION('',(0.,0.,-1.));
#9401=DIRECTION('center_axis',(0.,0.,-1.));
#9402=DIRECTION('ref_axis',(-0.866025403784446,-0.499999999999988,0.));
#9403=DIRECTION('center_axis',(0.,0.,1.));
#9404=DIRECTION('ref_axis',(-0.866025403784446,-0.499999999999988,0.));
#9405=DIRECTION('center_axis',(0.,0.,-1.));
#9406=DIRECTION('ref_axis',(-0.866025403784446,-0.499999999999988,0.));
#9407=DIRECTION('',(0.,0.,-1.));
#9408=DIRECTION('center_axis',(1.26528094285306E-17,-1.,0.));
#9409=DIRECTION('ref_axis',(-1.,-1.26528094285306E-17,0.));
#9410=DIRECTION('',(1.,1.26528094285306E-17,0.));
#9411=DIRECTION('',(-1.,-1.26528094285306E-17,0.));
#9412=DIRECTION('',(0.,0.,-1.));
#9413=DIRECTION('center_axis',(0.,0.,-1.));
#9414=DIRECTION('ref_axis',(0.,-1.,0.));
#9415=DIRECTION('center_axis',(0.,0.,1.));
#9416=DIRECTION('ref_axis',(0.,-1.,0.));
#9417=DIRECTION('center_axis',(0.,0.,-1.));
#9418=DIRECTION('ref_axis',(0.,-1.,0.));
#9419=DIRECTION('',(0.,0.,-1.));
#9420=DIRECTION('center_axis',(0.866025403784438,-0.5,0.));
#9421=DIRECTION('ref_axis',(-0.5,-0.866025403784438,0.));
#9422=DIRECTION('',(0.5,0.866025403784438,0.));
#9423=DIRECTION('',(-0.5,-0.866025403784438,0.));
#9424=DIRECTION('',(0.,0.,-1.));
#9425=DIRECTION('center_axis',(0.,-1.,0.));
#9426=DIRECTION('ref_axis',(-1.,0.,0.));
#9427=DIRECTION('',(1.,0.,0.));
#9428=DIRECTION('',(-1.,0.,0.));
#9429=DIRECTION('',(0.,0.,-1.));
#9430=DIRECTION('center_axis',(-0.86602540378444,-0.499999999999998,0.));
#9431=DIRECTION('ref_axis',(-0.499999999999998,0.86602540378444,0.));
#9432=DIRECTION('',(0.499999999999998,-0.86602540378444,0.));
#9433=DIRECTION('',(-0.499999999999998,0.86602540378444,0.));
#9434=DIRECTION('',(0.,0.,-1.));
#9435=DIRECTION('center_axis',(0.,0.,-1.));
#9436=DIRECTION('ref_axis',(-0.866025403784438,-0.500000000000001,0.));
#9437=DIRECTION('center_axis',(0.,0.,1.));
#9438=DIRECTION('ref_axis',(-0.866025403784438,-0.500000000000001,0.));
#9439=DIRECTION('center_axis',(0.,0.,-1.));
#9440=DIRECTION('ref_axis',(-0.866025403784438,-0.500000000000001,0.));
#9441=DIRECTION('',(0.,0.,-1.));
#9442=DIRECTION('center_axis',(-3.20658357720059E-13,-1.,0.));
#9443=DIRECTION('ref_axis',(-1.,3.20658357720059E-13,0.));
#9444=DIRECTION('',(1.,-3.20658357720059E-13,0.));
#9445=DIRECTION('',(-1.,3.20658357720059E-13,0.));
#9446=DIRECTION('',(0.,0.,-1.));
#9447=DIRECTION('center_axis',(0.,0.,-1.));
#9448=DIRECTION('ref_axis',(1.,0.,0.));
#9449=DIRECTION('center_axis',(0.,0.,-1.));
#9450=DIRECTION('ref_axis',(1.,0.,0.));
#9451=DIRECTION('center_axis',(0.,0.,1.));
#9452=DIRECTION('ref_axis',(1.,0.,0.));
#9453=DIRECTION('',(0.,0.,-1.));
#9454=DIRECTION('center_axis',(-1.,0.,0.));
#9455=DIRECTION('ref_axis',(0.,1.,0.));
#9456=DIRECTION('',(0.,-1.,0.));
#9457=DIRECTION('',(0.,1.,0.));
#9458=DIRECTION('',(0.,0.,-1.));
#9459=DIRECTION('center_axis',(0.,0.,-1.));
#9460=DIRECTION('ref_axis',(0.,-1.,0.));
#9461=DIRECTION('center_axis',(0.,0.,-1.));
#9462=DIRECTION('ref_axis',(0.,-1.,0.));
#9463=DIRECTION('center_axis',(0.,0.,1.));
#9464=DIRECTION('ref_axis',(0.,-1.,0.));
#9465=DIRECTION('',(0.,0.,-1.));
#9466=DIRECTION('center_axis',(-3.99781848582211E-13,1.,0.));
#9467=DIRECTION('ref_axis',(1.,3.99781848582211E-13,0.));
#9468=DIRECTION('',(-1.,-3.99781848582211E-13,0.));
#9469=DIRECTION('',(1.,3.99781848582211E-13,0.));
#9470=DIRECTION('',(0.,0.,-1.));
#9471=DIRECTION('center_axis',(0.,0.,-1.));
#9472=DIRECTION('ref_axis',(-1.95399252334027E-13,1.,0.));
#9473=DIRECTION('center_axis',(0.,0.,1.));
#9474=DIRECTION('ref_axis',(-1.95399252334027E-13,1.,0.));
#9475=DIRECTION('center_axis',(0.,0.,-1.));
#9476=DIRECTION('ref_axis',(-1.95399252334027E-13,1.,0.));
#9477=DIRECTION('',(0.,0.,-1.));
#9478=DIRECTION('center_axis',(-0.866025403784444,0.499999999999991,0.));
#9479=DIRECTION('ref_axis',(0.499999999999991,0.866025403784444,0.));
#9480=DIRECTION('',(-0.499999999999991,-0.866025403784444,0.));
#9481=DIRECTION('',(0.499999999999991,0.866025403784444,0.));
#9482=DIRECTION('',(0.,0.,-1.));
#9483=DIRECTION('center_axis',(0.,1.,0.));
#9484=DIRECTION('ref_axis',(1.,0.,0.));
#9485=DIRECTION('',(-1.,0.,0.));
#9486=DIRECTION('',(1.,0.,0.));
#9487=DIRECTION('',(0.,0.,-1.));
#9488=DIRECTION('center_axis',(0.866025403784437,0.500000000000003,0.));
#9489=DIRECTION('ref_axis',(0.500000000000003,-0.866025403784437,0.));
#9490=DIRECTION('',(-0.500000000000003,0.866025403784437,0.));
#9491=DIRECTION('',(0.500000000000003,-0.866025403784437,0.));
#9492=DIRECTION('',(0.,0.,-1.));
#9493=DIRECTION('center_axis',(0.,0.,-1.));
#9494=DIRECTION('ref_axis',(0.866025403784442,0.499999999999995,0.));
#9495=DIRECTION('center_axis',(0.,0.,1.));
#9496=DIRECTION('ref_axis',(0.866025403784442,0.499999999999995,0.));
#9497=DIRECTION('center_axis',(0.,0.,-1.));
#9498=DIRECTION('ref_axis',(0.866025403784442,0.499999999999995,0.));
#9499=DIRECTION('',(0.,0.,-1.));
#9500=DIRECTION('center_axis',(1.27859968961994E-16,1.,0.));
#9501=DIRECTION('ref_axis',(1.,-1.27859968961994E-16,0.));
#9502=DIRECTION('',(-1.,1.27859968961994E-16,0.));
#9503=DIRECTION('',(1.,-1.27859968961994E-16,0.));
#9504=DIRECTION('',(0.,0.,-1.));
#9505=DIRECTION('center_axis',(0.,0.,-1.));
#9506=DIRECTION('ref_axis',(0.,1.,0.));
#9507=DIRECTION('center_axis',(0.,0.,1.));
#9508=DIRECTION('ref_axis',(0.,1.,0.));
#9509=DIRECTION('center_axis',(0.,0.,-1.));
#9510=DIRECTION('ref_axis',(0.,1.,0.));
#9511=DIRECTION('',(0.,0.,-1.));
#9512=DIRECTION('center_axis',(-0.86602540378444,0.499999999999997,0.));
#9513=DIRECTION('ref_axis',(0.499999999999997,0.86602540378444,0.));
#9514=DIRECTION('',(-0.499999999999997,-0.86602540378444,0.));
#9515=DIRECTION('',(0.499999999999997,0.86602540378444,0.));
#9516=DIRECTION('',(0.,0.,-1.));
#9517=DIRECTION('center_axis',(0.,1.,0.));
#9518=DIRECTION('ref_axis',(1.,0.,0.));
#9519=DIRECTION('',(-1.,0.,0.));
#9520=DIRECTION('',(1.,0.,0.));
#9521=DIRECTION('',(0.,0.,-1.));
#9522=DIRECTION('center_axis',(0.866025403784438,0.500000000000001,0.));
#9523=DIRECTION('ref_axis',(0.500000000000001,-0.866025403784438,0.));
#9524=DIRECTION('',(-0.500000000000001,0.866025403784438,0.));
#9525=DIRECTION('',(0.500000000000001,-0.866025403784438,0.));
#9526=DIRECTION('',(0.,0.,-1.));
#9527=DIRECTION('center_axis',(0.,0.,-1.));
#9528=DIRECTION('ref_axis',(0.866025403784439,0.499999999999999,0.));
#9529=DIRECTION('center_axis',(0.,0.,1.));
#9530=DIRECTION('ref_axis',(0.866025403784439,0.499999999999999,0.));
#9531=DIRECTION('center_axis',(0.,0.,-1.));
#9532=DIRECTION('ref_axis',(0.866025403784439,0.499999999999999,0.));
#9533=DIRECTION('',(0.,0.,-1.));
#9534=DIRECTION('center_axis',(3.99781848587293E-13,1.,0.));
#9535=DIRECTION('ref_axis',(1.,-3.99781848587293E-13,0.));
#9536=DIRECTION('',(-1.,3.99781848587293E-13,0.));
#9537=DIRECTION('',(1.,-3.99781848587293E-13,0.));
#9538=DIRECTION('',(0.,0.,-1.));
#9539=DIRECTION('center_axis',(0.,0.,-1.));
#9540=DIRECTION('ref_axis',(-1.,-3.55271367880042E-14,0.));
#9541=DIRECTION('center_axis',(0.,0.,-1.));
#9542=DIRECTION('ref_axis',(-1.,-3.55271367880042E-14,0.));
#9543=DIRECTION('center_axis',(0.,0.,1.));
#9544=DIRECTION('ref_axis',(-1.,-3.55271367880042E-14,0.));
#9545=DIRECTION('',(0.,0.,-1.));
#9546=DIRECTION('center_axis',(1.,5.61474894449675E-18,0.));
#9547=DIRECTION('ref_axis',(5.61474894449675E-18,-1.,0.));
#9548=DIRECTION('',(-5.61474894449675E-18,1.,0.));
#9549=DIRECTION('',(5.61474894449675E-18,-1.,0.));
#9550=DIRECTION('',(0.,0.,-1.));
#9551=DIRECTION('center_axis',(0.,0.,-1.));
#9552=DIRECTION('ref_axis',(8.32667268468863E-16,1.,0.));
#9553=DIRECTION('center_axis',(0.,0.,-1.));
#9554=DIRECTION('ref_axis',(8.32667268468863E-16,1.,0.));
#9555=DIRECTION('center_axis',(0.,0.,1.));
#9556=DIRECTION('ref_axis',(8.32667268468863E-16,1.,0.));
#9557=DIRECTION('',(0.,0.,-1.));
#9558=DIRECTION('center_axis',(-5.62193224571832E-14,-1.,0.));
#9559=DIRECTION('ref_axis',(-1.,5.62193224571832E-14,0.));
#9560=DIRECTION('',(1.,-5.62193224571832E-14,0.));
#9561=DIRECTION('',(-1.,5.62193224571832E-14,0.));
#9562=DIRECTION('',(0.,0.,-1.));
#9563=DIRECTION('center_axis',(0.,0.,-1.));
#9564=DIRECTION('ref_axis',(-2.67147415300428E-14,-1.,0.));
#9565=DIRECTION('center_axis',(0.,0.,1.));
#9566=DIRECTION('ref_axis',(-2.67147415300428E-14,-1.,0.));
#9567=DIRECTION('center_axis',(0.,0.,-1.));
#9568=DIRECTION('ref_axis',(-2.67147415300428E-14,-1.,0.));
#9569=DIRECTION('center_axis',(0.,0.,1.));
#9570=DIRECTION('ref_axis',(0.707106781186548,-0.707106781186548,0.));
#9571=DIRECTION('center_axis',(0.,0.,-1.));
#9572=DIRECTION('ref_axis',(0.707106781186548,-0.707106781186548,0.));
#9573=DIRECTION('',(0.,0.,1.));
#9574=DIRECTION('center_axis',(0.,0.,1.));
#9575=DIRECTION('ref_axis',(0.707106781186548,-0.707106781186548,0.));
#9576=DIRECTION('',(0.,0.,-1.));
#9577=DIRECTION('center_axis',(0.,1.,0.));
#9578=DIRECTION('ref_axis',(-1.,0.,0.));
#9579=DIRECTION('',(1.,0.,0.));
#9580=DIRECTION('',(0.,0.,-1.));
#9581=DIRECTION('',(-1.,0.,0.));
#9582=DIRECTION('center_axis',(0.,0.,-1.));
#9583=DIRECTION('ref_axis',(-0.707106781186548,-0.707106781186548,0.));
#9584=DIRECTION('center_axis',(0.,0.,1.));
#9585=DIRECTION('ref_axis',(-0.707106781186548,-0.707106781186548,0.));
#9586=DIRECTION('center_axis',(0.,0.,-1.));
#9587=DIRECTION('ref_axis',(-0.707106781186548,-0.707106781186548,0.));
#9588=DIRECTION('',(0.,0.,1.));
#9589=DIRECTION('center_axis',(0.,0.,1.));
#9590=DIRECTION('ref_axis',(0.707106781186522,-0.707106781186573,0.));
#9591=DIRECTION('center_axis',(0.,0.,-1.));
#9592=DIRECTION('ref_axis',(0.707106781186522,-0.707106781186573,0.));
#9593=DIRECTION('',(0.,0.,1.));
#9594=DIRECTION('center_axis',(0.,0.,1.));
#9595=DIRECTION('ref_axis',(0.707106781186522,-0.707106781186573,0.));
#9596=DIRECTION('',(0.,0.,-1.));
#9597=DIRECTION('center_axis',(0.,1.,0.));
#9598=DIRECTION('ref_axis',(-1.,0.,0.));
#9599=DIRECTION('',(1.,0.,0.));
#9600=DIRECTION('',(0.,0.,-1.));
#9601=DIRECTION('',(-1.,0.,0.));
#9602=DIRECTION('center_axis',(0.,0.,-1.));
#9603=DIRECTION('ref_axis',(-0.707106781186548,-0.707106781186548,0.));
#9604=DIRECTION('center_axis',(0.,0.,1.));
#9605=DIRECTION('ref_axis',(-0.707106781186548,-0.707106781186548,0.));
#9606=DIRECTION('center_axis',(0.,0.,-1.));
#9607=DIRECTION('ref_axis',(-0.707106781186548,-0.707106781186548,0.));
#9608=DIRECTION('',(0.,0.,1.));
#9609=DIRECTION('center_axis',(0.,0.,1.));
#9610=DIRECTION('ref_axis',(0.707106781186522,-0.707106781186573,0.));
#9611=DIRECTION('center_axis',(0.,0.,-1.));
#9612=DIRECTION('ref_axis',(0.707106781186522,-0.707106781186573,0.));
#9613=DIRECTION('',(0.,0.,1.));
#9614=DIRECTION('center_axis',(0.,0.,1.));
#9615=DIRECTION('ref_axis',(0.707106781186522,-0.707106781186573,0.));
#9616=DIRECTION('',(0.,0.,-1.));
#9617=DIRECTION('center_axis',(0.,1.,0.));
#9618=DIRECTION('ref_axis',(-1.,0.,0.));
#9619=DIRECTION('',(1.,0.,0.));
#9620=DIRECTION('',(0.,0.,-1.));
#9621=DIRECTION('',(-1.,0.,0.));
#9622=DIRECTION('center_axis',(0.,0.,-1.));
#9623=DIRECTION('ref_axis',(-0.707106781186548,-0.707106781186548,0.));
#9624=DIRECTION('center_axis',(0.,0.,1.));
#9625=DIRECTION('ref_axis',(-0.707106781186548,-0.707106781186548,0.));
#9626=DIRECTION('center_axis',(0.,0.,-1.));
#9627=DIRECTION('ref_axis',(-0.707106781186548,-0.707106781186548,0.));
#9628=DIRECTION('',(0.,0.,1.));
#9629=DIRECTION('center_axis',(0.,0.,1.));
#9630=DIRECTION('ref_axis',(0.707106781186548,-0.707106781186548,0.));
#9631=DIRECTION('center_axis',(0.,0.,-1.));
#9632=DIRECTION('ref_axis',(0.707106781186548,-0.707106781186548,0.));
#9633=DIRECTION('',(0.,0.,1.));
#9634=DIRECTION('center_axis',(0.,0.,1.));
#9635=DIRECTION('ref_axis',(0.707106781186548,-0.707106781186548,0.));
#9636=DIRECTION('',(0.,0.,-1.));
#9637=DIRECTION('center_axis',(0.,1.,0.));
#9638=DIRECTION('ref_axis',(-1.,0.,0.));
#9639=DIRECTION('',(1.,0.,0.));
#9640=DIRECTION('',(0.,0.,-1.));
#9641=DIRECTION('',(-1.,0.,0.));
#9642=DIRECTION('center_axis',(0.,0.,1.));
#9643=DIRECTION('ref_axis',(-0.707106781186573,-0.707106781186522,0.));
#9644=DIRECTION('center_axis',(0.,0.,-1.));
#9645=DIRECTION('ref_axis',(-0.707106781186573,-0.707106781186522,0.));
#9646=DIRECTION('',(0.,0.,1.));
#9647=DIRECTION('center_axis',(0.,0.,1.));
#9648=DIRECTION('ref_axis',(-0.707106781186573,-0.707106781186522,0.));
#9649=DIRECTION('center_axis',(1.,0.,0.));
#9650=DIRECTION('ref_axis',(0.,1.,0.));
#9651=DIRECTION('',(0.,-1.,0.));
#9652=DIRECTION('',(0.,0.,1.));
#9653=DIRECTION('',(0.,1.,0.));
#9654=DIRECTION('center_axis',(-1.,0.,0.));
#9655=DIRECTION('ref_axis',(0.,-1.,0.));
#9656=DIRECTION('',(0.,-1.,0.));
#9657=DIRECTION('',(0.,0.,1.));
#9658=DIRECTION('',(0.,-1.,0.));
#9659=DIRECTION('center_axis',(-1.,0.,0.));
#9660=DIRECTION('ref_axis',(0.,-1.,0.));
#9661=DIRECTION('',(0.,-1.,0.));
#9662=DIRECTION('',(0.,0.,1.));
#9663=DIRECTION('',(0.,-1.,0.));
#9664=DIRECTION('center_axis',(-1.,0.,0.));
#9665=DIRECTION('ref_axis',(0.,-1.,0.));
#9666=DIRECTION('',(0.,-1.,0.));
#9667=DIRECTION('',(0.,0.,1.));
#9668=DIRECTION('',(0.,-1.,0.));
#9669=DIRECTION('center_axis',(-1.,0.,0.));
#9670=DIRECTION('ref_axis',(0.,-1.,0.));
#9671=DIRECTION('',(0.,-1.,0.));
#9672=DIRECTION('',(0.,0.,1.));
#9673=DIRECTION('',(0.,-1.,0.));
#9674=DIRECTION('center_axis',(1.,-1.26882631385732E-15,0.));
#9675=DIRECTION('ref_axis',(1.26882631385732E-15,1.,0.));
#9676=DIRECTION('',(-1.26882631385732E-15,-1.,0.));
#9677=DIRECTION('',(0.,0.,1.));
#9678=DIRECTION('',(1.26882631385732E-15,1.,0.));
#9679=DIRECTION('center_axis',(1.,0.,0.));
#9680=DIRECTION('ref_axis',(0.,1.,0.));
#9681=DIRECTION('',(0.,-1.,0.));
#9682=DIRECTION('',(0.,0.,1.));
#9683=DIRECTION('',(0.,1.,0.));
#9684=DIRECTION('center_axis',(1.,0.,0.));
#9685=DIRECTION('ref_axis',(0.,1.,0.));
#9686=DIRECTION('',(0.,-1.,0.));
#9687=DIRECTION('',(0.,0.,1.));
#9688=DIRECTION('',(0.,1.,0.));
#9689=DIRECTION('center_axis',(0.,0.,1.));
#9690=DIRECTION('ref_axis',(1.,0.,0.));
#9691=DIRECTION('center_axis',(0.,0.,1.));
#9692=DIRECTION('ref_axis',(1.,5.32907051820049E-14,0.));
#9693=DIRECTION('',(-1.,0.,0.));
#9694=DIRECTION('center_axis',(0.,0.,1.));
#9695=DIRECTION('ref_axis',(0.,1.,0.));
#9696=DIRECTION('center_axis',(0.,0.,1.));
#9697=DIRECTION('ref_axis',(1.,5.32907051820049E-14,0.));
#9698=DIRECTION('',(-1.,0.,0.));
#9699=DIRECTION('center_axis',(0.,0.,1.));
#9700=DIRECTION('ref_axis',(0.,1.,0.));
#9701=DIRECTION('center_axis',(0.,0.,1.));
#9702=DIRECTION('ref_axis',(1.,0.,0.));
#9703=DIRECTION('',(1.,-1.48029736616688E-15,0.));
#9704=DIRECTION('center_axis',(0.,0.,1.));
#9705=DIRECTION('ref_axis',(-3.55271367880032E-14,1.,0.));
#9706=DIRECTION('center_axis',(0.,0.,1.));
#9707=DIRECTION('ref_axis',(1.,1.77635683940023E-14,0.));
#9708=DIRECTION('',(1.,0.,0.));
#9709=DIRECTION('center_axis',(0.,0.,1.));
#9710=DIRECTION('ref_axis',(-7.10542735760065E-14,1.,0.));
#9711=DIRECTION('',(1.,6.83214169000095E-16,0.));
#9712=DIRECTION('center_axis',(0.,0.,1.));
#9713=DIRECTION('ref_axis',(-1.77635683940026E-14,1.,0.));
#9714=DIRECTION('',(0.,-1.,0.));
#9715=DIRECTION('center_axis',(0.,0.,1.));
#9716=DIRECTION('ref_axis',(-1.,0.,0.));
#9717=DIRECTION('',(1.,0.,0.));
#9718=DIRECTION('center_axis',(0.,0.,1.));
#9719=DIRECTION('ref_axis',(0.,-1.,0.));
#9720=DIRECTION('',(0.,-1.,0.));
#9721=DIRECTION('center_axis',(0.,0.,1.));
#9722=DIRECTION('ref_axis',(1.,0.,0.));
#9723=DIRECTION('',(1.,1.36642833800019E-15,0.));
#9724=DIRECTION('center_axis',(0.,0.,1.));
#9725=DIRECTION('ref_axis',(0.,1.,0.));
#9726=DIRECTION('',(2.73285667600038E-15,-1.,0.));
#9727=DIRECTION('center_axis',(0.,0.,1.));
#9728=DIRECTION('ref_axis',(-1.,0.,0.));
#9729=DIRECTION('',(1.,0.,0.));
#9730=DIRECTION('center_axis',(0.,0.,1.));
#9731=DIRECTION('ref_axis',(0.,-1.,0.));
#9732=DIRECTION('',(0.,-1.,0.));
#9733=DIRECTION('center_axis',(0.,0.,1.));
#9734=DIRECTION('ref_axis',(1.,0.,0.));
#9735=DIRECTION('',(-6.83214169000096E-16,-1.,0.));
#9736=DIRECTION('center_axis',(0.,0.,1.));
#9737=DIRECTION('ref_axis',(1.,0.,0.));
#9738=DIRECTION('',(1.,3.41607084500048E-16,0.));
#9739=DIRECTION('center_axis',(0.,0.,1.));
#9740=DIRECTION('ref_axis',(0.,1.,0.));
#9741=DIRECTION('',(-6.83214169000096E-16,-1.,0.));
#9742=DIRECTION('center_axis',(0.,0.,1.));
#9743=DIRECTION('ref_axis',(-1.,0.,0.));
#9744=DIRECTION('',(1.,0.,0.));
#9745=DIRECTION('center_axis',(0.,0.,1.));
#9746=DIRECTION('ref_axis',(0.,-1.,0.));
#9747=DIRECTION('center_axis',(0.,0.,1.));
#9748=DIRECTION('ref_axis',(1.,5.3290705182003E-14,0.));
#9749=DIRECTION('',(-1.,-6.83214169000097E-16,0.));
#9750=DIRECTION('center_axis',(0.,0.,1.));
#9751=DIRECTION('ref_axis',(3.55271367880055E-14,1.,0.));
#9752=DIRECTION('',(0.,-1.,0.));
#9753=DIRECTION('center_axis',(0.,0.,1.));
#9754=DIRECTION('ref_axis',(-1.,-8.88178419700113E-15,0.));
#9755=DIRECTION('',(1.,6.83214169000097E-16,0.));
#9756=DIRECTION('center_axis',(0.,0.,1.));
#9757=DIRECTION('ref_axis',(7.10542735760052E-14,-1.,0.));
#9758=DIRECTION('',(0.,1.,0.));
#9759=DIRECTION('center_axis',(0.,0.,-1.));
#9760=DIRECTION('ref_axis',(1.,-5.3290705182003E-14,0.));
#9761=DIRECTION('',(0.,-1.,0.));
#9762=DIRECTION('center_axis',(0.,0.,-1.));
#9763=DIRECTION('ref_axis',(3.55271367880058E-14,1.,0.));
#9764=DIRECTION('',(1.,1.36642833800019E-15,0.));
#9765=DIRECTION('center_axis',(0.,0.,-1.));
#9766=DIRECTION('ref_axis',(-1.,1.77635683940029E-14,0.));
#9767=DIRECTION('',(0.,1.,0.));
#9768=DIRECTION('center_axis',(0.,0.,-1.));
#9769=DIRECTION('ref_axis',(0.,-1.,0.));
#9770=DIRECTION('',(-1.,0.,0.));
#9771=DIRECTION('center_axis',(0.,0.,1.));
#9772=DIRECTION('ref_axis',(-1.,-8.88178419700113E-15,0.));
#9773=DIRECTION('',(1.,6.83214169000096E-16,0.));
#9774=DIRECTION('center_axis',(0.,0.,1.));
#9775=DIRECTION('ref_axis',(0.,-1.,0.));
#9776=DIRECTION('',(0.,1.,0.));
#9777=DIRECTION('center_axis',(0.,0.,1.));
#9778=DIRECTION('ref_axis',(1.,7.1054273576004E-14,0.));
#9779=DIRECTION('',(-1.,-6.83214169000096E-16,0.));
#9780=DIRECTION('center_axis',(0.,0.,1.));
#9781=DIRECTION('ref_axis',(3.55271367880055E-14,1.,0.));
#9782=DIRECTION('',(0.,-1.,0.));
#9783=DIRECTION('center_axis',(0.,0.,-1.));
#9784=DIRECTION('ref_axis',(1.,3.5527136788007E-14,0.));
#9785=DIRECTION('',(0.,-1.,0.));
#9786=DIRECTION('center_axis',(0.,0.,-1.));
#9787=DIRECTION('ref_axis',(-7.10542735760147E-14,1.,0.));
#9788=DIRECTION('',(1.,1.36642833800019E-15,0.));
#9789=DIRECTION('center_axis',(0.,0.,-1.));
#9790=DIRECTION('ref_axis',(-1.,1.77635683940023E-14,0.));
#9791=DIRECTION('',(0.,1.,0.));
#9792=DIRECTION('center_axis',(0.,0.,-1.));
#9793=DIRECTION('ref_axis',(0.,-1.,0.));
#9794=DIRECTION('',(-1.,0.,0.));
#9795=DIRECTION('',(0.,1.,0.));
#9796=DIRECTION('center_axis',(0.,0.,1.));
#9797=DIRECTION('ref_axis',(1.,0.,0.));
#9798=DIRECTION('',(-1.,-1.36642833800019E-15,0.));
#9799=DIRECTION('center_axis',(0.,0.,1.));
#9800=DIRECTION('ref_axis',(-1.42108547152017E-13,1.,0.));
#9801=DIRECTION('',(0.,-1.,0.));
#9802=DIRECTION('center_axis',(0.,0.,1.));
#9803=DIRECTION('ref_axis',(-1.,0.,0.));
#9804=DIRECTION('',(1.,-6.83214169000096E-16,0.));
#9805=DIRECTION('center_axis',(0.,0.,1.));
#9806=DIRECTION('ref_axis',(0.,-1.,0.));
#9807=DIRECTION('',(-1.,0.,0.));
#9808=DIRECTION('center_axis',(0.,0.,1.));
#9809=DIRECTION('ref_axis',(0.,-1.,0.));
#9810=DIRECTION('',(0.,-1.,0.));
#9811=DIRECTION('center_axis',(0.,0.,1.));
#9812=DIRECTION('ref_axis',(1.,0.,0.));
#9813=DIRECTION('',(1.,1.36642833800019E-15,0.));
#9814=DIRECTION('center_axis',(0.,0.,1.));
#9815=DIRECTION('ref_axis',(0.,1.,0.));
#9816=DIRECTION('',(0.,1.,0.));
#9817=DIRECTION('center_axis',(0.,0.,-1.));
#9818=DIRECTION('ref_axis',(7.10542735760134E-14,-1.,0.));
#9819=DIRECTION('',(1.,2.04964250700029E-15,0.));
#9820=DIRECTION('center_axis',(0.,0.,1.));
#9821=DIRECTION('ref_axis',(0.,1.,0.));
#9822=DIRECTION('',(0.,-1.,0.));
#9823=DIRECTION('center_axis',(0.,0.,1.));
#9824=DIRECTION('ref_axis',(-1.,-1.77635683940023E-14,0.));
#9825=DIRECTION('',(1.,2.04964250700029E-15,0.));
#9826=DIRECTION('center_axis',(0.,0.,1.));
#9827=DIRECTION('ref_axis',(0.,-1.,0.));
#9828=DIRECTION('',(0.,-1.,0.));
#9829=DIRECTION('center_axis',(0.,0.,1.));
#9830=DIRECTION('ref_axis',(1.,0.,0.));
#9831=DIRECTION('',(1.,0.,0.));
#9832=DIRECTION('center_axis',(0.,0.,1.));
#9833=DIRECTION('ref_axis',(0.,-1.,0.));
#9834=DIRECTION('',(0.,1.,0.));
#9835=DIRECTION('center_axis',(0.,0.,1.));
#9836=DIRECTION('ref_axis',(1.,0.,0.));
#9837=DIRECTION('',(-1.,0.,0.));
#9838=DIRECTION('center_axis',(0.,0.,1.));
#9839=DIRECTION('ref_axis',(0.,1.,0.));
#9840=DIRECTION('',(-1.36642833800019E-15,-1.,0.));
#9841=DIRECTION('center_axis',(0.,0.,1.));
#9842=DIRECTION('ref_axis',(-1.,-1.77635683940026E-14,0.));
#9843=DIRECTION('',(1.,1.36642833800019E-15,0.));
#9844=DIRECTION('center_axis',(0.,0.,1.));
#9845=DIRECTION('ref_axis',(0.,1.,0.));
#9846=DIRECTION('',(0.,-1.,0.));
#9847=DIRECTION('center_axis',(0.,0.,1.));
#9848=DIRECTION('ref_axis',(-1.,-1.77635683940026E-14,0.));
#9849=DIRECTION('',(1.,0.,0.));
#9850=DIRECTION('center_axis',(0.,0.,1.));
#9851=DIRECTION('ref_axis',(0.,-1.,0.));
#9852=DIRECTION('',(0.,-1.,0.));
#9853=DIRECTION('center_axis',(0.,0.,1.));
#9854=DIRECTION('ref_axis',(1.,0.,0.));
#9855=DIRECTION('',(1.,0.,0.));
#9856=DIRECTION('center_axis',(0.,0.,-1.));
#9857=DIRECTION('ref_axis',(-1.,-1.77635683940027E-14,0.));
#9858=DIRECTION('',(-1.70803542250024E-16,-1.,0.));
#9859=DIRECTION('center_axis',(0.,0.,-1.));
#9860=DIRECTION('ref_axis',(-3.55271367880039E-14,-1.,0.));
#9861=DIRECTION('',(1.,0.,0.));
#9862=DIRECTION('center_axis',(0.,0.,-1.));
#9863=DIRECTION('ref_axis',(1.,-1.77635683940024E-14,0.));
#9864=DIRECTION('',(0.,-1.,0.));
#9865=DIRECTION('center_axis',(0.,0.,-1.));
#9866=DIRECTION('ref_axis',(4.44089209850048E-14,1.,0.));
#9867=DIRECTION('',(1.,1.36642833800019E-15,0.));
#9868=DIRECTION('center_axis',(0.,0.,1.));
#9869=DIRECTION('ref_axis',(0.,1.,0.));
#9870=DIRECTION('',(0.,-1.,0.));
#9871=DIRECTION('center_axis',(0.,0.,1.));
#9872=DIRECTION('ref_axis',(-1.,-1.77635683940023E-14,0.));
#9873=DIRECTION('',(1.,1.36642833800019E-15,0.));
#9874=DIRECTION('center_axis',(0.,0.,1.));
#9875=DIRECTION('ref_axis',(0.,-1.,0.));
#9876=DIRECTION('',(0.,-1.,0.));
#9877=DIRECTION('center_axis',(0.,0.,1.));
#9878=DIRECTION('ref_axis',(1.,0.,0.));
#9879=DIRECTION('',(0.,-1.,0.));
#9880=DIRECTION('center_axis',(0.,0.,1.));
#9881=DIRECTION('ref_axis',(1.,-7.10542735760141E-14,0.));
#9882=DIRECTION('',(1.,1.36642833800019E-15,0.));
#9883=DIRECTION('center_axis',(0.,0.,1.));
#9884=DIRECTION('ref_axis',(0.,1.,0.));
#9885=DIRECTION('',(0.,-1.,0.));
#9886=DIRECTION('center_axis',(0.,0.,1.));
#9887=DIRECTION('ref_axis',(-1.,3.5527136788007E-14,0.));
#9888=DIRECTION('',(1.,6.83214169000096E-16,0.));
#9889=DIRECTION('center_axis',(0.,0.,1.));
#9890=DIRECTION('ref_axis',(-7.10542735760134E-14,-1.,0.));
#9891=DIRECTION('',(1.,6.83214169000094E-16,0.));
#9892=DIRECTION('center_axis',(0.,0.,1.));
#9893=DIRECTION('ref_axis',(0.,1.,0.));
#9894=DIRECTION('',(0.,-1.,0.));
#9895=DIRECTION('center_axis',(0.,0.,1.));
#9896=DIRECTION('ref_axis',(-1.,-1.77635683940023E-14,0.));
#9897=DIRECTION('',(1.,1.36642833800019E-15,0.));
#9898=DIRECTION('center_axis',(0.,0.,1.));
#9899=DIRECTION('ref_axis',(3.55271367880051E-14,-1.,0.));
#9900=DIRECTION('',(0.,-1.,0.));
#9901=DIRECTION('center_axis',(0.,0.,1.));
#9902=DIRECTION('ref_axis',(1.,0.,0.));
#9903=DIRECTION('',(1.,6.83214169000097E-16,0.));
#9904=DIRECTION('center_axis',(0.,0.,1.));
#9905=DIRECTION('ref_axis',(0.,1.,0.));
#9906=DIRECTION('',(0.,-1.,0.));
#9907=DIRECTION('center_axis',(0.,0.,1.));
#9908=DIRECTION('ref_axis',(-1.,-1.77635683940023E-14,0.));
#9909=DIRECTION('',(1.,1.36642833800019E-15,0.));
#9910=DIRECTION('center_axis',(0.,0.,1.));
#9911=DIRECTION('ref_axis',(0.,-1.,0.));
#9912=DIRECTION('',(0.,-1.,0.));
#9913=DIRECTION('center_axis',(0.,0.,1.));
#9914=DIRECTION('ref_axis',(1.,0.,0.));
#9915=DIRECTION('',(1.,-2.04964250700029E-15,0.));
#9916=DIRECTION('center_axis',(0.,0.,1.));
#9917=DIRECTION('ref_axis',(7.10542735760103E-14,1.,0.));
#9918=DIRECTION('',(0.,-1.,0.));
#9919=DIRECTION('center_axis',(0.,0.,1.));
#9920=DIRECTION('ref_axis',(-1.,-1.77635683940023E-14,0.));
#9921=DIRECTION('',(1.,2.73285667600038E-15,0.));
#9922=DIRECTION('center_axis',(0.,0.,1.));
#9923=DIRECTION('ref_axis',(0.,-1.,0.));
#9924=DIRECTION('',(2.73285667600038E-15,-1.,0.));
#9925=DIRECTION('center_axis',(0.,0.,1.));
#9926=DIRECTION('ref_axis',(1.,0.,0.));
#9927=DIRECTION('',(0.,-1.,0.));
#9928=DIRECTION('center_axis',(0.,0.,1.));
#9929=DIRECTION('ref_axis',(1.,0.,0.));
#9930=DIRECTION('',(1.,0.,0.));
#9931=DIRECTION('center_axis',(0.,0.,1.));
#9932=DIRECTION('ref_axis',(0.,1.,0.));
#9933=DIRECTION('',(0.,-1.,0.));
#9934=DIRECTION('center_axis',(0.,0.,1.));
#9935=DIRECTION('ref_axis',(-1.,-1.77635683940026E-14,0.));
#9936=DIRECTION('',(1.,6.83214169000097E-16,0.));
#9937=DIRECTION('center_axis',(0.,0.,1.));
#9938=DIRECTION('ref_axis',(0.,-1.,0.));
#9939=DIRECTION('',(1.,0.,0.));
#9940=DIRECTION('center_axis',(0.,0.,1.));
#9941=DIRECTION('ref_axis',(0.,1.,0.));
#9942=DIRECTION('',(0.,-1.,0.));
#9943=DIRECTION('center_axis',(0.,0.,1.));
#9944=DIRECTION('ref_axis',(-1.,-1.77635683940023E-14,0.));
#9945=DIRECTION('',(1.,2.04964250700028E-15,0.));
#9946=DIRECTION('center_axis',(0.,0.,1.));
#9947=DIRECTION('ref_axis',(0.,-1.,0.));
#9948=DIRECTION('',(0.,-1.,0.));
#9949=DIRECTION('center_axis',(0.,0.,1.));
#9950=DIRECTION('ref_axis',(1.,0.,0.));
#9951=DIRECTION('',(1.,-2.73285667600038E-15,0.));
#9952=DIRECTION('center_axis',(0.,0.,1.));
#9953=DIRECTION('ref_axis',(0.,1.,0.));
#9954=DIRECTION('',(0.,-1.,0.));
#9955=DIRECTION('center_axis',(0.,0.,1.));
#9956=DIRECTION('ref_axis',(-1.,-1.77635683940023E-14,0.));
#9957=DIRECTION('',(1.,1.36642833800019E-15,0.));
#9958=DIRECTION('center_axis',(0.,0.,1.));
#9959=DIRECTION('ref_axis',(0.,-1.,0.));
#9960=DIRECTION('',(0.,-1.,0.));
#9961=DIRECTION('center_axis',(0.,0.,1.));
#9962=DIRECTION('ref_axis',(1.,0.,0.));
#9963=DIRECTION('',(1.,4.09928501400054E-15,0.));
#9964=DIRECTION('center_axis',(0.,0.,1.));
#9965=DIRECTION('ref_axis',(0.,1.,0.));
#9966=DIRECTION('',(-5.46571335200076E-15,-1.,0.));
#9967=DIRECTION('center_axis',(0.,0.,1.));
#9968=DIRECTION('ref_axis',(-1.,-1.77635683940023E-14,0.));
#9969=DIRECTION('',(1.,1.36642833800019E-15,0.));
#9970=DIRECTION('center_axis',(0.,0.,1.));
#9971=DIRECTION('ref_axis',(0.,-1.,0.));
#9972=DIRECTION('',(0.,-1.,0.));
#9973=DIRECTION('center_axis',(0.,0.,1.));
#9974=DIRECTION('ref_axis',(1.,0.,0.));
#9975=DIRECTION('',(0.,-1.,0.));
#9976=DIRECTION('center_axis',(0.,0.,1.));
#9977=DIRECTION('ref_axis',(1.,0.,0.));
#9978=DIRECTION('',(1.,-1.70803542250024E-16,0.));
#9979=DIRECTION('center_axis',(0.,0.,1.));
#9980=DIRECTION('ref_axis',(0.,1.,0.));
#9981=DIRECTION('',(0.,-1.,0.));
#9982=DIRECTION('center_axis',(0.,0.,1.));
#9983=DIRECTION('ref_axis',(-1.,0.,0.));
#9984=DIRECTION('',(1.,2.04964250700029E-15,0.));
#9985=DIRECTION('center_axis',(0.,0.,1.));
#9986=DIRECTION('ref_axis',(0.,-1.,0.));
#9987=DIRECTION('',(1.,-8.5401771125012E-17,0.));
#9988=DIRECTION('center_axis',(0.,0.,1.));
#9989=DIRECTION('ref_axis',(0.,1.,0.));
#9990=DIRECTION('',(0.,-1.,0.));
#9991=DIRECTION('center_axis',(0.,0.,1.));
#9992=DIRECTION('ref_axis',(-1.,0.,0.));
#9993=DIRECTION('',(1.,-3.41607084500048E-16,0.));
#9994=DIRECTION('center_axis',(0.,0.,1.));
#9995=DIRECTION('ref_axis',(0.,-1.,0.));
#9996=DIRECTION('',(0.,-1.,0.));
#9997=DIRECTION('center_axis',(0.,0.,1.));
#9998=DIRECTION('ref_axis',(1.,0.,0.));
#9999=DIRECTION('',(0.,-1.,0.));
#10000=DIRECTION('center_axis',(0.,0.,1.));
#10001=DIRECTION('ref_axis',(1.,0.,0.));
#10002=DIRECTION('',(1.,0.,0.));
#10003=DIRECTION('center_axis',(0.,0.,1.));
#10004=DIRECTION('ref_axis',(0.,1.,0.));
#10005=DIRECTION('',(-4.2700885562506E-17,-1.,0.));
#10006=DIRECTION('center_axis',(0.,0.,1.));
#10007=DIRECTION('ref_axis',(-1.,0.,0.));
#10008=DIRECTION('',(1.,0.,0.));
#10009=DIRECTION('center_axis',(0.,0.,1.));
#10010=DIRECTION('ref_axis',(0.,-1.,0.));
#10011=DIRECTION('center_axis',(0.,0.,1.));
#10012=DIRECTION('ref_axis',(0.,1.,0.));
#10013=DIRECTION('',(0.,-1.,0.));
#10014=DIRECTION('center_axis',(0.,0.,1.));
#10015=DIRECTION('ref_axis',(-1.,0.,0.));
#10016=DIRECTION('',(1.,-1.3664283380002E-15,0.));
#10017=DIRECTION('center_axis',(0.,0.,1.));
#10018=DIRECTION('ref_axis',(0.,-1.,0.));
#10019=DIRECTION('',(0.,-1.,0.));
#10020=DIRECTION('center_axis',(0.,0.,1.));
#10021=DIRECTION('ref_axis',(1.,0.,0.));
#10022=DIRECTION('',(1.,5.97812397875087E-16,0.));
#10023=DIRECTION('center_axis',(0.,0.,1.));
#10024=DIRECTION('ref_axis',(0.,1.,0.));
#10025=DIRECTION('',(0.,-1.,0.));
#10026=DIRECTION('center_axis',(0.,0.,1.));
#10027=DIRECTION('ref_axis',(-1.,0.,0.));
#10028=DIRECTION('',(1.,-8.54017711250119E-16,0.));
#10029=DIRECTION('center_axis',(0.,0.,1.));
#10030=DIRECTION('ref_axis',(1.77635683940025E-14,-1.,0.));
#10031=DIRECTION('',(0.,-1.,0.));
#10032=DIRECTION('center_axis',(0.,0.,1.));
#10033=DIRECTION('ref_axis',(1.,0.,0.));
#10034=DIRECTION('',(1.,-2.98906198937542E-16,0.));
#10035=DIRECTION('',(1.,1.66533453693774E-15,0.));
#10036=DIRECTION('center_axis',(0.,0.,1.));
#10037=DIRECTION('ref_axis',(0.,1.,0.));
#10038=DIRECTION('',(-2.73285667600039E-15,-1.,0.));
#10039=DIRECTION('center_axis',(0.,0.,1.));
#10040=DIRECTION('ref_axis',(-1.,0.,0.));
#10041=DIRECTION('',(1.,2.04964250700029E-15,0.));
#10042=DIRECTION('center_axis',(0.,0.,1.));
#10043=DIRECTION('ref_axis',(0.,-1.,0.));
#10044=DIRECTION('',(2.73285667600039E-15,-1.,0.));
#10045=DIRECTION('center_axis',(0.,0.,1.));
#10046=DIRECTION('ref_axis',(1.,0.,0.));
#10047=DIRECTION('center_axis',(0.,0.,1.));
#10048=DIRECTION('ref_axis',(0.,1.,0.));
#10049=DIRECTION('',(0.,-1.,0.));
#10050=DIRECTION('center_axis',(0.,0.,1.));
#10051=DIRECTION('ref_axis',(-1.,0.,0.));
#10052=DIRECTION('',(1.,-3.41607084500048E-16,0.));
#10053=DIRECTION('center_axis',(0.,0.,1.));
#10054=DIRECTION('ref_axis',(0.,-1.,0.));
#10055=DIRECTION('',(0.,-1.,0.));
#10056=DIRECTION('center_axis',(0.,0.,1.));
#10057=DIRECTION('ref_axis',(1.,0.,0.));
#10058=DIRECTION('',(1.,2.1350442781253E-16,0.));
#10059=DIRECTION('',(1.,-1.4518301091252E-15,0.));
#10060=DIRECTION('center_axis',(0.,0.,1.));
#10061=DIRECTION('ref_axis',(0.,1.,0.));
#10062=DIRECTION('',(0.,-1.,0.));
#10063=DIRECTION('center_axis',(0.,0.,1.));
#10064=DIRECTION('ref_axis',(-1.,0.,0.));
#10065=DIRECTION('',(1.,-3.41607084500048E-16,0.));
#10066=DIRECTION('center_axis',(0.,0.,1.));
#10067=DIRECTION('ref_axis',(0.,-1.,0.));
#10068=DIRECTION('',(0.,-1.,0.));
#10069=DIRECTION('center_axis',(0.,0.,1.));
#10070=DIRECTION('ref_axis',(1.,0.,0.));
#10071=DIRECTION('',(1.,4.2700885562506E-16,0.));
#10072=DIRECTION('center_axis',(0.,0.,1.));
#10073=DIRECTION('ref_axis',(0.,1.,0.));
#10074=DIRECTION('',(-2.73285667600039E-15,-1.,0.));
#10075=DIRECTION('center_axis',(0.,0.,1.));
#10076=DIRECTION('ref_axis',(-1.,0.,0.));
#10077=DIRECTION('',(1.,2.22044604925031E-15,0.));
#10078=DIRECTION('center_axis',(0.,0.,1.));
#10079=DIRECTION('ref_axis',(0.,-1.,0.));
#10080=DIRECTION('',(0.,-1.,0.));
#10081=DIRECTION('center_axis',(0.,0.,1.));
#10082=DIRECTION('ref_axis',(1.,0.,0.));
#10083=DIRECTION('',(1.,7.25915054562604E-16,0.));
#10084=DIRECTION('center_axis',(0.,0.,1.));
#10085=DIRECTION('ref_axis',(0.,1.,0.));
#10086=DIRECTION('',(-1.36642833800019E-15,-1.,0.));
#10087=DIRECTION('center_axis',(0.,0.,1.));
#10088=DIRECTION('ref_axis',(-1.,0.,0.));
#10089=DIRECTION('',(1.,-6.83214169000098E-16,0.));
#10090=DIRECTION('center_axis',(0.,0.,1.));
#10091=DIRECTION('ref_axis',(0.,-1.,0.));
#10092=DIRECTION('',(0.,-1.,0.));
#10093=DIRECTION('center_axis',(0.,0.,1.));
#10094=DIRECTION('ref_axis',(1.,0.,0.));
#10095=DIRECTION('',(0.,-1.,0.));
#10096=DIRECTION('center_axis',(0.,0.,1.));
#10097=DIRECTION('ref_axis',(1.,0.,0.));
#10098=DIRECTION('',(1.,-1.45183010912521E-15,0.));
#10099=DIRECTION('center_axis',(0.,0.,1.));
#10100=DIRECTION('ref_axis',(0.,1.,0.));
#10101=DIRECTION('',(0.,-1.,0.));
#10102=DIRECTION('center_axis',(0.,0.,1.));
#10103=DIRECTION('ref_axis',(-1.,0.,0.));
#10104=DIRECTION('',(1.,2.39124959150034E-15,0.));
#10105=DIRECTION('center_axis',(0.,0.,1.));
#10106=DIRECTION('ref_axis',(0.,-1.,0.));
#10107=DIRECTION('',(1.,-4.2700885562506E-17,0.));
#10108=DIRECTION('center_axis',(0.,0.,1.));
#10109=DIRECTION('ref_axis',(0.,1.,0.));
#10110=DIRECTION('',(0.,-1.,0.));
#10111=DIRECTION('center_axis',(0.,0.,1.));
#10112=DIRECTION('ref_axis',(-1.,0.,0.));
#10113=DIRECTION('',(1.,-1.70803542250024E-16,0.));
#10114=DIRECTION('center_axis',(0.,0.,1.));
#10115=DIRECTION('ref_axis',(0.,-1.,0.));
#10116=DIRECTION('',(2.73285667600039E-15,-1.,0.));
#10117=DIRECTION('center_axis',(0.,0.,1.));
#10118=DIRECTION('ref_axis',(1.,0.,0.));
#10119=DIRECTION('',(1.,3.41607084500048E-16,0.));
#10120=DIRECTION('center_axis',(0.,0.,1.));
#10121=DIRECTION('ref_axis',(0.,1.,0.));
#10122=DIRECTION('',(-3.41607084500048E-16,-1.,0.));
#10123=DIRECTION('center_axis',(0.,0.,1.));
#10124=DIRECTION('ref_axis',(-1.,0.,0.));
#10125=DIRECTION('',(1.,0.,0.));
#10126=DIRECTION('center_axis',(0.,0.,1.));
#10127=DIRECTION('ref_axis',(0.,-1.,0.));
#10128=DIRECTION('',(-1.36642833800019E-15,-1.,0.));
#10129=DIRECTION('center_axis',(0.,0.,1.));
#10130=DIRECTION('ref_axis',(1.,0.,0.));
#10131=DIRECTION('',(1.,3.41607084500048E-16,0.));
#10132=DIRECTION('center_axis',(0.,0.,1.));
#10133=DIRECTION('ref_axis',(-2.22044604925032E-15,1.,0.));
#10134=DIRECTION('',(-3.41607084500048E-16,-1.,0.));
#10135=DIRECTION('center_axis',(0.,0.,1.));
#10136=DIRECTION('ref_axis',(-1.,0.,0.));
#10137=DIRECTION('',(1.,0.,0.));
#10138=DIRECTION('center_axis',(0.,0.,1.));
#10139=DIRECTION('ref_axis',(0.,-1.,0.));
#10140=DIRECTION('',(-1.70803542250024E-16,-1.,0.));
#10141=DIRECTION('center_axis',(0.,0.,1.));
#10142=DIRECTION('ref_axis',(1.,-1.77635683940025E-14,0.));
#10143=DIRECTION('center_axis',(0.,0.,1.));
#10144=DIRECTION('ref_axis',(0.,1.,0.));
#10145=DIRECTION('',(0.,-1.,0.));
#10146=DIRECTION('center_axis',(0.,0.,1.));
#10147=DIRECTION('ref_axis',(-1.,0.,0.));
#10148=DIRECTION('',(1.,0.,0.));
#10149=DIRECTION('center_axis',(0.,0.,1.));
#10150=DIRECTION('ref_axis',(0.,-1.,0.));
#10151=DIRECTION('',(0.,-1.,0.));
#10152=DIRECTION('center_axis',(0.,0.,1.));
#10153=DIRECTION('ref_axis',(1.,0.,0.));
#10154=DIRECTION('',(1.,0.,0.));
#10155=DIRECTION('',(1.,0.,0.));
#10156=DIRECTION('center_axis',(0.,0.,1.));
#10157=DIRECTION('ref_axis',(0.,1.,0.));
#10158=DIRECTION('',(0.,-1.,0.));
#10159=DIRECTION('center_axis',(0.,0.,1.));
#10160=DIRECTION('ref_axis',(-1.,0.,0.));
#10161=DIRECTION('',(1.,0.,0.));
#10162=DIRECTION('center_axis',(0.,0.,1.));
#10163=DIRECTION('ref_axis',(0.,-1.,0.));
#10164=DIRECTION('',(0.,-1.,0.));
#10165=DIRECTION('center_axis',(0.,0.,1.));
#10166=DIRECTION('ref_axis',(1.,0.,0.));
#10167=DIRECTION('',(1.,0.,0.));
#10168=DIRECTION('center_axis',(0.,0.,1.));
#10169=DIRECTION('ref_axis',(0.,1.,0.));
#10170=DIRECTION('',(0.,-1.,0.));
#10171=DIRECTION('center_axis',(0.,0.,1.));
#10172=DIRECTION('ref_axis',(-1.,0.,0.));
#10173=DIRECTION('',(1.,0.,0.));
#10174=DIRECTION('center_axis',(0.,0.,1.));
#10175=DIRECTION('ref_axis',(0.,-1.,0.));
#10176=DIRECTION('',(0.,-1.,0.));
#10177=DIRECTION('center_axis',(0.,0.,1.));
#10178=DIRECTION('ref_axis',(1.,0.,0.));
#10179=DIRECTION('',(1.,0.,0.));
#10180=DIRECTION('center_axis',(0.,0.,1.));
#10181=DIRECTION('ref_axis',(0.,1.,0.));
#10182=DIRECTION('',(0.,-1.,0.));
#10183=DIRECTION('center_axis',(0.,0.,1.));
#10184=DIRECTION('ref_axis',(-1.,0.,0.));
#10185=DIRECTION('',(1.,0.,0.));
#10186=DIRECTION('center_axis',(0.,0.,1.));
#10187=DIRECTION('ref_axis',(0.,-1.,0.));
#10188=DIRECTION('',(0.,-1.,0.));
#10189=DIRECTION('center_axis',(0.,0.,1.));
#10190=DIRECTION('ref_axis',(1.,0.,0.));
#10191=DIRECTION('',(1.,0.,0.));
#10192=DIRECTION('center_axis',(0.,0.,1.));
#10193=DIRECTION('ref_axis',(0.,1.,0.));
#10194=DIRECTION('',(0.,-1.,0.));
#10195=DIRECTION('center_axis',(0.,0.,1.));
#10196=DIRECTION('ref_axis',(-1.,0.,0.));
#10197=DIRECTION('',(1.,0.,0.));
#10198=DIRECTION('center_axis',(0.,0.,1.));
#10199=DIRECTION('ref_axis',(0.,-1.,0.));
#10200=DIRECTION('',(0.,-1.,0.));
#10201=DIRECTION('center_axis',(0.,0.,1.));
#10202=DIRECTION('ref_axis',(1.,0.,0.));
#10203=DIRECTION('',(1.,0.,0.));
#10204=DIRECTION('center_axis',(0.,0.,1.));
#10205=DIRECTION('ref_axis',(0.,1.,0.));
#10206=DIRECTION('',(0.,-1.,0.));
#10207=DIRECTION('center_axis',(0.,0.,1.));
#10208=DIRECTION('ref_axis',(-1.,0.,0.));
#10209=DIRECTION('',(1.,0.,0.));
#10210=DIRECTION('center_axis',(0.,0.,1.));
#10211=DIRECTION('ref_axis',(0.,-1.,0.));
#10212=DIRECTION('',(0.,-1.,0.));
#10213=DIRECTION('center_axis',(0.,0.,1.));
#10214=DIRECTION('ref_axis',(1.,0.,0.));
#10215=DIRECTION('',(1.,0.,0.));
#10216=DIRECTION('center_axis',(0.,0.,1.));
#10217=DIRECTION('ref_axis',(0.,1.,0.));
#10218=DIRECTION('',(0.,-1.,0.));
#10219=DIRECTION('center_axis',(0.,0.,1.));
#10220=DIRECTION('ref_axis',(-1.,0.,0.));
#10221=DIRECTION('',(1.,0.,0.));
#10222=DIRECTION('center_axis',(0.,0.,1.));
#10223=DIRECTION('ref_axis',(0.,-1.,0.));
#10224=DIRECTION('',(0.,-1.,0.));
#10225=DIRECTION('center_axis',(0.,0.,1.));
#10226=DIRECTION('ref_axis',(1.,0.,0.));
#10227=DIRECTION('',(1.,0.,0.));
#10228=DIRECTION('center_axis',(0.,0.,1.));
#10229=DIRECTION('ref_axis',(0.,1.,0.));
#10230=DIRECTION('',(0.,-1.,0.));
#10231=DIRECTION('center_axis',(0.,0.,1.));
#10232=DIRECTION('ref_axis',(-1.,0.,0.));
#10233=DIRECTION('',(1.,0.,0.));
#10234=DIRECTION('center_axis',(0.,0.,1.));
#10235=DIRECTION('ref_axis',(0.,-1.,0.));
#10236=DIRECTION('',(0.,-1.,0.));
#10237=DIRECTION('center_axis',(0.,0.,1.));
#10238=DIRECTION('ref_axis',(1.,0.,0.));
#10239=DIRECTION('center_axis',(0.,0.,1.));
#10240=DIRECTION('ref_axis',(1.,0.,0.));
#10241=DIRECTION('center_axis',(0.,0.,-1.));
#10242=DIRECTION('ref_axis',(-7.10542735760065E-14,1.,0.));
#10243=DIRECTION('',(1.,0.,0.));
#10244=DIRECTION('center_axis',(0.,0.,-1.));
#10245=DIRECTION('ref_axis',(1.,1.77635683940023E-14,0.));
#10246=DIRECTION('center_axis',(0.,0.,-1.));
#10247=DIRECTION('ref_axis',(0.,1.,0.));
#10248=DIRECTION('',(1.,0.,0.));
#10249=DIRECTION('center_axis',(0.,0.,-1.));
#10250=DIRECTION('ref_axis',(1.,5.32907051820049E-14,0.));
#10251=DIRECTION('center_axis',(0.,0.,-1.));
#10252=DIRECTION('ref_axis',(0.,1.,0.));
#10253=DIRECTION('',(1.,0.,0.));
#10254=DIRECTION('center_axis',(0.,0.,-1.));
#10255=DIRECTION('ref_axis',(1.,5.32907051820049E-14,0.));
#10256=DIRECTION('center_axis',(0.,0.,-1.));
#10257=DIRECTION('ref_axis',(-3.55271367880032E-14,1.,0.));
#10258=DIRECTION('',(1.,-1.48029736616688E-15,0.));
#10259=DIRECTION('center_axis',(0.,0.,-1.));
#10260=DIRECTION('ref_axis',(1.,0.,0.));
#10261=DIRECTION('',(1.,0.,0.));
#10262=DIRECTION('center_axis',(0.,0.,-1.));
#10263=DIRECTION('ref_axis',(1.,0.,0.));
#10264=DIRECTION('',(0.,-1.,0.));
#10265=DIRECTION('center_axis',(0.,0.,-1.));
#10266=DIRECTION('ref_axis',(0.,-1.,0.));
#10267=DIRECTION('',(-1.,0.,0.));
#10268=DIRECTION('center_axis',(0.,0.,-1.));
#10269=DIRECTION('ref_axis',(-1.,0.,0.));
#10270=DIRECTION('',(0.,1.,0.));
#10271=DIRECTION('center_axis',(0.,0.,-1.));
#10272=DIRECTION('ref_axis',(0.,1.,0.));
#10273=DIRECTION('',(1.,0.,0.));
#10274=DIRECTION('center_axis',(0.,0.,-1.));
#10275=DIRECTION('ref_axis',(1.,0.,0.));
#10276=DIRECTION('',(0.,-1.,0.));
#10277=DIRECTION('center_axis',(0.,0.,-1.));
#10278=DIRECTION('ref_axis',(0.,-1.,0.));
#10279=DIRECTION('',(-1.,0.,0.));
#10280=DIRECTION('center_axis',(0.,0.,-1.));
#10281=DIRECTION('ref_axis',(-1.,0.,0.));
#10282=DIRECTION('',(0.,1.,0.));
#10283=DIRECTION('center_axis',(0.,0.,-1.));
#10284=DIRECTION('ref_axis',(0.,1.,0.));
#10285=DIRECTION('',(1.,0.,0.));
#10286=DIRECTION('center_axis',(0.,0.,-1.));
#10287=DIRECTION('ref_axis',(1.,0.,0.));
#10288=DIRECTION('',(0.,-1.,0.));
#10289=DIRECTION('center_axis',(0.,0.,-1.));
#10290=DIRECTION('ref_axis',(0.,-1.,0.));
#10291=DIRECTION('',(-1.,0.,0.));
#10292=DIRECTION('center_axis',(0.,0.,-1.));
#10293=DIRECTION('ref_axis',(-1.,0.,0.));
#10294=DIRECTION('',(0.,1.,0.));
#10295=DIRECTION('center_axis',(0.,0.,-1.));
#10296=DIRECTION('ref_axis',(0.,1.,0.));
#10297=DIRECTION('',(1.,0.,0.));
#10298=DIRECTION('center_axis',(0.,0.,-1.));
#10299=DIRECTION('ref_axis',(1.,0.,0.));
#10300=DIRECTION('',(0.,-1.,0.));
#10301=DIRECTION('center_axis',(0.,0.,-1.));
#10302=DIRECTION('ref_axis',(0.,-1.,0.));
#10303=DIRECTION('',(-1.,0.,0.));
#10304=DIRECTION('center_axis',(0.,0.,-1.));
#10305=DIRECTION('ref_axis',(-1.,0.,0.));
#10306=DIRECTION('',(0.,1.,0.));
#10307=DIRECTION('center_axis',(0.,0.,-1.));
#10308=DIRECTION('ref_axis',(0.,1.,0.));
#10309=DIRECTION('',(1.,0.,0.));
#10310=DIRECTION('center_axis',(0.,0.,-1.));
#10311=DIRECTION('ref_axis',(1.,0.,0.));
#10312=DIRECTION('',(0.,-1.,0.));
#10313=DIRECTION('center_axis',(0.,0.,-1.));
#10314=DIRECTION('ref_axis',(0.,-1.,0.));
#10315=DIRECTION('',(-1.,0.,0.));
#10316=DIRECTION('center_axis',(0.,0.,-1.));
#10317=DIRECTION('ref_axis',(-1.,0.,0.));
#10318=DIRECTION('',(0.,1.,0.));
#10319=DIRECTION('center_axis',(0.,0.,-1.));
#10320=DIRECTION('ref_axis',(0.,1.,0.));
#10321=DIRECTION('',(1.,0.,0.));
#10322=DIRECTION('center_axis',(0.,0.,-1.));
#10323=DIRECTION('ref_axis',(1.,0.,0.));
#10324=DIRECTION('',(0.,-1.,0.));
#10325=DIRECTION('center_axis',(0.,0.,-1.));
#10326=DIRECTION('ref_axis',(0.,-1.,0.));
#10327=DIRECTION('',(-1.,0.,0.));
#10328=DIRECTION('center_axis',(0.,0.,-1.));
#10329=DIRECTION('ref_axis',(-1.,0.,0.));
#10330=DIRECTION('',(0.,1.,0.));
#10331=DIRECTION('center_axis',(0.,0.,-1.));
#10332=DIRECTION('ref_axis',(0.,1.,0.));
#10333=DIRECTION('',(1.,0.,0.));
#10334=DIRECTION('center_axis',(0.,0.,-1.));
#10335=DIRECTION('ref_axis',(1.,0.,0.));
#10336=DIRECTION('',(0.,-1.,0.));
#10337=DIRECTION('center_axis',(0.,0.,-1.));
#10338=DIRECTION('ref_axis',(0.,-1.,0.));
#10339=DIRECTION('',(-1.,0.,0.));
#10340=DIRECTION('center_axis',(0.,0.,-1.));
#10341=DIRECTION('ref_axis',(-1.,0.,0.));
#10342=DIRECTION('',(0.,1.,0.));
#10343=DIRECTION('center_axis',(0.,0.,-1.));
#10344=DIRECTION('ref_axis',(0.,1.,0.));
#10345=DIRECTION('center_axis',(0.,0.,-1.));
#10346=DIRECTION('ref_axis',(0.,1.,0.));
#10347=DIRECTION('',(1.,0.,0.));
#10348=DIRECTION('center_axis',(0.,0.,-1.));
#10349=DIRECTION('ref_axis',(1.,0.,0.));
#10350=DIRECTION('',(0.,-1.,0.));
#10351=DIRECTION('center_axis',(0.,0.,-1.));
#10352=DIRECTION('ref_axis',(0.,-1.,0.));
#10353=DIRECTION('',(-1.,0.,0.));
#10354=DIRECTION('center_axis',(0.,0.,-1.));
#10355=DIRECTION('ref_axis',(-1.,0.,0.));
#10356=DIRECTION('',(0.,1.,0.));
#10357=DIRECTION('',(1.,3.41607084500048E-16,0.));
#10358=DIRECTION('center_axis',(0.,0.,-1.));
#10359=DIRECTION('ref_axis',(1.,-1.77635683940025E-14,0.));
#10360=DIRECTION('',(-1.70803542250024E-16,-1.,0.));
#10361=DIRECTION('center_axis',(0.,0.,-1.));
#10362=DIRECTION('ref_axis',(0.,-1.,0.));
#10363=DIRECTION('',(-1.,0.,0.));
#10364=DIRECTION('center_axis',(0.,0.,-1.));
#10365=DIRECTION('ref_axis',(-1.,0.,0.));
#10366=DIRECTION('',(3.41607084500048E-16,1.,0.));
#10367=DIRECTION('center_axis',(0.,0.,-1.));
#10368=DIRECTION('ref_axis',(-2.22044604925032E-15,1.,0.));
#10369=DIRECTION('',(1.,3.41607084500048E-16,0.));
#10370=DIRECTION('center_axis',(0.,0.,-1.));
#10371=DIRECTION('ref_axis',(1.,0.,0.));
#10372=DIRECTION('',(-1.36642833800019E-15,-1.,0.));
#10373=DIRECTION('center_axis',(0.,0.,-1.));
#10374=DIRECTION('ref_axis',(0.,-1.,0.));
#10375=DIRECTION('',(-1.,0.,0.));
#10376=DIRECTION('center_axis',(0.,0.,-1.));
#10377=DIRECTION('ref_axis',(-1.,0.,0.));
#10378=DIRECTION('',(3.41607084500048E-16,1.,0.));
#10379=DIRECTION('center_axis',(0.,0.,-1.));
#10380=DIRECTION('ref_axis',(0.,1.,0.));
#10381=DIRECTION('',(1.,-4.2700885562506E-17,0.));
#10382=DIRECTION('center_axis',(0.,0.,-1.));
#10383=DIRECTION('ref_axis',(1.,0.,0.));
#10384=DIRECTION('',(2.73285667600039E-15,-1.,0.));
#10385=DIRECTION('center_axis',(0.,0.,-1.));
#10386=DIRECTION('ref_axis',(0.,-1.,0.));
#10387=DIRECTION('',(-1.,1.70803542250024E-16,0.));
#10388=DIRECTION('center_axis',(0.,0.,-1.));
#10389=DIRECTION('ref_axis',(-1.,0.,0.));
#10390=DIRECTION('',(0.,1.,0.));
#10391=DIRECTION('center_axis',(0.,0.,-1.));
#10392=DIRECTION('ref_axis',(0.,1.,0.));
#10393=DIRECTION('',(0.,-1.,0.));
#10394=DIRECTION('center_axis',(0.,0.,-1.));
#10395=DIRECTION('ref_axis',(0.,-1.,0.));
#10396=DIRECTION('',(-1.,-2.39124959150034E-15,0.));
#10397=DIRECTION('center_axis',(0.,0.,-1.));
#10398=DIRECTION('ref_axis',(-1.,0.,0.));
#10399=DIRECTION('',(0.,1.,0.));
#10400=DIRECTION('center_axis',(0.,0.,-1.));
#10401=DIRECTION('ref_axis',(0.,1.,0.));
#10402=DIRECTION('',(1.,-1.45183010912521E-15,0.));
#10403=DIRECTION('center_axis',(0.,0.,-1.));
#10404=DIRECTION('ref_axis',(1.,0.,0.));
#10405=DIRECTION('',(1.,7.25915054562604E-16,0.));
#10406=DIRECTION('center_axis',(0.,0.,-1.));
#10407=DIRECTION('ref_axis',(1.,0.,0.));
#10408=DIRECTION('',(0.,-1.,0.));
#10409=DIRECTION('center_axis',(0.,0.,-1.));
#10410=DIRECTION('ref_axis',(0.,-1.,0.));
#10411=DIRECTION('',(-1.,6.83214169000098E-16,0.));
#10412=DIRECTION('center_axis',(0.,0.,-1.));
#10413=DIRECTION('ref_axis',(-1.,0.,0.));
#10414=DIRECTION('',(1.36642833800019E-15,1.,0.));
#10415=DIRECTION('center_axis',(0.,0.,-1.));
#10416=DIRECTION('ref_axis',(0.,1.,0.));
#10417=DIRECTION('',(1.,4.2700885562506E-16,0.));
#10418=DIRECTION('center_axis',(0.,0.,-1.));
#10419=DIRECTION('ref_axis',(1.,0.,0.));
#10420=DIRECTION('',(0.,-1.,0.));
#10421=DIRECTION('center_axis',(0.,0.,-1.));
#10422=DIRECTION('ref_axis',(0.,-1.,0.));
#10423=DIRECTION('',(-1.,-2.22044604925031E-15,0.));
#10424=DIRECTION('center_axis',(0.,0.,-1.));
#10425=DIRECTION('ref_axis',(-1.,0.,0.));
#10426=DIRECTION('',(2.73285667600039E-15,1.,0.));
#10427=DIRECTION('center_axis',(0.,0.,-1.));
#10428=DIRECTION('ref_axis',(0.,1.,0.));
#10429=DIRECTION('',(1.,-1.4518301091252E-15,0.));
#10430=DIRECTION('center_axis',(0.,0.,-1.));
#10431=DIRECTION('ref_axis',(1.,0.,0.));
#10432=DIRECTION('',(0.,-1.,0.));
#10433=DIRECTION('center_axis',(0.,0.,-1.));
#10434=DIRECTION('ref_axis',(0.,-1.,0.));
#10435=DIRECTION('',(-1.,3.41607084500048E-16,0.));
#10436=DIRECTION('center_axis',(0.,0.,-1.));
#10437=DIRECTION('ref_axis',(-1.,0.,0.));
#10438=DIRECTION('',(0.,1.,0.));
#10439=DIRECTION('center_axis',(0.,0.,-1.));
#10440=DIRECTION('ref_axis',(0.,1.,0.));
#10441=DIRECTION('center_axis',(0.,0.,-1.));
#10442=DIRECTION('ref_axis',(0.,1.,0.));
#10443=DIRECTION('',(1.,2.1350442781253E-16,0.));
#10444=DIRECTION('center_axis',(0.,0.,-1.));
#10445=DIRECTION('ref_axis',(1.,0.,0.));
#10446=DIRECTION('',(0.,-1.,0.));
#10447=DIRECTION('center_axis',(0.,0.,-1.));
#10448=DIRECTION('ref_axis',(0.,-1.,0.));
#10449=DIRECTION('',(-1.,3.41607084500048E-16,0.));
#10450=DIRECTION('center_axis',(0.,0.,-1.));
#10451=DIRECTION('ref_axis',(-1.,0.,0.));
#10452=DIRECTION('',(0.,1.,0.));
#10453=DIRECTION('',(1.,1.66533453693774E-15,0.));
#10454=DIRECTION('center_axis',(0.,0.,-1.));
#10455=DIRECTION('ref_axis',(1.,0.,0.));
#10456=DIRECTION('',(2.73285667600039E-15,-1.,0.));
#10457=DIRECTION('center_axis',(0.,0.,-1.));
#10458=DIRECTION('ref_axis',(0.,-1.,0.));
#10459=DIRECTION('',(-1.,-2.04964250700029E-15,0.));
#10460=DIRECTION('center_axis',(0.,0.,-1.));
#10461=DIRECTION('ref_axis',(-1.,0.,0.));
#10462=DIRECTION('',(2.73285667600039E-15,1.,0.));
#10463=DIRECTION('center_axis',(0.,0.,-1.));
#10464=DIRECTION('ref_axis',(0.,1.,0.));
#10465=DIRECTION('center_axis',(0.,0.,-1.));
#10466=DIRECTION('ref_axis',(0.,1.,0.));
#10467=DIRECTION('',(1.,-2.98906198937542E-16,0.));
#10468=DIRECTION('center_axis',(0.,0.,-1.));
#10469=DIRECTION('ref_axis',(1.,0.,0.));
#10470=DIRECTION('',(0.,-1.,0.));
#10471=DIRECTION('center_axis',(0.,0.,-1.));
#10472=DIRECTION('ref_axis',(1.77635683940025E-14,-1.,0.));
#10473=DIRECTION('',(-1.,8.54017711250119E-16,0.));
#10474=DIRECTION('center_axis',(0.,0.,-1.));
#10475=DIRECTION('ref_axis',(-1.,0.,0.));
#10476=DIRECTION('',(0.,1.,0.));
#10477=DIRECTION('center_axis',(0.,0.,-1.));
#10478=DIRECTION('ref_axis',(0.,1.,0.));
#10479=DIRECTION('',(1.,5.97812397875087E-16,0.));
#10480=DIRECTION('center_axis',(0.,0.,-1.));
#10481=DIRECTION('ref_axis',(1.,0.,0.));
#10482=DIRECTION('',(0.,-1.,0.));
#10483=DIRECTION('center_axis',(0.,0.,-1.));
#10484=DIRECTION('ref_axis',(0.,-1.,0.));
#10485=DIRECTION('',(-1.,1.3664283380002E-15,0.));
#10486=DIRECTION('center_axis',(0.,0.,-1.));
#10487=DIRECTION('ref_axis',(-1.,0.,0.));
#10488=DIRECTION('',(0.,1.,0.));
#10489=DIRECTION('',(0.,-1.,0.));
#10490=DIRECTION('center_axis',(0.,0.,-1.));
#10491=DIRECTION('ref_axis',(0.,-1.,0.));
#10492=DIRECTION('',(-1.,0.,0.));
#10493=DIRECTION('center_axis',(0.,0.,-1.));
#10494=DIRECTION('ref_axis',(-1.,0.,0.));
#10495=DIRECTION('',(4.2700885562506E-17,1.,0.));
#10496=DIRECTION('center_axis',(0.,0.,-1.));
#10497=DIRECTION('ref_axis',(0.,1.,0.));
#10498=DIRECTION('',(1.,0.,0.));
#10499=DIRECTION('center_axis',(0.,0.,-1.));
#10500=DIRECTION('ref_axis',(1.,0.,0.));
#10501=DIRECTION('',(1.,-8.5401771125012E-17,0.));
#10502=DIRECTION('center_axis',(0.,0.,-1.));
#10503=DIRECTION('ref_axis',(1.,0.,0.));
#10504=DIRECTION('',(0.,-1.,0.));
#10505=DIRECTION('center_axis',(0.,0.,-1.));
#10506=DIRECTION('ref_axis',(0.,-1.,0.));
#10507=DIRECTION('',(-1.,3.41607084500048E-16,0.));
#10508=DIRECTION('center_axis',(0.,0.,-1.));
#10509=DIRECTION('ref_axis',(-1.,0.,0.));
#10510=DIRECTION('',(0.,1.,0.));
#10511=DIRECTION('center_axis',(0.,0.,-1.));
#10512=DIRECTION('ref_axis',(0.,1.,0.));
#10513=DIRECTION('',(0.,-1.,0.));
#10514=DIRECTION('center_axis',(0.,0.,-1.));
#10515=DIRECTION('ref_axis',(0.,-1.,0.));
#10516=DIRECTION('',(-1.,-2.04964250700029E-15,0.));
#10517=DIRECTION('center_axis',(0.,0.,-1.));
#10518=DIRECTION('ref_axis',(-1.,0.,0.));
#10519=DIRECTION('',(0.,1.,0.));
#10520=DIRECTION('center_axis',(0.,0.,-1.));
#10521=DIRECTION('ref_axis',(0.,1.,0.));
#10522=DIRECTION('',(1.,-1.70803542250024E-16,0.));
#10523=DIRECTION('center_axis',(0.,0.,-1.));
#10524=DIRECTION('ref_axis',(1.,0.,0.));
#10525=DIRECTION('',(1.,4.09928501400054E-15,0.));
#10526=DIRECTION('center_axis',(0.,0.,-1.));
#10527=DIRECTION('ref_axis',(1.,0.,0.));
#10528=DIRECTION('',(0.,-1.,0.));
#10529=DIRECTION('center_axis',(0.,0.,-1.));
#10530=DIRECTION('ref_axis',(0.,-1.,0.));
#10531=DIRECTION('',(-1.,-1.36642833800019E-15,0.));
#10532=DIRECTION('center_axis',(0.,0.,-1.));
#10533=DIRECTION('ref_axis',(-1.,-1.77635683940023E-14,0.));
#10534=DIRECTION('',(5.46571335200076E-15,1.,0.));
#10535=DIRECTION('center_axis',(0.,0.,-1.));
#10536=DIRECTION('ref_axis',(0.,1.,0.));
#10537=DIRECTION('',(1.,-2.73285667600038E-15,0.));
#10538=DIRECTION('center_axis',(0.,0.,-1.));
#10539=DIRECTION('ref_axis',(1.,0.,0.));
#10540=DIRECTION('',(0.,-1.,0.));
#10541=DIRECTION('center_axis',(0.,0.,-1.));
#10542=DIRECTION('ref_axis',(0.,-1.,0.));
#10543=DIRECTION('',(-1.,-1.36642833800019E-15,0.));
#10544=DIRECTION('center_axis',(0.,0.,-1.));
#10545=DIRECTION('ref_axis',(-1.,-1.77635683940023E-14,0.));
#10546=DIRECTION('',(0.,1.,0.));
#10547=DIRECTION('center_axis',(0.,0.,-1.));
#10548=DIRECTION('ref_axis',(0.,1.,0.));
#10549=DIRECTION('',(1.,0.,0.));
#10550=DIRECTION('center_axis',(0.,0.,-1.));
#10551=DIRECTION('ref_axis',(1.,0.,0.));
#10552=DIRECTION('',(0.,-1.,0.));
#10553=DIRECTION('center_axis',(0.,0.,-1.));
#10554=DIRECTION('ref_axis',(0.,-1.,0.));
#10555=DIRECTION('',(-1.,-2.04964250700028E-15,0.));
#10556=DIRECTION('center_axis',(0.,0.,-1.));
#10557=DIRECTION('ref_axis',(-1.,-1.77635683940023E-14,0.));
#10558=DIRECTION('',(0.,1.,0.));
#10559=DIRECTION('center_axis',(0.,0.,-1.));
#10560=DIRECTION('ref_axis',(0.,1.,0.));
#10561=DIRECTION('',(0.,-1.,0.));
#10562=DIRECTION('center_axis',(0.,0.,-1.));
#10563=DIRECTION('ref_axis',(0.,-1.,0.));
#10564=DIRECTION('',(-1.,-6.83214169000097E-16,0.));
#10565=DIRECTION('center_axis',(0.,0.,-1.));
#10566=DIRECTION('ref_axis',(-1.,-1.77635683940026E-14,0.));
#10567=DIRECTION('',(0.,1.,0.));
#10568=DIRECTION('center_axis',(0.,0.,-1.));
#10569=DIRECTION('ref_axis',(0.,1.,0.));
#10570=DIRECTION('',(1.,0.,0.));
#10571=DIRECTION('center_axis',(0.,0.,-1.));
#10572=DIRECTION('ref_axis',(1.,0.,0.));
#10573=DIRECTION('',(1.,-2.04964250700029E-15,0.));
#10574=DIRECTION('center_axis',(0.,0.,-1.));
#10575=DIRECTION('ref_axis',(1.,0.,0.));
#10576=DIRECTION('',(2.73285667600038E-15,-1.,0.));
#10577=DIRECTION('center_axis',(0.,0.,-1.));
#10578=DIRECTION('ref_axis',(0.,-1.,0.));
#10579=DIRECTION('',(-1.,-2.73285667600038E-15,0.));
#10580=DIRECTION('center_axis',(0.,0.,-1.));
#10581=DIRECTION('ref_axis',(-1.,-1.77635683940023E-14,0.));
#10582=DIRECTION('',(0.,1.,0.));
#10583=DIRECTION('center_axis',(0.,0.,-1.));
#10584=DIRECTION('ref_axis',(7.10542735760103E-14,1.,0.));
#10585=DIRECTION('',(1.,6.83214169000097E-16,0.));
#10586=DIRECTION('center_axis',(0.,0.,-1.));
#10587=DIRECTION('ref_axis',(1.,0.,0.));
#10588=DIRECTION('',(0.,-1.,0.));
#10589=DIRECTION('center_axis',(0.,0.,-1.));
#10590=DIRECTION('ref_axis',(0.,-1.,0.));
#10591=DIRECTION('',(-1.,-1.36642833800019E-15,0.));
#10592=DIRECTION('center_axis',(0.,0.,-1.));
#10593=DIRECTION('ref_axis',(-1.,-1.77635683940023E-14,0.));
#10594=DIRECTION('',(0.,1.,0.));
#10595=DIRECTION('center_axis',(0.,0.,-1.));
#10596=DIRECTION('ref_axis',(0.,1.,0.));
#10597=DIRECTION('',(1.,6.83214169000094E-16,0.));
#10598=DIRECTION('center_axis',(0.,0.,-1.));
#10599=DIRECTION('ref_axis',(1.,0.,0.));
#10600=DIRECTION('',(0.,-1.,0.));
#10601=DIRECTION('center_axis',(0.,0.,-1.));
#10602=DIRECTION('ref_axis',(3.55271367880051E-14,-1.,0.));
#10603=DIRECTION('',(-1.,-1.36642833800019E-15,0.));
#10604=DIRECTION('center_axis',(0.,0.,-1.));
#10605=DIRECTION('ref_axis',(-1.,-1.77635683940023E-14,0.));
#10606=DIRECTION('',(0.,1.,0.));
#10607=DIRECTION('center_axis',(0.,0.,-1.));
#10608=DIRECTION('ref_axis',(0.,1.,0.));
#10609=DIRECTION('',(0.,-1.,0.));
#10610=DIRECTION('center_axis',(0.,0.,-1.));
#10611=DIRECTION('ref_axis',(-7.10542735760134E-14,-1.,0.));
#10612=DIRECTION('',(-1.,-6.83214169000096E-16,0.));
#10613=DIRECTION('center_axis',(0.,0.,-1.));
#10614=DIRECTION('ref_axis',(-1.,3.5527136788007E-14,0.));
#10615=DIRECTION('',(0.,1.,0.));
#10616=DIRECTION('center_axis',(0.,0.,-1.));
#10617=DIRECTION('ref_axis',(0.,1.,0.));
#10618=DIRECTION('',(1.,1.36642833800019E-15,0.));
#10619=DIRECTION('center_axis',(0.,0.,-1.));
#10620=DIRECTION('ref_axis',(1.,-7.10542735760141E-14,0.));
#10621=DIRECTION('',(1.,1.36642833800019E-15,0.));
#10622=DIRECTION('center_axis',(0.,0.,-1.));
#10623=DIRECTION('ref_axis',(1.,0.,0.));
#10624=DIRECTION('',(0.,-1.,0.));
#10625=DIRECTION('center_axis',(0.,0.,-1.));
#10626=DIRECTION('ref_axis',(0.,-1.,0.));
#10627=DIRECTION('',(-1.,-1.36642833800019E-15,0.));
#10628=DIRECTION('center_axis',(0.,0.,-1.));
#10629=DIRECTION('ref_axis',(-1.,-1.77635683940023E-14,0.));
#10630=DIRECTION('',(0.,1.,0.));
#10631=DIRECTION('center_axis',(0.,0.,-1.));
#10632=DIRECTION('ref_axis',(0.,1.,0.));
#10633=DIRECTION('',(1.,0.,0.));
#10634=DIRECTION('center_axis',(0.,0.,-1.));
#10635=DIRECTION('ref_axis',(4.44089209850048E-14,1.,0.));
#10636=DIRECTION('',(0.,-1.,0.));
#10637=DIRECTION('center_axis',(0.,0.,-1.));
#10638=DIRECTION('ref_axis',(1.,-1.77635683940024E-14,0.));
#10639=DIRECTION('',(-1.,0.,0.));
#10640=DIRECTION('center_axis',(0.,0.,-1.));
#10641=DIRECTION('ref_axis',(-3.55271367880039E-14,-1.,0.));
#10642=DIRECTION('',(1.70803542250024E-16,1.,0.));
#10643=DIRECTION('center_axis',(0.,0.,-1.));
#10644=DIRECTION('ref_axis',(-1.,-1.77635683940027E-14,0.));
#10645=DIRECTION('',(1.,1.36642833800019E-15,0.));
#10646=DIRECTION('center_axis',(0.,0.,-1.));
#10647=DIRECTION('ref_axis',(1.,0.,0.));
#10648=DIRECTION('',(0.,-1.,0.));
#10649=DIRECTION('center_axis',(0.,0.,-1.));
#10650=DIRECTION('ref_axis',(0.,-1.,0.));
#10651=DIRECTION('',(-1.,0.,0.));
#10652=DIRECTION('center_axis',(0.,0.,-1.));
#10653=DIRECTION('ref_axis',(-1.,-1.77635683940026E-14,0.));
#10654=DIRECTION('',(0.,1.,0.));
#10655=DIRECTION('center_axis',(0.,0.,-1.));
#10656=DIRECTION('ref_axis',(0.,1.,0.));
#10657=DIRECTION('',(-1.,0.,0.));
#10658=DIRECTION('center_axis',(0.,0.,-1.));
#10659=DIRECTION('ref_axis',(-1.,-1.77635683940026E-14,0.));
#10660=DIRECTION('',(1.36642833800019E-15,1.,0.));
#10661=DIRECTION('center_axis',(0.,0.,-1.));
#10662=DIRECTION('ref_axis',(0.,1.,0.));
#10663=DIRECTION('',(1.,0.,0.));
#10664=DIRECTION('center_axis',(0.,0.,-1.));
#10665=DIRECTION('ref_axis',(1.,0.,0.));
#10666=DIRECTION('',(0.,-1.,0.));
#10667=DIRECTION('center_axis',(0.,0.,-1.));
#10668=DIRECTION('ref_axis',(0.,-1.,0.));
#10669=DIRECTION('',(1.,2.04964250700029E-15,0.));
#10670=DIRECTION('center_axis',(0.,0.,-1.));
#10671=DIRECTION('ref_axis',(1.,0.,0.));
#10672=DIRECTION('',(0.,-1.,0.));
#10673=DIRECTION('center_axis',(0.,0.,-1.));
#10674=DIRECTION('ref_axis',(0.,-1.,0.));
#10675=DIRECTION('',(-1.,-2.04964250700029E-15,0.));
#10676=DIRECTION('center_axis',(0.,0.,-1.));
#10677=DIRECTION('ref_axis',(-1.,-1.77635683940023E-14,0.));
#10678=DIRECTION('',(0.,1.,0.));
#10679=DIRECTION('center_axis',(0.,0.,-1.));
#10680=DIRECTION('ref_axis',(0.,1.,0.));
#10681=DIRECTION('',(-1.,0.,0.));
#10682=DIRECTION('center_axis',(0.,0.,-1.));
#10683=DIRECTION('ref_axis',(7.10542735760134E-14,-1.,0.));
#10684=DIRECTION('',(0.,1.,0.));
#10685=DIRECTION('center_axis',(0.,0.,-1.));
#10686=DIRECTION('ref_axis',(0.,1.,0.));
#10687=DIRECTION('',(1.,1.36642833800019E-15,0.));
#10688=DIRECTION('center_axis',(0.,0.,-1.));
#10689=DIRECTION('ref_axis',(1.,0.,0.));
#10690=DIRECTION('',(0.,-1.,0.));
#10691=DIRECTION('center_axis',(0.,0.,-1.));
#10692=DIRECTION('ref_axis',(0.,-1.,0.));
#10693=DIRECTION('',(0.,-1.,0.));
#10694=DIRECTION('center_axis',(0.,0.,-1.));
#10695=DIRECTION('ref_axis',(0.,-1.,0.));
#10696=DIRECTION('',(-1.,6.83214169000096E-16,0.));
#10697=DIRECTION('center_axis',(0.,0.,-1.));
#10698=DIRECTION('ref_axis',(-1.,0.,0.));
#10699=DIRECTION('',(0.,1.,0.));
#10700=DIRECTION('center_axis',(0.,0.,-1.));
#10701=DIRECTION('ref_axis',(-1.42108547152017E-13,1.,0.));
#10702=DIRECTION('',(1.,1.36642833800019E-15,0.));
#10703=DIRECTION('center_axis',(0.,0.,-1.));
#10704=DIRECTION('ref_axis',(1.,0.,0.));
#10705=DIRECTION('center_axis',(0.,0.,-1.));
#10706=DIRECTION('ref_axis',(1.,3.5527136788007E-14,0.));
#10707=DIRECTION('',(-1.,0.,0.));
#10708=DIRECTION('center_axis',(0.,0.,-1.));
#10709=DIRECTION('ref_axis',(0.,-1.,0.));
#10710=DIRECTION('',(0.,1.,0.));
#10711=DIRECTION('center_axis',(0.,0.,-1.));
#10712=DIRECTION('ref_axis',(-1.,1.77635683940023E-14,0.));
#10713=DIRECTION('',(1.,1.36642833800019E-15,0.));
#10714=DIRECTION('center_axis',(0.,0.,-1.));
#10715=DIRECTION('ref_axis',(-7.10542735760147E-14,1.,0.));
#10716=DIRECTION('',(0.,-1.,0.));
#10717=DIRECTION('center_axis',(0.,0.,-1.));
#10718=DIRECTION('ref_axis',(-1.,-8.88178419700113E-15,0.));
#10719=DIRECTION('',(0.,1.,0.));
#10720=DIRECTION('center_axis',(0.,0.,-1.));
#10721=DIRECTION('ref_axis',(3.55271367880055E-14,1.,0.));
#10722=DIRECTION('',(1.,6.83214169000096E-16,0.));
#10723=DIRECTION('center_axis',(0.,0.,-1.));
#10724=DIRECTION('ref_axis',(1.,7.1054273576004E-14,0.));
#10725=DIRECTION('',(0.,-1.,0.));
#10726=DIRECTION('center_axis',(0.,0.,-1.));
#10727=DIRECTION('ref_axis',(0.,-1.,0.));
#10728=DIRECTION('',(-1.,-6.83214169000096E-16,0.));
#10729=DIRECTION('center_axis',(0.,0.,-1.));
#10730=DIRECTION('ref_axis',(1.,-5.3290705182003E-14,0.));
#10731=DIRECTION('',(-1.,0.,0.));
#10732=DIRECTION('center_axis',(0.,0.,-1.));
#10733=DIRECTION('ref_axis',(0.,-1.,0.));
#10734=DIRECTION('',(0.,1.,0.));
#10735=DIRECTION('center_axis',(0.,0.,-1.));
#10736=DIRECTION('ref_axis',(-1.,1.77635683940029E-14,0.));
#10737=DIRECTION('',(1.,1.36642833800019E-15,0.));
#10738=DIRECTION('center_axis',(0.,0.,-1.));
#10739=DIRECTION('ref_axis',(3.55271367880058E-14,1.,0.));
#10740=DIRECTION('',(0.,-1.,0.));
#10741=DIRECTION('center_axis',(0.,0.,-1.));
#10742=DIRECTION('ref_axis',(1.,5.3290705182003E-14,0.));
#10743=DIRECTION('',(0.,-1.,0.));
#10744=DIRECTION('center_axis',(0.,0.,-1.));
#10745=DIRECTION('ref_axis',(7.10542735760052E-14,-1.,0.));
#10746=DIRECTION('',(-1.,-6.83214169000097E-16,0.));
#10747=DIRECTION('center_axis',(0.,0.,-1.));
#10748=DIRECTION('ref_axis',(-1.,-8.88178419700113E-15,0.));
#10749=DIRECTION('',(0.,1.,0.));
#10750=DIRECTION('center_axis',(0.,0.,-1.));
#10751=DIRECTION('ref_axis',(3.55271367880055E-14,1.,0.));
#10752=DIRECTION('',(1.,6.83214169000097E-16,0.));
#10753=DIRECTION('',(-6.83214169000096E-16,-1.,0.));
#10754=DIRECTION('center_axis',(0.,0.,-1.));
#10755=DIRECTION('ref_axis',(0.,-1.,0.));
#10756=DIRECTION('',(-1.,0.,0.));
#10757=DIRECTION('center_axis',(0.,0.,-1.));
#10758=DIRECTION('ref_axis',(-1.,0.,0.));
#10759=DIRECTION('',(6.83214169000096E-16,1.,0.));
#10760=DIRECTION('center_axis',(0.,0.,-1.));
#10761=DIRECTION('ref_axis',(0.,1.,0.));
#10762=DIRECTION('',(1.,3.41607084500048E-16,0.));
#10763=DIRECTION('center_axis',(0.,0.,-1.));
#10764=DIRECTION('ref_axis',(1.,0.,0.));
#10765=DIRECTION('',(1.,1.36642833800019E-15,0.));
#10766=DIRECTION('center_axis',(0.,0.,-1.));
#10767=DIRECTION('ref_axis',(1.,0.,0.));
#10768=DIRECTION('',(0.,-1.,0.));
#10769=DIRECTION('center_axis',(0.,0.,-1.));
#10770=DIRECTION('ref_axis',(0.,-1.,0.));
#10771=DIRECTION('',(-1.,0.,0.));
#10772=DIRECTION('center_axis',(0.,0.,-1.));
#10773=DIRECTION('ref_axis',(-1.,0.,0.));
#10774=DIRECTION('',(-2.73285667600038E-15,1.,0.));
#10775=DIRECTION('center_axis',(0.,0.,-1.));
#10776=DIRECTION('ref_axis',(0.,1.,0.));
#10777=DIRECTION('',(1.,6.83214169000095E-16,0.));
#10778=DIRECTION('center_axis',(0.,0.,-1.));
#10779=DIRECTION('ref_axis',(1.,0.,0.));
#10780=DIRECTION('',(0.,-1.,0.));
#10781=DIRECTION('center_axis',(0.,0.,-1.));
#10782=DIRECTION('ref_axis',(0.,-1.,0.));
#10783=DIRECTION('',(-1.,0.,0.));
#10784=DIRECTION('center_axis',(0.,0.,-1.));
#10785=DIRECTION('ref_axis',(-1.,0.,0.));
#10786=DIRECTION('',(0.,1.,0.));
#10787=DIRECTION('center_axis',(0.,0.,-1.));
#10788=DIRECTION('ref_axis',(-1.77635683940026E-14,1.,0.));
#10789=DIRECTION('center_axis',(0.,0.,1.));
#10790=DIRECTION('ref_axis',(-7.10542735760065E-14,1.,0.));
#10791=DIRECTION('',(0.,0.,1.));
#10792=DIRECTION('center_axis',(0.,0.,1.));
#10793=DIRECTION('ref_axis',(1.,1.77635683940023E-14,0.));
#10794=DIRECTION('',(0.,0.,1.));
#10795=DIRECTION('center_axis',(0.,-1.,0.));
#10796=DIRECTION('ref_axis',(1.,0.,0.));
#10797=DIRECTION('center_axis',(0.,0.,1.));
#10798=DIRECTION('ref_axis',(1.,5.32907051820049E-14,0.));
#10799=DIRECTION('',(0.,0.,1.));
#10800=DIRECTION('center_axis',(0.,-1.,0.));
#10801=DIRECTION('ref_axis',(1.,0.,0.));
#10802=DIRECTION('',(0.,0.,1.));
#10803=DIRECTION('center_axis',(0.,0.,1.));
#10804=DIRECTION('ref_axis',(0.,1.,0.));
#10805=DIRECTION('center_axis',(0.,0.,1.));
#10806=DIRECTION('ref_axis',(1.,0.,0.));
#10807=DIRECTION('',(0.,0.,1.));
#10808=DIRECTION('center_axis',(-1.48029736616688E-15,-1.,0.));
#10809=DIRECTION('ref_axis',(1.,-1.48029736616688E-15,0.));
#10810=DIRECTION('',(0.,0.,1.));
#10811=DIRECTION('center_axis',(0.,0.,1.));
#10812=DIRECTION('ref_axis',(-3.55271367880032E-14,1.,0.));
#10813=DIRECTION('center_axis',(0.,0.,1.));
#10814=DIRECTION('ref_axis',(1.,5.32907051820049E-14,0.));
#10815=DIRECTION('',(0.,0.,1.));
#10816=DIRECTION('center_axis',(0.,-1.,0.));
#10817=DIRECTION('ref_axis',(1.,0.,0.));
#10818=DIRECTION('',(0.,0.,1.));
#10819=DIRECTION('center_axis',(0.,0.,1.));
#10820=DIRECTION('ref_axis',(0.,1.,0.));
#10821=DIRECTION('center_axis',(0.,0.,1.));
#10822=DIRECTION('ref_axis',(0.,1.,0.));
#10823=DIRECTION('',(0.,0.,1.));
#10824=DIRECTION('',(0.,0.,1.));
#10825=DIRECTION('center_axis',(1.,0.,0.));
#10826=DIRECTION('ref_axis',(0.,1.,0.));
#10827=DIRECTION('',(0.,0.,1.));
#10828=DIRECTION('center_axis',(0.,0.,1.));
#10829=DIRECTION('ref_axis',(-1.,0.,0.));
#10830=DIRECTION('',(0.,0.,1.));
#10831=DIRECTION('center_axis',(0.,1.,0.));
#10832=DIRECTION('ref_axis',(-1.,0.,0.));
#10833=DIRECTION('',(0.,0.,1.));
#10834=DIRECTION('center_axis',(0.,0.,1.));
#10835=DIRECTION('ref_axis',(0.,-1.,0.));
#10836=DIRECTION('',(0.,0.,1.));
#10837=DIRECTION('center_axis',(-1.,0.,0.));
#10838=DIRECTION('ref_axis',(0.,-1.,0.));
#10839=DIRECTION('',(0.,0.,1.));
#10840=DIRECTION('center_axis',(0.,0.,1.));
#10841=DIRECTION('ref_axis',(1.,0.,0.));
#10842=DIRECTION('',(0.,0.,1.));
#10843=DIRECTION('center_axis',(0.,-1.,0.));
#10844=DIRECTION('ref_axis',(1.,0.,0.));
#10845=DIRECTION('center_axis',(0.,0.,1.));
#10846=DIRECTION('ref_axis',(0.,1.,0.));
#10847=DIRECTION('',(0.,0.,1.));
#10848=DIRECTION('',(0.,0.,1.));
#10849=DIRECTION('center_axis',(1.,0.,0.));
#10850=DIRECTION('ref_axis',(0.,1.,0.));
#10851=DIRECTION('',(0.,0.,1.));
#10852=DIRECTION('center_axis',(0.,0.,1.));
#10853=DIRECTION('ref_axis',(-1.,0.,0.));
#10854=DIRECTION('',(0.,0.,1.));
#10855=DIRECTION('center_axis',(0.,1.,0.));
#10856=DIRECTION('ref_axis',(-1.,0.,0.));
#10857=DIRECTION('',(0.,0.,1.));
#10858=DIRECTION('center_axis',(0.,0.,1.));
#10859=DIRECTION('ref_axis',(0.,-1.,0.));
#10860=DIRECTION('',(0.,0.,1.));
#10861=DIRECTION('center_axis',(-1.,0.,0.));
#10862=DIRECTION('ref_axis',(0.,-1.,0.));
#10863=DIRECTION('',(0.,0.,1.));
#10864=DIRECTION('center_axis',(0.,0.,1.));
#10865=DIRECTION('ref_axis',(1.,0.,0.));
#10866=DIRECTION('',(0.,0.,1.));
#10867=DIRECTION('center_axis',(0.,-1.,0.));
#10868=DIRECTION('ref_axis',(1.,0.,0.));
#10869=DIRECTION('center_axis',(0.,0.,1.));
#10870=DIRECTION('ref_axis',(0.,1.,0.));
#10871=DIRECTION('',(0.,0.,1.));
#10872=DIRECTION('',(0.,0.,1.));
#10873=DIRECTION('center_axis',(1.,0.,0.));
#10874=DIRECTION('ref_axis',(0.,1.,0.));
#10875=DIRECTION('',(0.,0.,1.));
#10876=DIRECTION('center_axis',(0.,0.,1.));
#10877=DIRECTION('ref_axis',(-1.,0.,0.));
#10878=DIRECTION('',(0.,0.,1.));
#10879=DIRECTION('center_axis',(0.,1.,0.));
#10880=DIRECTION('ref_axis',(-1.,0.,0.));
#10881=DIRECTION('',(0.,0.,1.));
#10882=DIRECTION('center_axis',(0.,0.,1.));
#10883=DIRECTION('ref_axis',(0.,-1.,0.));
#10884=DIRECTION('',(0.,0.,1.));
#10885=DIRECTION('center_axis',(-1.,0.,0.));
#10886=DIRECTION('ref_axis',(0.,-1.,0.));
#10887=DIRECTION('',(0.,0.,1.));
#10888=DIRECTION('center_axis',(0.,0.,1.));
#10889=DIRECTION('ref_axis',(1.,0.,0.));
#10890=DIRECTION('',(0.,0.,1.));
#10891=DIRECTION('center_axis',(0.,-1.,0.));
#10892=DIRECTION('ref_axis',(1.,0.,0.));
#10893=DIRECTION('center_axis',(0.,0.,1.));
#10894=DIRECTION('ref_axis',(0.,1.,0.));
#10895=DIRECTION('',(0.,0.,1.));
#10896=DIRECTION('',(0.,0.,1.));
#10897=DIRECTION('center_axis',(1.,0.,0.));
#10898=DIRECTION('ref_axis',(0.,1.,0.));
#10899=DIRECTION('',(0.,0.,1.));
#10900=DIRECTION('center_axis',(0.,0.,1.));
#10901=DIRECTION('ref_axis',(-1.,0.,0.));
#10902=DIRECTION('',(0.,0.,1.));
#10903=DIRECTION('center_axis',(0.,1.,0.));
#10904=DIRECTION('ref_axis',(-1.,0.,0.));
#10905=DIRECTION('',(0.,0.,1.));
#10906=DIRECTION('center_axis',(0.,0.,1.));
#10907=DIRECTION('ref_axis',(0.,-1.,0.));
#10908=DIRECTION('',(0.,0.,1.));
#10909=DIRECTION('center_axis',(-1.,0.,0.));
#10910=DIRECTION('ref_axis',(0.,-1.,0.));
#10911=DIRECTION('',(0.,0.,1.));
#10912=DIRECTION('center_axis',(0.,0.,1.));
#10913=DIRECTION('ref_axis',(1.,0.,0.));
#10914=DIRECTION('',(0.,0.,1.));
#10915=DIRECTION('center_axis',(0.,-1.,0.));
#10916=DIRECTION('ref_axis',(1.,0.,0.));
#10917=DIRECTION('center_axis',(0.,0.,1.));
#10918=DIRECTION('ref_axis',(0.,1.,0.));
#10919=DIRECTION('',(0.,0.,1.));
#10920=DIRECTION('',(0.,0.,1.));
#10921=DIRECTION('center_axis',(1.,0.,0.));
#10922=DIRECTION('ref_axis',(0.,1.,0.));
#10923=DIRECTION('',(0.,0.,1.));
#10924=DIRECTION('center_axis',(0.,0.,1.));
#10925=DIRECTION('ref_axis',(-1.,0.,0.));
#10926=DIRECTION('',(0.,0.,1.));
#10927=DIRECTION('center_axis',(0.,1.,0.));
#10928=DIRECTION('ref_axis',(-1.,0.,0.));
#10929=DIRECTION('',(0.,0.,1.));
#10930=DIRECTION('center_axis',(0.,0.,1.));
#10931=DIRECTION('ref_axis',(0.,-1.,0.));
#10932=DIRECTION('',(0.,0.,1.));
#10933=DIRECTION('center_axis',(-1.,0.,0.));
#10934=DIRECTION('ref_axis',(0.,-1.,0.));
#10935=DIRECTION('',(0.,0.,1.));
#10936=DIRECTION('center_axis',(0.,0.,1.));
#10937=DIRECTION('ref_axis',(1.,0.,0.));
#10938=DIRECTION('',(0.,0.,1.));
#10939=DIRECTION('center_axis',(0.,-1.,0.));
#10940=DIRECTION('ref_axis',(1.,0.,0.));
#10941=DIRECTION('center_axis',(0.,0.,1.));
#10942=DIRECTION('ref_axis',(0.,1.,0.));
#10943=DIRECTION('',(0.,0.,1.));
#10944=DIRECTION('',(0.,0.,1.));
#10945=DIRECTION('center_axis',(1.,0.,0.));
#10946=DIRECTION('ref_axis',(0.,1.,0.));
#10947=DIRECTION('',(0.,0.,1.));
#10948=DIRECTION('center_axis',(0.,0.,1.));
#10949=DIRECTION('ref_axis',(-1.,0.,0.));
#10950=DIRECTION('',(0.,0.,1.));
#10951=DIRECTION('center_axis',(0.,1.,0.));
#10952=DIRECTION('ref_axis',(-1.,0.,0.));
#10953=DIRECTION('',(0.,0.,1.));
#10954=DIRECTION('center_axis',(0.,0.,1.));
#10955=DIRECTION('ref_axis',(0.,-1.,0.));
#10956=DIRECTION('',(0.,0.,1.));
#10957=DIRECTION('center_axis',(-1.,0.,0.));
#10958=DIRECTION('ref_axis',(0.,-1.,0.));
#10959=DIRECTION('',(0.,0.,1.));
#10960=DIRECTION('center_axis',(0.,0.,1.));
#10961=DIRECTION('ref_axis',(1.,0.,0.));
#10962=DIRECTION('',(0.,0.,1.));
#10963=DIRECTION('center_axis',(0.,-1.,0.));
#10964=DIRECTION('ref_axis',(1.,0.,0.));
#10965=DIRECTION('center_axis',(0.,0.,1.));
#10966=DIRECTION('ref_axis',(0.,1.,0.));
#10967=DIRECTION('',(0.,0.,1.));
#10968=DIRECTION('',(0.,0.,1.));
#10969=DIRECTION('center_axis',(1.,0.,0.));
#10970=DIRECTION('ref_axis',(0.,1.,0.));
#10971=DIRECTION('',(0.,0.,1.));
#10972=DIRECTION('center_axis',(0.,0.,1.));
#10973=DIRECTION('ref_axis',(-1.,0.,0.));
#10974=DIRECTION('',(0.,0.,1.));
#10975=DIRECTION('center_axis',(0.,1.,0.));
#10976=DIRECTION('ref_axis',(-1.,0.,0.));
#10977=DIRECTION('',(0.,0.,1.));
#10978=DIRECTION('center_axis',(0.,0.,1.));
#10979=DIRECTION('ref_axis',(0.,-1.,0.));
#10980=DIRECTION('',(0.,0.,1.));
#10981=DIRECTION('center_axis',(-1.,0.,0.));
#10982=DIRECTION('ref_axis',(0.,-1.,0.));
#10983=DIRECTION('',(0.,0.,1.));
#10984=DIRECTION('center_axis',(0.,0.,1.));
#10985=DIRECTION('ref_axis',(1.,0.,0.));
#10986=DIRECTION('',(0.,0.,1.));
#10987=DIRECTION('center_axis',(0.,-1.,0.));
#10988=DIRECTION('ref_axis',(1.,0.,0.));
#10989=DIRECTION('center_axis',(1.,0.,0.));
#10990=DIRECTION('ref_axis',(0.,1.,0.));
#10991=DIRECTION('',(0.,0.,1.));
#10992=DIRECTION('',(0.,0.,1.));
#10993=DIRECTION('center_axis',(0.,0.,1.));
#10994=DIRECTION('ref_axis',(-1.,0.,0.));
#10995=DIRECTION('',(0.,0.,1.));
#10996=DIRECTION('center_axis',(0.,1.,0.));
#10997=DIRECTION('ref_axis',(-1.,0.,0.));
#10998=DIRECTION('',(0.,0.,1.));
#10999=DIRECTION('center_axis',(0.,0.,1.));
#11000=DIRECTION('ref_axis',(0.,-1.,0.));
#11001=DIRECTION('',(0.,0.,1.));
#11002=DIRECTION('center_axis',(-1.,0.,0.));
#11003=DIRECTION('ref_axis',(0.,-1.,0.));
#11004=DIRECTION('',(0.,0.,1.));
#11005=DIRECTION('center_axis',(0.,0.,1.));
#11006=DIRECTION('ref_axis',(1.,0.,0.));
#11007=DIRECTION('',(0.,0.,1.));
#11008=DIRECTION('center_axis',(0.,-1.,0.));
#11009=DIRECTION('ref_axis',(1.,0.,0.));
#11010=DIRECTION('',(0.,0.,1.));
#11011=DIRECTION('center_axis',(0.,0.,1.));
#11012=DIRECTION('ref_axis',(0.,1.,0.));
#11013=DIRECTION('center_axis',(0.,0.,1.));
#11014=DIRECTION('ref_axis',(-2.22044604925032E-15,1.,0.));
#11015=DIRECTION('',(0.,0.,1.));
#11016=DIRECTION('',(0.,0.,1.));
#11017=DIRECTION('center_axis',(1.,-3.41607084500048E-16,0.));
#11018=DIRECTION('ref_axis',(3.41607084500048E-16,1.,0.));
#11019=DIRECTION('',(0.,0.,1.));
#11020=DIRECTION('center_axis',(0.,0.,1.));
#11021=DIRECTION('ref_axis',(-1.,0.,0.));
#11022=DIRECTION('',(0.,0.,1.));
#11023=DIRECTION('center_axis',(0.,1.,0.));
#11024=DIRECTION('ref_axis',(-1.,0.,0.));
#11025=DIRECTION('',(0.,0.,1.));
#11026=DIRECTION('center_axis',(0.,0.,1.));
#11027=DIRECTION('ref_axis',(0.,-1.,0.));
#11028=DIRECTION('',(0.,0.,1.));
#11029=DIRECTION('center_axis',(-1.,1.70803542250024E-16,0.));
#11030=DIRECTION('ref_axis',(-1.70803542250024E-16,-1.,0.));
#11031=DIRECTION('',(0.,0.,1.));
#11032=DIRECTION('center_axis',(0.,0.,1.));
#11033=DIRECTION('ref_axis',(1.,-1.77635683940025E-14,0.));
#11034=DIRECTION('',(0.,0.,1.));
#11035=DIRECTION('center_axis',(3.41607084500048E-16,-1.,0.));
#11036=DIRECTION('ref_axis',(1.,3.41607084500048E-16,0.));
#11037=DIRECTION('center_axis',(0.,0.,1.));
#11038=DIRECTION('ref_axis',(0.,1.,0.));
#11039=DIRECTION('',(0.,0.,1.));
#11040=DIRECTION('',(0.,0.,1.));
#11041=DIRECTION('center_axis',(1.,-3.41607084500048E-16,0.));
#11042=DIRECTION('ref_axis',(3.41607084500048E-16,1.,0.));
#11043=DIRECTION('',(0.,0.,1.));
#11044=DIRECTION('center_axis',(0.,0.,1.));
#11045=DIRECTION('ref_axis',(-1.,0.,0.));
#11046=DIRECTION('',(0.,0.,1.));
#11047=DIRECTION('center_axis',(0.,1.,0.));
#11048=DIRECTION('ref_axis',(-1.,0.,0.));
#11049=DIRECTION('',(0.,0.,1.));
#11050=DIRECTION('center_axis',(0.,0.,1.));
#11051=DIRECTION('ref_axis',(0.,-1.,0.));
#11052=DIRECTION('',(0.,0.,1.));
#11053=DIRECTION('center_axis',(-1.,1.36642833800019E-15,0.));
#11054=DIRECTION('ref_axis',(-1.36642833800019E-15,-1.,0.));
#11055=DIRECTION('',(0.,0.,1.));
#11056=DIRECTION('center_axis',(0.,0.,1.));
#11057=DIRECTION('ref_axis',(1.,0.,0.));
#11058=DIRECTION('',(0.,0.,1.));
#11059=DIRECTION('center_axis',(3.41607084500048E-16,-1.,0.));
#11060=DIRECTION('ref_axis',(1.,3.41607084500048E-16,0.));
#11061=DIRECTION('center_axis',(0.,0.,1.));
#11062=DIRECTION('ref_axis',(0.,1.,0.));
#11063=DIRECTION('',(0.,0.,1.));
#11064=DIRECTION('',(0.,0.,1.));
#11065=DIRECTION('center_axis',(1.,0.,0.));
#11066=DIRECTION('ref_axis',(0.,1.,0.));
#11067=DIRECTION('',(0.,0.,1.));
#11068=DIRECTION('center_axis',(0.,0.,1.));
#11069=DIRECTION('ref_axis',(-1.,0.,0.));
#11070=DIRECTION('',(0.,0.,1.));
#11071=DIRECTION('center_axis',(1.70803542250024E-16,1.,0.));
#11072=DIRECTION('ref_axis',(-1.,1.70803542250024E-16,0.));
#11073=DIRECTION('',(0.,0.,1.));
#11074=DIRECTION('center_axis',(0.,0.,1.));
#11075=DIRECTION('ref_axis',(0.,-1.,0.));
#11076=DIRECTION('',(0.,0.,1.));
#11077=DIRECTION('center_axis',(-1.,-2.73285667600039E-15,0.));
#11078=DIRECTION('ref_axis',(2.73285667600039E-15,-1.,0.));
#11079=DIRECTION('',(0.,0.,1.));
#11080=DIRECTION('center_axis',(0.,0.,1.));
#11081=DIRECTION('ref_axis',(1.,0.,0.));
#11082=DIRECTION('',(0.,0.,1.));
#11083=DIRECTION('center_axis',(-4.2700885562506E-17,-1.,0.));
#11084=DIRECTION('ref_axis',(1.,-4.2700885562506E-17,0.));
#11085=DIRECTION('center_axis',(0.,0.,1.));
#11086=DIRECTION('ref_axis',(1.,0.,0.));
#11087=DIRECTION('',(0.,0.,1.));
#11088=DIRECTION('',(0.,0.,1.));
#11089=DIRECTION('center_axis',(-1.45183010912521E-15,-1.,0.));
#11090=DIRECTION('ref_axis',(1.,-1.45183010912521E-15,0.));
#11091=DIRECTION('',(0.,0.,1.));
#11092=DIRECTION('center_axis',(0.,0.,1.));
#11093=DIRECTION('ref_axis',(0.,1.,0.));
#11094=DIRECTION('',(0.,0.,1.));
#11095=DIRECTION('center_axis',(1.,0.,0.));
#11096=DIRECTION('ref_axis',(0.,1.,0.));
#11097=DIRECTION('',(0.,0.,1.));
#11098=DIRECTION('center_axis',(0.,0.,1.));
#11099=DIRECTION('ref_axis',(-1.,0.,0.));
#11100=DIRECTION('',(0.,0.,1.));
#11101=DIRECTION('center_axis',(-2.39124959150034E-15,1.,0.));
#11102=DIRECTION('ref_axis',(-1.,-2.39124959150034E-15,0.));
#11103=DIRECTION('',(0.,0.,1.));
#11104=DIRECTION('center_axis',(0.,0.,1.));
#11105=DIRECTION('ref_axis',(0.,-1.,0.));
#11106=DIRECTION('',(0.,0.,1.));
#11107=DIRECTION('center_axis',(-1.,0.,0.));
#11108=DIRECTION('ref_axis',(0.,-1.,0.));
#11109=DIRECTION('center_axis',(0.,0.,1.));
#11110=DIRECTION('ref_axis',(0.,1.,0.));
#11111=DIRECTION('',(0.,0.,1.));
#11112=DIRECTION('',(0.,0.,1.));
#11113=DIRECTION('center_axis',(1.,-1.36642833800019E-15,0.));
#11114=DIRECTION('ref_axis',(1.36642833800019E-15,1.,0.));
#11115=DIRECTION('',(0.,0.,1.));
#11116=DIRECTION('center_axis',(0.,0.,1.));
#11117=DIRECTION('ref_axis',(-1.,0.,0.));
#11118=DIRECTION('',(0.,0.,1.));
#11119=DIRECTION('center_axis',(6.83214169000098E-16,1.,0.));
#11120=DIRECTION('ref_axis',(-1.,6.83214169000098E-16,0.));
#11121=DIRECTION('',(0.,0.,1.));
#11122=DIRECTION('center_axis',(0.,0.,1.));
#11123=DIRECTION('ref_axis',(0.,-1.,0.));
#11124=DIRECTION('',(0.,0.,1.));
#11125=DIRECTION('center_axis',(-1.,0.,0.));
#11126=DIRECTION('ref_axis',(0.,-1.,0.));
#11127=DIRECTION('',(0.,0.,1.));
#11128=DIRECTION('center_axis',(0.,0.,1.));
#11129=DIRECTION('ref_axis',(1.,0.,0.));
#11130=DIRECTION('',(0.,0.,1.));
#11131=DIRECTION('center_axis',(7.25915054562604E-16,-1.,0.));
#11132=DIRECTION('ref_axis',(1.,7.25915054562604E-16,0.));
#11133=DIRECTION('center_axis',(0.,0.,1.));
#11134=DIRECTION('ref_axis',(0.,1.,0.));
#11135=DIRECTION('',(0.,0.,1.));
#11136=DIRECTION('',(0.,0.,1.));
#11137=DIRECTION('center_axis',(1.,-2.73285667600039E-15,0.));
#11138=DIRECTION('ref_axis',(2.73285667600039E-15,1.,0.));
#11139=DIRECTION('',(0.,0.,1.));
#11140=DIRECTION('center_axis',(0.,0.,1.));
#11141=DIRECTION('ref_axis',(-1.,0.,0.));
#11142=DIRECTION('',(0.,0.,1.));
#11143=DIRECTION('center_axis',(-2.22044604925031E-15,1.,0.));
#11144=DIRECTION('ref_axis',(-1.,-2.22044604925031E-15,0.));
#11145=DIRECTION('',(0.,0.,1.));
#11146=DIRECTION('center_axis',(0.,0.,1.));
#11147=DIRECTION('ref_axis',(0.,-1.,0.));
#11148=DIRECTION('',(0.,0.,1.));
#11149=DIRECTION('center_axis',(-1.,0.,0.));
#11150=DIRECTION('ref_axis',(0.,-1.,0.));
#11151=DIRECTION('',(0.,0.,1.));
#11152=DIRECTION('center_axis',(0.,0.,1.));
#11153=DIRECTION('ref_axis',(1.,0.,0.));
#11154=DIRECTION('',(0.,0.,1.));
#11155=DIRECTION('center_axis',(4.2700885562506E-16,-1.,0.));
#11156=DIRECTION('ref_axis',(1.,4.2700885562506E-16,0.));
#11157=DIRECTION('center_axis',(0.,0.,1.));
#11158=DIRECTION('ref_axis',(0.,1.,0.));
#11159=DIRECTION('',(0.,0.,1.));
#11160=DIRECTION('',(0.,0.,1.));
#11161=DIRECTION('center_axis',(1.,0.,0.));
#11162=DIRECTION('ref_axis',(0.,1.,0.));
#11163=DIRECTION('',(0.,0.,1.));
#11164=DIRECTION('center_axis',(0.,0.,1.));
#11165=DIRECTION('ref_axis',(-1.,0.,0.));
#11166=DIRECTION('',(0.,0.,1.));
#11167=DIRECTION('center_axis',(3.41607084500048E-16,1.,0.));
#11168=DIRECTION('ref_axis',(-1.,3.41607084500048E-16,0.));
#11169=DIRECTION('',(0.,0.,1.));
#11170=DIRECTION('center_axis',(0.,0.,1.));
#11171=DIRECTION('ref_axis',(0.,-1.,0.));
#11172=DIRECTION('',(0.,0.,1.));
#11173=DIRECTION('center_axis',(-1.,0.,0.));
#11174=DIRECTION('ref_axis',(0.,-1.,0.));
#11175=DIRECTION('',(0.,0.,1.));
#11176=DIRECTION('center_axis',(0.,0.,1.));
#11177=DIRECTION('ref_axis',(1.,0.,0.));
#11178=DIRECTION('',(0.,0.,1.));
#11179=DIRECTION('center_axis',(-1.4518301091252E-15,-1.,0.));
#11180=DIRECTION('ref_axis',(1.,-1.4518301091252E-15,0.));
#11181=DIRECTION('center_axis',(1.,0.,0.));
#11182=DIRECTION('ref_axis',(0.,1.,0.));
#11183=DIRECTION('',(0.,0.,1.));
#11184=DIRECTION('',(0.,0.,1.));
#11185=DIRECTION('center_axis',(0.,0.,1.));
#11186=DIRECTION('ref_axis',(-1.,0.,0.));
#11187=DIRECTION('',(0.,0.,1.));
#11188=DIRECTION('center_axis',(3.41607084500048E-16,1.,0.));
#11189=DIRECTION('ref_axis',(-1.,3.41607084500048E-16,0.));
#11190=DIRECTION('',(0.,0.,1.));
#11191=DIRECTION('center_axis',(0.,0.,1.));
#11192=DIRECTION('ref_axis',(0.,-1.,0.));
#11193=DIRECTION('',(0.,0.,1.));
#11194=DIRECTION('center_axis',(-1.,0.,0.));
#11195=DIRECTION('ref_axis',(0.,-1.,0.));
#11196=DIRECTION('',(0.,0.,1.));
#11197=DIRECTION('center_axis',(0.,0.,1.));
#11198=DIRECTION('ref_axis',(1.,0.,0.));
#11199=DIRECTION('',(0.,0.,1.));
#11200=DIRECTION('center_axis',(2.1350442781253E-16,-1.,0.));
#11201=DIRECTION('ref_axis',(1.,2.1350442781253E-16,0.));
#11202=DIRECTION('',(0.,0.,1.));
#11203=DIRECTION('center_axis',(0.,0.,1.));
#11204=DIRECTION('ref_axis',(0.,1.,0.));
#11205=DIRECTION('center_axis',(0.,0.,1.));
#11206=DIRECTION('ref_axis',(0.,1.,0.));
#11207=DIRECTION('',(0.,0.,1.));
#11208=DIRECTION('',(0.,0.,1.));
#11209=DIRECTION('center_axis',(1.,-2.73285667600039E-15,0.));
#11210=DIRECTION('ref_axis',(2.73285667600039E-15,1.,0.));
#11211=DIRECTION('',(0.,0.,1.));
#11212=DIRECTION('center_axis',(0.,0.,1.));
#11213=DIRECTION('ref_axis',(-1.,0.,0.));
#11214=DIRECTION('',(0.,0.,1.));
#11215=DIRECTION('center_axis',(-2.04964250700029E-15,1.,0.));
#11216=DIRECTION('ref_axis',(-1.,-2.04964250700029E-15,0.));
#11217=DIRECTION('',(0.,0.,1.));
#11218=DIRECTION('center_axis',(0.,0.,1.));
#11219=DIRECTION('ref_axis',(0.,-1.,0.));
#11220=DIRECTION('',(0.,0.,1.));
#11221=DIRECTION('center_axis',(-1.,-2.73285667600039E-15,0.));
#11222=DIRECTION('ref_axis',(2.73285667600039E-15,-1.,0.));
#11223=DIRECTION('',(0.,0.,1.));
#11224=DIRECTION('center_axis',(0.,0.,1.));
#11225=DIRECTION('ref_axis',(1.,0.,0.));
#11226=DIRECTION('',(0.,0.,1.));
#11227=DIRECTION('center_axis',(1.66533453693774E-15,-1.,0.));
#11228=DIRECTION('ref_axis',(1.,1.66533453693774E-15,0.));
#11229=DIRECTION('center_axis',(1.,0.,0.));
#11230=DIRECTION('ref_axis',(0.,1.,0.));
#11231=DIRECTION('',(0.,0.,1.));
#11232=DIRECTION('',(0.,0.,1.));
#11233=DIRECTION('center_axis',(0.,0.,1.));
#11234=DIRECTION('ref_axis',(-1.,0.,0.));
#11235=DIRECTION('',(0.,0.,1.));
#11236=DIRECTION('center_axis',(8.54017711250119E-16,1.,0.));
#11237=DIRECTION('ref_axis',(-1.,8.54017711250119E-16,0.));
#11238=DIRECTION('',(0.,0.,1.));
#11239=DIRECTION('center_axis',(0.,0.,1.));
#11240=DIRECTION('ref_axis',(1.77635683940025E-14,-1.,0.));
#11241=DIRECTION('',(0.,0.,1.));
#11242=DIRECTION('center_axis',(-1.,0.,0.));
#11243=DIRECTION('ref_axis',(0.,-1.,0.));
#11244=DIRECTION('',(0.,0.,1.));
#11245=DIRECTION('center_axis',(0.,0.,1.));
#11246=DIRECTION('ref_axis',(1.,0.,0.));
#11247=DIRECTION('',(0.,0.,1.));
#11248=DIRECTION('center_axis',(-2.98906198937542E-16,-1.,0.));
#11249=DIRECTION('ref_axis',(1.,-2.98906198937542E-16,0.));
#11250=DIRECTION('',(0.,0.,1.));
#11251=DIRECTION('center_axis',(0.,0.,1.));
#11252=DIRECTION('ref_axis',(0.,1.,0.));
#11253=DIRECTION('center_axis',(1.,0.,0.));
#11254=DIRECTION('ref_axis',(0.,1.,0.));
#11255=DIRECTION('',(0.,0.,1.));
#11256=DIRECTION('',(0.,0.,1.));
#11257=DIRECTION('center_axis',(0.,0.,1.));
#11258=DIRECTION('ref_axis',(-1.,0.,0.));
#11259=DIRECTION('',(0.,0.,1.));
#11260=DIRECTION('center_axis',(1.3664283380002E-15,1.,0.));
#11261=DIRECTION('ref_axis',(-1.,1.3664283380002E-15,0.));
#11262=DIRECTION('',(0.,0.,1.));
#11263=DIRECTION('center_axis',(0.,0.,1.));
#11264=DIRECTION('ref_axis',(0.,-1.,0.));
#11265=DIRECTION('',(0.,0.,1.));
#11266=DIRECTION('center_axis',(-1.,0.,0.));
#11267=DIRECTION('ref_axis',(0.,-1.,0.));
#11268=DIRECTION('',(0.,0.,1.));
#11269=DIRECTION('center_axis',(0.,0.,1.));
#11270=DIRECTION('ref_axis',(1.,0.,0.));
#11271=DIRECTION('',(0.,0.,1.));
#11272=DIRECTION('center_axis',(5.97812397875087E-16,-1.,0.));
#11273=DIRECTION('ref_axis',(1.,5.97812397875087E-16,0.));
#11274=DIRECTION('',(0.,0.,1.));
#11275=DIRECTION('center_axis',(0.,0.,1.));
#11276=DIRECTION('ref_axis',(0.,1.,0.));
#11277=DIRECTION('center_axis',(0.,0.,1.));
#11278=DIRECTION('ref_axis',(1.,0.,0.));
#11279=DIRECTION('',(0.,0.,1.));
#11280=DIRECTION('',(0.,0.,1.));
#11281=DIRECTION('center_axis',(0.,-1.,0.));
#11282=DIRECTION('ref_axis',(1.,0.,0.));
#11283=DIRECTION('',(0.,0.,1.));
#11284=DIRECTION('center_axis',(0.,0.,1.));
#11285=DIRECTION('ref_axis',(0.,1.,0.));
#11286=DIRECTION('',(0.,0.,1.));
#11287=DIRECTION('center_axis',(1.,-4.2700885562506E-17,0.));
#11288=DIRECTION('ref_axis',(4.2700885562506E-17,1.,0.));
#11289=DIRECTION('',(0.,0.,1.));
#11290=DIRECTION('center_axis',(0.,0.,1.));
#11291=DIRECTION('ref_axis',(-1.,0.,0.));
#11292=DIRECTION('',(0.,0.,1.));
#11293=DIRECTION('center_axis',(0.,1.,0.));
#11294=DIRECTION('ref_axis',(-1.,0.,0.));
#11295=DIRECTION('',(0.,0.,1.));
#11296=DIRECTION('center_axis',(0.,0.,1.));
#11297=DIRECTION('ref_axis',(0.,-1.,0.));
#11298=DIRECTION('',(0.,0.,1.));
#11299=DIRECTION('center_axis',(-1.,0.,0.));
#11300=DIRECTION('ref_axis',(0.,-1.,0.));
#11301=DIRECTION('center_axis',(0.,0.,1.));
#11302=DIRECTION('ref_axis',(0.,1.,0.));
#11303=DIRECTION('',(0.,0.,1.));
#11304=DIRECTION('',(0.,0.,1.));
#11305=DIRECTION('center_axis',(1.,0.,0.));
#11306=DIRECTION('ref_axis',(0.,1.,0.));
#11307=DIRECTION('',(0.,0.,1.));
#11308=DIRECTION('center_axis',(0.,0.,1.));
#11309=DIRECTION('ref_axis',(-1.,0.,0.));
#11310=DIRECTION('',(0.,0.,1.));
#11311=DIRECTION('center_axis',(3.41607084500048E-16,1.,0.));
#11312=DIRECTION('ref_axis',(-1.,3.41607084500048E-16,0.));
#11313=DIRECTION('',(0.,0.,1.));
#11314=DIRECTION('center_axis',(0.,0.,1.));
#11315=DIRECTION('ref_axis',(0.,-1.,0.));
#11316=DIRECTION('',(0.,0.,1.));
#11317=DIRECTION('center_axis',(-1.,0.,0.));
#11318=DIRECTION('ref_axis',(0.,-1.,0.));
#11319=DIRECTION('',(0.,0.,1.));
#11320=DIRECTION('center_axis',(0.,0.,1.));
#11321=DIRECTION('ref_axis',(1.,0.,0.));
#11322=DIRECTION('',(0.,0.,1.));
#11323=DIRECTION('center_axis',(-8.5401771125012E-17,-1.,0.));
#11324=DIRECTION('ref_axis',(1.,-8.5401771125012E-17,0.));
#11325=DIRECTION('center_axis',(0.,0.,1.));
#11326=DIRECTION('ref_axis',(1.,0.,0.));
#11327=DIRECTION('',(0.,0.,1.));
#11328=DIRECTION('',(0.,0.,1.));
#11329=DIRECTION('center_axis',(-1.70803542250024E-16,-1.,0.));
#11330=DIRECTION('ref_axis',(1.,-1.70803542250024E-16,0.));
#11331=DIRECTION('',(0.,0.,1.));
#11332=DIRECTION('center_axis',(0.,0.,1.));
#11333=DIRECTION('ref_axis',(0.,1.,0.));
#11334=DIRECTION('',(0.,0.,1.));
#11335=DIRECTION('center_axis',(1.,0.,0.));
#11336=DIRECTION('ref_axis',(0.,1.,0.));
#11337=DIRECTION('',(0.,0.,1.));
#11338=DIRECTION('center_axis',(0.,0.,1.));
#11339=DIRECTION('ref_axis',(-1.,0.,0.));
#11340=DIRECTION('',(0.,0.,1.));
#11341=DIRECTION('center_axis',(-2.04964250700029E-15,1.,0.));
#11342=DIRECTION('ref_axis',(-1.,-2.04964250700029E-15,0.));
#11343=DIRECTION('',(0.,0.,1.));
#11344=DIRECTION('center_axis',(0.,0.,1.));
#11345=DIRECTION('ref_axis',(0.,-1.,0.));
#11346=DIRECTION('',(0.,0.,1.));
#11347=DIRECTION('center_axis',(-1.,0.,0.));
#11348=DIRECTION('ref_axis',(0.,-1.,0.));
#11349=DIRECTION('center_axis',(0.,0.,1.));
#11350=DIRECTION('ref_axis',(0.,1.,0.));
#11351=DIRECTION('',(0.,0.,1.));
#11352=DIRECTION('',(0.,0.,1.));
#11353=DIRECTION('center_axis',(1.,-5.46571335200076E-15,0.));
#11354=DIRECTION('ref_axis',(5.46571335200076E-15,1.,0.));
#11355=DIRECTION('',(0.,0.,1.));
#11356=DIRECTION('center_axis',(0.,0.,1.));
#11357=DIRECTION('ref_axis',(-1.,-1.77635683940023E-14,0.));
#11358=DIRECTION('',(0.,0.,1.));
#11359=DIRECTION('center_axis',(-1.36642833800019E-15,1.,0.));
#11360=DIRECTION('ref_axis',(-1.,-1.36642833800019E-15,0.));
#11361=DIRECTION('',(0.,0.,1.));
#11362=DIRECTION('center_axis',(0.,0.,1.));
#11363=DIRECTION('ref_axis',(0.,-1.,0.));
#11364=DIRECTION('',(0.,0.,1.));
#11365=DIRECTION('center_axis',(-1.,0.,0.));
#11366=DIRECTION('ref_axis',(0.,-1.,0.));
#11367=DIRECTION('',(0.,0.,1.));
#11368=DIRECTION('center_axis',(0.,0.,1.));
#11369=DIRECTION('ref_axis',(1.,0.,0.));
#11370=DIRECTION('',(0.,0.,1.));
#11371=DIRECTION('center_axis',(4.09928501400054E-15,-1.,0.));
#11372=DIRECTION('ref_axis',(1.,4.09928501400054E-15,0.));
#11373=DIRECTION('center_axis',(0.,0.,1.));
#11374=DIRECTION('ref_axis',(0.,1.,0.));
#11375=DIRECTION('',(0.,0.,1.));
#11376=DIRECTION('',(0.,0.,1.));
#11377=DIRECTION('center_axis',(1.,0.,0.));
#11378=DIRECTION('ref_axis',(0.,1.,0.));
#11379=DIRECTION('',(0.,0.,1.));
#11380=DIRECTION('center_axis',(0.,0.,1.));
#11381=DIRECTION('ref_axis',(-1.,-1.77635683940023E-14,0.));
#11382=DIRECTION('',(0.,0.,1.));
#11383=DIRECTION('center_axis',(-1.36642833800019E-15,1.,0.));
#11384=DIRECTION('ref_axis',(-1.,-1.36642833800019E-15,0.));
#11385=DIRECTION('',(0.,0.,1.));
#11386=DIRECTION('center_axis',(0.,0.,1.));
#11387=DIRECTION('ref_axis',(0.,-1.,0.));
#11388=DIRECTION('',(0.,0.,1.));
#11389=DIRECTION('center_axis',(-1.,0.,0.));
#11390=DIRECTION('ref_axis',(0.,-1.,0.));
#11391=DIRECTION('',(0.,0.,1.));
#11392=DIRECTION('center_axis',(0.,0.,1.));
#11393=DIRECTION('ref_axis',(1.,0.,0.));
#11394=DIRECTION('',(0.,0.,1.));
#11395=DIRECTION('center_axis',(-2.73285667600038E-15,-1.,0.));
#11396=DIRECTION('ref_axis',(1.,-2.73285667600038E-15,0.));
#11397=DIRECTION('center_axis',(0.,0.,1.));
#11398=DIRECTION('ref_axis',(0.,1.,0.));
#11399=DIRECTION('',(0.,0.,1.));
#11400=DIRECTION('',(0.,0.,1.));
#11401=DIRECTION('center_axis',(1.,0.,0.));
#11402=DIRECTION('ref_axis',(0.,1.,0.));
#11403=DIRECTION('',(0.,0.,1.));
#11404=DIRECTION('center_axis',(0.,0.,1.));
#11405=DIRECTION('ref_axis',(-1.,-1.77635683940023E-14,0.));
#11406=DIRECTION('',(0.,0.,1.));
#11407=DIRECTION('center_axis',(-2.04964250700028E-15,1.,0.));
#11408=DIRECTION('ref_axis',(-1.,-2.04964250700028E-15,0.));
#11409=DIRECTION('',(0.,0.,1.));
#11410=DIRECTION('center_axis',(0.,0.,1.));
#11411=DIRECTION('ref_axis',(0.,-1.,0.));
#11412=DIRECTION('',(0.,0.,1.));
#11413=DIRECTION('center_axis',(-1.,0.,0.));
#11414=DIRECTION('ref_axis',(0.,-1.,0.));
#11415=DIRECTION('',(0.,0.,1.));
#11416=DIRECTION('center_axis',(0.,0.,1.));
#11417=DIRECTION('ref_axis',(1.,0.,0.));
#11418=DIRECTION('',(0.,0.,1.));
#11419=DIRECTION('center_axis',(0.,-1.,0.));
#11420=DIRECTION('ref_axis',(1.,0.,0.));
#11421=DIRECTION('center_axis',(0.,0.,1.));
#11422=DIRECTION('ref_axis',(1.,0.,0.));
#11423=DIRECTION('',(0.,0.,1.));
#11424=DIRECTION('',(0.,0.,1.));
#11425=DIRECTION('center_axis',(0.,-1.,0.));
#11426=DIRECTION('ref_axis',(1.,0.,0.));
#11427=DIRECTION('',(0.,0.,1.));
#11428=DIRECTION('center_axis',(0.,0.,1.));
#11429=DIRECTION('ref_axis',(0.,1.,0.));
#11430=DIRECTION('',(0.,0.,1.));
#11431=DIRECTION('center_axis',(1.,0.,0.));
#11432=DIRECTION('ref_axis',(0.,1.,0.));
#11433=DIRECTION('',(0.,0.,1.));
#11434=DIRECTION('center_axis',(0.,0.,1.));
#11435=DIRECTION('ref_axis',(-1.,-1.77635683940026E-14,0.));
#11436=DIRECTION('',(0.,0.,1.));
#11437=DIRECTION('center_axis',(-6.83214169000097E-16,1.,0.));
#11438=DIRECTION('ref_axis',(-1.,-6.83214169000097E-16,0.));
#11439=DIRECTION('',(0.,0.,1.));
#11440=DIRECTION('center_axis',(0.,0.,1.));
#11441=DIRECTION('ref_axis',(0.,-1.,0.));
#11442=DIRECTION('',(0.,0.,1.));
#11443=DIRECTION('center_axis',(-1.,0.,0.));
#11444=DIRECTION('ref_axis',(0.,-1.,0.));
#11445=DIRECTION('center_axis',(0.,0.,1.));
#11446=DIRECTION('ref_axis',(7.10542735760103E-14,1.,0.));
#11447=DIRECTION('',(0.,0.,1.));
#11448=DIRECTION('',(0.,0.,1.));
#11449=DIRECTION('center_axis',(1.,0.,0.));
#11450=DIRECTION('ref_axis',(0.,1.,0.));
#11451=DIRECTION('',(0.,0.,1.));
#11452=DIRECTION('center_axis',(0.,0.,1.));
#11453=DIRECTION('ref_axis',(-1.,-1.77635683940023E-14,0.));
#11454=DIRECTION('',(0.,0.,1.));
#11455=DIRECTION('center_axis',(-2.73285667600038E-15,1.,0.));
#11456=DIRECTION('ref_axis',(-1.,-2.73285667600038E-15,0.));
#11457=DIRECTION('',(0.,0.,1.));
#11458=DIRECTION('center_axis',(0.,0.,1.));
#11459=DIRECTION('ref_axis',(0.,-1.,0.));
#11460=DIRECTION('',(0.,0.,1.));
#11461=DIRECTION('center_axis',(-1.,-2.73285667600038E-15,0.));
#11462=DIRECTION('ref_axis',(2.73285667600038E-15,-1.,0.));
#11463=DIRECTION('',(0.,0.,1.));
#11464=DIRECTION('center_axis',(0.,0.,1.));
#11465=DIRECTION('ref_axis',(1.,0.,0.));
#11466=DIRECTION('',(0.,0.,1.));
#11467=DIRECTION('center_axis',(-2.04964250700029E-15,-1.,0.));
#11468=DIRECTION('ref_axis',(1.,-2.04964250700029E-15,0.));
#11469=DIRECTION('center_axis',(0.,0.,1.));
#11470=DIRECTION('ref_axis',(0.,1.,0.));
#11471=DIRECTION('',(0.,0.,1.));
#11472=DIRECTION('',(0.,0.,1.));
#11473=DIRECTION('center_axis',(1.,0.,0.));
#11474=DIRECTION('ref_axis',(0.,1.,0.));
#11475=DIRECTION('',(0.,0.,1.));
#11476=DIRECTION('center_axis',(0.,0.,1.));
#11477=DIRECTION('ref_axis',(-1.,-1.77635683940023E-14,0.));
#11478=DIRECTION('',(0.,0.,1.));
#11479=DIRECTION('center_axis',(-1.36642833800019E-15,1.,0.));
#11480=DIRECTION('ref_axis',(-1.,-1.36642833800019E-15,0.));
#11481=DIRECTION('',(0.,0.,1.));
#11482=DIRECTION('center_axis',(0.,0.,1.));
#11483=DIRECTION('ref_axis',(0.,-1.,0.));
#11484=DIRECTION('',(0.,0.,1.));
#11485=DIRECTION('center_axis',(-1.,0.,0.));
#11486=DIRECTION('ref_axis',(0.,-1.,0.));
#11487=DIRECTION('',(0.,0.,1.));
#11488=DIRECTION('center_axis',(0.,0.,1.));
#11489=DIRECTION('ref_axis',(1.,0.,0.));
#11490=DIRECTION('',(0.,0.,1.));
#11491=DIRECTION('center_axis',(6.83214169000097E-16,-1.,0.));
#11492=DIRECTION('ref_axis',(1.,6.83214169000097E-16,0.));
#11493=DIRECTION('center_axis',(0.,0.,1.));
#11494=DIRECTION('ref_axis',(0.,1.,0.));
#11495=DIRECTION('',(0.,0.,1.));
#11496=DIRECTION('',(0.,0.,1.));
#11497=DIRECTION('center_axis',(1.,0.,0.));
#11498=DIRECTION('ref_axis',(0.,1.,0.));
#11499=DIRECTION('',(0.,0.,1.));
#11500=DIRECTION('center_axis',(0.,0.,1.));
#11501=DIRECTION('ref_axis',(-1.,-1.77635683940023E-14,0.));
#11502=DIRECTION('',(0.,0.,1.));
#11503=DIRECTION('center_axis',(-1.36642833800019E-15,1.,0.));
#11504=DIRECTION('ref_axis',(-1.,-1.36642833800019E-15,0.));
#11505=DIRECTION('',(0.,0.,1.));
#11506=DIRECTION('center_axis',(0.,0.,1.));
#11507=DIRECTION('ref_axis',(3.55271367880051E-14,-1.,0.));
#11508=DIRECTION('',(0.,0.,1.));
#11509=DIRECTION('center_axis',(-1.,0.,0.));
#11510=DIRECTION('ref_axis',(0.,-1.,0.));
#11511=DIRECTION('',(0.,0.,1.));
#11512=DIRECTION('center_axis',(0.,0.,1.));
#11513=DIRECTION('ref_axis',(1.,0.,0.));
#11514=DIRECTION('',(0.,0.,1.));
#11515=DIRECTION('center_axis',(6.83214169000094E-16,-1.,0.));
#11516=DIRECTION('ref_axis',(1.,6.83214169000094E-16,0.));
#11517=DIRECTION('center_axis',(0.,0.,1.));
#11518=DIRECTION('ref_axis',(1.,-7.10542735760141E-14,0.));
#11519=DIRECTION('',(0.,0.,1.));
#11520=DIRECTION('',(0.,0.,1.));
#11521=DIRECTION('center_axis',(1.36642833800019E-15,-1.,0.));
#11522=DIRECTION('ref_axis',(1.,1.36642833800019E-15,0.));
#11523=DIRECTION('',(0.,0.,1.));
#11524=DIRECTION('center_axis',(0.,0.,1.));
#11525=DIRECTION('ref_axis',(0.,1.,0.));
#11526=DIRECTION('',(0.,0.,1.));
#11527=DIRECTION('center_axis',(1.,0.,0.));
#11528=DIRECTION('ref_axis',(0.,1.,0.));
#11529=DIRECTION('',(0.,0.,1.));
#11530=DIRECTION('center_axis',(0.,0.,1.));
#11531=DIRECTION('ref_axis',(-1.,3.5527136788007E-14,0.));
#11532=DIRECTION('',(0.,0.,1.));
#11533=DIRECTION('center_axis',(-6.83214169000096E-16,1.,0.));
#11534=DIRECTION('ref_axis',(-1.,-6.83214169000096E-16,0.));
#11535=DIRECTION('',(0.,0.,1.));
#11536=DIRECTION('center_axis',(0.,0.,1.));
#11537=DIRECTION('ref_axis',(-7.10542735760134E-14,-1.,0.));
#11538=DIRECTION('',(0.,0.,1.));
#11539=DIRECTION('center_axis',(-1.,0.,0.));
#11540=DIRECTION('ref_axis',(0.,-1.,0.));
#11541=DIRECTION('center_axis',(0.,0.,1.));
#11542=DIRECTION('ref_axis',(0.,1.,0.));
#11543=DIRECTION('',(0.,0.,1.));
#11544=DIRECTION('',(0.,0.,1.));
#11545=DIRECTION('center_axis',(1.,0.,0.));
#11546=DIRECTION('ref_axis',(0.,1.,0.));
#11547=DIRECTION('',(0.,0.,1.));
#11548=DIRECTION('center_axis',(0.,0.,1.));
#11549=DIRECTION('ref_axis',(-1.,-1.77635683940023E-14,0.));
#11550=DIRECTION('',(0.,0.,1.));
#11551=DIRECTION('center_axis',(-1.36642833800019E-15,1.,0.));
#11552=DIRECTION('ref_axis',(-1.,-1.36642833800019E-15,0.));
#11553=DIRECTION('',(0.,0.,1.));
#11554=DIRECTION('center_axis',(0.,0.,1.));
#11555=DIRECTION('ref_axis',(0.,-1.,0.));
#11556=DIRECTION('',(0.,0.,1.));
#11557=DIRECTION('center_axis',(-1.,0.,0.));
#11558=DIRECTION('ref_axis',(0.,-1.,0.));
#11559=DIRECTION('',(0.,0.,1.));
#11560=DIRECTION('center_axis',(0.,0.,1.));
#11561=DIRECTION('ref_axis',(1.,0.,0.));
#11562=DIRECTION('',(0.,0.,1.));
#11563=DIRECTION('center_axis',(1.36642833800019E-15,-1.,0.));
#11564=DIRECTION('ref_axis',(1.,1.36642833800019E-15,0.));
#11565=DIRECTION('center_axis',(0.,0.,1.));
#11566=DIRECTION('ref_axis',(-1.,-1.77635683940027E-14,0.));
#11567=DIRECTION('',(0.,0.,1.));
#11568=DIRECTION('',(0.,0.,1.));
#11569=DIRECTION('center_axis',(1.,-1.70803542250024E-16,0.));
#11570=DIRECTION('ref_axis',(1.70803542250024E-16,1.,0.));
#11571=DIRECTION('',(0.,0.,1.));
#11572=DIRECTION('center_axis',(0.,0.,1.));
#11573=DIRECTION('ref_axis',(-3.55271367880039E-14,-1.,0.));
#11574=DIRECTION('',(0.,0.,1.));
#11575=DIRECTION('center_axis',(0.,1.,0.));
#11576=DIRECTION('ref_axis',(-1.,0.,0.));
#11577=DIRECTION('',(0.,0.,1.));
#11578=DIRECTION('center_axis',(0.,0.,1.));
#11579=DIRECTION('ref_axis',(1.,-1.77635683940024E-14,0.));
#11580=DIRECTION('',(0.,0.,1.));
#11581=DIRECTION('center_axis',(-1.,0.,0.));
#11582=DIRECTION('ref_axis',(0.,-1.,0.));
#11583=DIRECTION('',(0.,0.,1.));
#11584=DIRECTION('center_axis',(0.,0.,1.));
#11585=DIRECTION('ref_axis',(4.44089209850048E-14,1.,0.));
#11586=DIRECTION('',(0.,0.,1.));
#11587=DIRECTION('center_axis',(0.,-1.,0.));
#11588=DIRECTION('ref_axis',(1.,0.,0.));
#11589=DIRECTION('center_axis',(0.,0.,1.));
#11590=DIRECTION('ref_axis',(0.,1.,0.));
#11591=DIRECTION('',(0.,0.,1.));
#11592=DIRECTION('',(0.,0.,1.));
#11593=DIRECTION('center_axis',(1.,0.,0.));
#11594=DIRECTION('ref_axis',(0.,1.,0.));
#11595=DIRECTION('',(0.,0.,1.));
#11596=DIRECTION('center_axis',(0.,0.,1.));
#11597=DIRECTION('ref_axis',(-1.,-1.77635683940026E-14,0.));
#11598=DIRECTION('',(0.,0.,1.));
#11599=DIRECTION('center_axis',(0.,1.,0.));
#11600=DIRECTION('ref_axis',(-1.,0.,0.));
#11601=DIRECTION('',(0.,0.,1.));
#11602=DIRECTION('center_axis',(0.,0.,1.));
#11603=DIRECTION('ref_axis',(0.,-1.,0.));
#11604=DIRECTION('',(0.,0.,1.));
#11605=DIRECTION('center_axis',(-1.,0.,0.));
#11606=DIRECTION('ref_axis',(0.,-1.,0.));
#11607=DIRECTION('',(0.,0.,1.));
#11608=DIRECTION('center_axis',(0.,0.,1.));
#11609=DIRECTION('ref_axis',(1.,0.,0.));
#11610=DIRECTION('',(0.,0.,1.));
#11611=DIRECTION('center_axis',(1.36642833800019E-15,-1.,0.));
#11612=DIRECTION('ref_axis',(1.,1.36642833800019E-15,0.));
#11613=DIRECTION('center_axis',(0.,0.,1.));
#11614=DIRECTION('ref_axis',(0.,-1.,0.));
#11615=DIRECTION('',(0.,0.,1.));
#11616=DIRECTION('',(0.,0.,1.));
#11617=DIRECTION('center_axis',(-1.,0.,0.));
#11618=DIRECTION('ref_axis',(0.,-1.,0.));
#11619=DIRECTION('',(0.,0.,1.));
#11620=DIRECTION('center_axis',(0.,0.,1.));
#11621=DIRECTION('ref_axis',(1.,0.,0.));
#11622=DIRECTION('',(0.,0.,1.));
#11623=DIRECTION('center_axis',(0.,-1.,0.));
#11624=DIRECTION('ref_axis',(1.,0.,0.));
#11625=DIRECTION('',(0.,0.,1.));
#11626=DIRECTION('center_axis',(0.,0.,1.));
#11627=DIRECTION('ref_axis',(0.,1.,0.));
#11628=DIRECTION('',(0.,0.,1.));
#11629=DIRECTION('center_axis',(1.,-1.36642833800019E-15,0.));
#11630=DIRECTION('ref_axis',(1.36642833800019E-15,1.,0.));
#11631=DIRECTION('',(0.,0.,1.));
#11632=DIRECTION('center_axis',(0.,0.,1.));
#11633=DIRECTION('ref_axis',(-1.,-1.77635683940026E-14,0.));
#11634=DIRECTION('',(0.,0.,1.));
#11635=DIRECTION('center_axis',(0.,1.,0.));
#11636=DIRECTION('ref_axis',(-1.,0.,0.));
#11637=DIRECTION('center_axis',(0.,0.,1.));
#11638=DIRECTION('ref_axis',(0.,1.,0.));
#11639=DIRECTION('',(0.,0.,1.));
#11640=DIRECTION('',(0.,0.,1.));
#11641=DIRECTION('center_axis',(1.,0.,0.));
#11642=DIRECTION('ref_axis',(0.,1.,0.));
#11643=DIRECTION('',(0.,0.,1.));
#11644=DIRECTION('center_axis',(0.,0.,1.));
#11645=DIRECTION('ref_axis',(-1.,-1.77635683940023E-14,0.));
#11646=DIRECTION('',(0.,0.,1.));
#11647=DIRECTION('center_axis',(-2.04964250700029E-15,1.,0.));
#11648=DIRECTION('ref_axis',(-1.,-2.04964250700029E-15,0.));
#11649=DIRECTION('',(0.,0.,1.));
#11650=DIRECTION('center_axis',(0.,0.,1.));
#11651=DIRECTION('ref_axis',(0.,-1.,0.));
#11652=DIRECTION('',(0.,0.,1.));
#11653=DIRECTION('center_axis',(-1.,0.,0.));
#11654=DIRECTION('ref_axis',(0.,-1.,0.));
#11655=DIRECTION('',(0.,0.,1.));
#11656=DIRECTION('center_axis',(0.,0.,1.));
#11657=DIRECTION('ref_axis',(1.,0.,0.));
#11658=DIRECTION('',(0.,0.,1.));
#11659=DIRECTION('center_axis',(2.04964250700029E-15,-1.,0.));
#11660=DIRECTION('ref_axis',(1.,2.04964250700029E-15,0.));
#11661=DIRECTION('center_axis',(0.,0.,1.));
#11662=DIRECTION('ref_axis',(0.,-1.,0.));
#11663=DIRECTION('',(0.,0.,1.));
#11664=DIRECTION('',(0.,0.,1.));
#11665=DIRECTION('center_axis',(-1.,0.,0.));
#11666=DIRECTION('ref_axis',(0.,-1.,0.));
#11667=DIRECTION('',(0.,0.,1.));
#11668=DIRECTION('center_axis',(0.,0.,1.));
#11669=DIRECTION('ref_axis',(1.,0.,0.));
#11670=DIRECTION('',(0.,0.,1.));
#11671=DIRECTION('center_axis',(1.36642833800019E-15,-1.,0.));
#11672=DIRECTION('ref_axis',(1.,1.36642833800019E-15,0.));
#11673=DIRECTION('',(0.,0.,1.));
#11674=DIRECTION('center_axis',(0.,0.,1.));
#11675=DIRECTION('ref_axis',(0.,1.,0.));
#11676=DIRECTION('',(0.,0.,1.));
#11677=DIRECTION('center_axis',(1.,0.,0.));
#11678=DIRECTION('ref_axis',(0.,1.,0.));
#11679=DIRECTION('',(0.,0.,1.));
#11680=DIRECTION('center_axis',(0.,0.,1.));
#11681=DIRECTION('ref_axis',(7.10542735760134E-14,-1.,0.));
#11682=DIRECTION('',(0.,0.,1.));
#11683=DIRECTION('center_axis',(0.,1.,0.));
#11684=DIRECTION('ref_axis',(-1.,0.,0.));
#11685=DIRECTION('center_axis',(0.,0.,1.));
#11686=DIRECTION('ref_axis',(1.,0.,0.));
#11687=DIRECTION('',(0.,0.,1.));
#11688=DIRECTION('',(0.,0.,1.));
#11689=DIRECTION('center_axis',(1.36642833800019E-15,-1.,0.));
#11690=DIRECTION('ref_axis',(1.,1.36642833800019E-15,0.));
#11691=DIRECTION('',(0.,0.,1.));
#11692=DIRECTION('center_axis',(0.,0.,1.));
#11693=DIRECTION('ref_axis',(-1.42108547152017E-13,1.,0.));
#11694=DIRECTION('',(0.,0.,1.));
#11695=DIRECTION('center_axis',(1.,0.,0.));
#11696=DIRECTION('ref_axis',(0.,1.,0.));
#11697=DIRECTION('',(0.,0.,1.));
#11698=DIRECTION('center_axis',(0.,0.,1.));
#11699=DIRECTION('ref_axis',(-1.,0.,0.));
#11700=DIRECTION('',(0.,0.,1.));
#11701=DIRECTION('center_axis',(6.83214169000096E-16,1.,0.));
#11702=DIRECTION('ref_axis',(-1.,6.83214169000096E-16,0.));
#11703=DIRECTION('',(0.,0.,1.));
#11704=DIRECTION('center_axis',(0.,0.,1.));
#11705=DIRECTION('ref_axis',(0.,-1.,0.));
#11706=DIRECTION('',(0.,0.,1.));
#11707=DIRECTION('center_axis',(-1.,0.,0.));
#11708=DIRECTION('ref_axis',(0.,-1.,0.));
#11709=DIRECTION('center_axis',(-1.,0.,0.));
#11710=DIRECTION('ref_axis',(0.,-1.,0.));
#11711=DIRECTION('',(0.,0.,1.));
#11712=DIRECTION('',(0.,0.,1.));
#11713=DIRECTION('center_axis',(0.,0.,1.));
#11714=DIRECTION('ref_axis',(-7.10542735760147E-14,1.,0.));
#11715=DIRECTION('',(0.,0.,1.));
#11716=DIRECTION('center_axis',(1.36642833800019E-15,-1.,0.));
#11717=DIRECTION('ref_axis',(1.,1.36642833800019E-15,0.));
#11718=DIRECTION('',(0.,0.,1.));
#11719=DIRECTION('center_axis',(0.,0.,1.));
#11720=DIRECTION('ref_axis',(-1.,1.77635683940023E-14,0.));
#11721=DIRECTION('',(0.,0.,1.));
#11722=DIRECTION('center_axis',(1.,0.,0.));
#11723=DIRECTION('ref_axis',(0.,1.,0.));
#11724=DIRECTION('',(0.,0.,1.));
#11725=DIRECTION('center_axis',(0.,0.,1.));
#11726=DIRECTION('ref_axis',(0.,-1.,0.));
#11727=DIRECTION('',(0.,0.,1.));
#11728=DIRECTION('center_axis',(0.,1.,0.));
#11729=DIRECTION('ref_axis',(-1.,0.,0.));
#11730=DIRECTION('',(0.,0.,1.));
#11731=DIRECTION('center_axis',(0.,0.,1.));
#11732=DIRECTION('ref_axis',(1.,3.5527136788007E-14,0.));
#11733=DIRECTION('center_axis',(-6.83214169000096E-16,1.,0.));
#11734=DIRECTION('ref_axis',(-1.,-6.83214169000096E-16,0.));
#11735=DIRECTION('',(0.,0.,1.));
#11736=DIRECTION('',(0.,0.,1.));
#11737=DIRECTION('center_axis',(0.,0.,1.));
#11738=DIRECTION('ref_axis',(0.,-1.,0.));
#11739=DIRECTION('',(0.,0.,1.));
#11740=DIRECTION('center_axis',(-1.,0.,0.));
#11741=DIRECTION('ref_axis',(0.,-1.,0.));
#11742=DIRECTION('',(0.,0.,1.));
#11743=DIRECTION('center_axis',(0.,0.,1.));
#11744=DIRECTION('ref_axis',(1.,7.1054273576004E-14,0.));
#11745=DIRECTION('',(0.,0.,1.));
#11746=DIRECTION('center_axis',(6.83214169000096E-16,-1.,0.));
#11747=DIRECTION('ref_axis',(1.,6.83214169000096E-16,0.));
#11748=DIRECTION('',(0.,0.,1.));
#11749=DIRECTION('center_axis',(0.,0.,1.));
#11750=DIRECTION('ref_axis',(3.55271367880055E-14,1.,0.));
#11751=DIRECTION('',(0.,0.,1.));
#11752=DIRECTION('center_axis',(1.,0.,0.));
#11753=DIRECTION('ref_axis',(0.,1.,0.));
#11754=DIRECTION('',(0.,0.,1.));
#11755=DIRECTION('center_axis',(0.,0.,1.));
#11756=DIRECTION('ref_axis',(-1.,-8.88178419700113E-15,0.));
#11757=DIRECTION('center_axis',(-1.,0.,0.));
#11758=DIRECTION('ref_axis',(0.,-1.,0.));
#11759=DIRECTION('',(0.,0.,1.));
#11760=DIRECTION('',(0.,0.,1.));
#11761=DIRECTION('center_axis',(0.,0.,1.));
#11762=DIRECTION('ref_axis',(3.55271367880058E-14,1.,0.));
#11763=DIRECTION('',(0.,0.,1.));
#11764=DIRECTION('center_axis',(1.36642833800019E-15,-1.,0.));
#11765=DIRECTION('ref_axis',(1.,1.36642833800019E-15,0.));
#11766=DIRECTION('',(0.,0.,1.));
#11767=DIRECTION('center_axis',(0.,0.,1.));
#11768=DIRECTION('ref_axis',(-1.,1.77635683940029E-14,0.));
#11769=DIRECTION('',(0.,0.,1.));
#11770=DIRECTION('center_axis',(1.,0.,0.));
#11771=DIRECTION('ref_axis',(0.,1.,0.));
#11772=DIRECTION('',(0.,0.,1.));
#11773=DIRECTION('center_axis',(0.,0.,1.));
#11774=DIRECTION('ref_axis',(0.,-1.,0.));
#11775=DIRECTION('',(0.,0.,1.));
#11776=DIRECTION('center_axis',(0.,1.,0.));
#11777=DIRECTION('ref_axis',(-1.,0.,0.));
#11778=DIRECTION('',(0.,0.,1.));
#11779=DIRECTION('center_axis',(0.,0.,1.));
#11780=DIRECTION('ref_axis',(1.,-5.3290705182003E-14,0.));
#11781=DIRECTION('center_axis',(6.83214169000097E-16,-1.,0.));
#11782=DIRECTION('ref_axis',(1.,6.83214169000097E-16,0.));
#11783=DIRECTION('',(0.,0.,1.));
#11784=DIRECTION('',(0.,0.,1.));
#11785=DIRECTION('center_axis',(0.,0.,1.));
#11786=DIRECTION('ref_axis',(3.55271367880055E-14,1.,0.));
#11787=DIRECTION('',(0.,0.,1.));
#11788=DIRECTION('center_axis',(1.,0.,0.));
#11789=DIRECTION('ref_axis',(0.,1.,0.));
#11790=DIRECTION('',(0.,0.,1.));
#11791=DIRECTION('center_axis',(0.,0.,1.));
#11792=DIRECTION('ref_axis',(-1.,-8.88178419700113E-15,0.));
#11793=DIRECTION('',(0.,0.,1.));
#11794=DIRECTION('center_axis',(-6.83214169000097E-16,1.,0.));
#11795=DIRECTION('ref_axis',(-1.,-6.83214169000097E-16,0.));
#11796=DIRECTION('',(0.,0.,1.));
#11797=DIRECTION('center_axis',(0.,0.,1.));
#11798=DIRECTION('ref_axis',(7.10542735760052E-14,-1.,0.));
#11799=DIRECTION('',(0.,0.,1.));
#11800=DIRECTION('center_axis',(-1.,0.,0.));
#11801=DIRECTION('ref_axis',(0.,-1.,0.));
#11802=DIRECTION('',(0.,0.,1.));
#11803=DIRECTION('center_axis',(0.,0.,1.));
#11804=DIRECTION('ref_axis',(1.,5.3290705182003E-14,0.));
#11805=DIRECTION('center_axis',(0.,0.,1.));
#11806=DIRECTION('ref_axis',(1.,0.,0.));
#11807=DIRECTION('',(0.,0.,1.));
#11808=DIRECTION('',(0.,0.,1.));
#11809=DIRECTION('center_axis',(3.41607084500048E-16,-1.,0.));
#11810=DIRECTION('ref_axis',(1.,3.41607084500048E-16,0.));
#11811=DIRECTION('',(0.,0.,1.));
#11812=DIRECTION('center_axis',(0.,0.,1.));
#11813=DIRECTION('ref_axis',(0.,1.,0.));
#11814=DIRECTION('',(0.,0.,1.));
#11815=DIRECTION('center_axis',(1.,-6.83214169000096E-16,0.));
#11816=DIRECTION('ref_axis',(6.83214169000096E-16,1.,0.));
#11817=DIRECTION('',(0.,0.,1.));
#11818=DIRECTION('center_axis',(0.,0.,1.));
#11819=DIRECTION('ref_axis',(-1.,0.,0.));
#11820=DIRECTION('',(0.,0.,1.));
#11821=DIRECTION('center_axis',(0.,1.,0.));
#11822=DIRECTION('ref_axis',(-1.,0.,0.));
#11823=DIRECTION('',(0.,0.,1.));
#11824=DIRECTION('center_axis',(0.,0.,1.));
#11825=DIRECTION('ref_axis',(0.,-1.,0.));
#11826=DIRECTION('',(0.,0.,1.));
#11827=DIRECTION('center_axis',(-1.,6.83214169000096E-16,0.));
#11828=DIRECTION('ref_axis',(-6.83214169000096E-16,-1.,0.));
#11829=DIRECTION('center_axis',(0.,0.,1.));
#11830=DIRECTION('ref_axis',(0.,1.,0.));
#11831=DIRECTION('',(0.,0.,1.));
#11832=DIRECTION('',(0.,0.,1.));
#11833=DIRECTION('center_axis',(1.,2.73285667600038E-15,0.));
#11834=DIRECTION('ref_axis',(-2.73285667600038E-15,1.,0.));
#11835=DIRECTION('',(0.,0.,1.));
#11836=DIRECTION('center_axis',(0.,0.,1.));
#11837=DIRECTION('ref_axis',(-1.,0.,0.));
#11838=DIRECTION('',(0.,0.,1.));
#11839=DIRECTION('center_axis',(0.,1.,0.));
#11840=DIRECTION('ref_axis',(-1.,0.,0.));
#11841=DIRECTION('',(0.,0.,1.));
#11842=DIRECTION('center_axis',(0.,0.,1.));
#11843=DIRECTION('ref_axis',(0.,-1.,0.));
#11844=DIRECTION('',(0.,0.,1.));
#11845=DIRECTION('center_axis',(-1.,0.,0.));
#11846=DIRECTION('ref_axis',(0.,-1.,0.));
#11847=DIRECTION('',(0.,0.,1.));
#11848=DIRECTION('center_axis',(0.,0.,1.));
#11849=DIRECTION('ref_axis',(1.,0.,0.));
#11850=DIRECTION('',(0.,0.,1.));
#11851=DIRECTION('center_axis',(1.36642833800019E-15,-1.,0.));
#11852=DIRECTION('ref_axis',(1.,1.36642833800019E-15,0.));
#11853=DIRECTION('center_axis',(0.,0.,1.));
#11854=DIRECTION('ref_axis',(-1.77635683940026E-14,1.,0.));
#11855=DIRECTION('',(0.,0.,1.));
#11856=DIRECTION('',(0.,0.,1.));
#11857=DIRECTION('center_axis',(1.,0.,0.));
#11858=DIRECTION('ref_axis',(0.,1.,0.));
#11859=DIRECTION('',(0.,0.,1.));
#11860=DIRECTION('center_axis',(0.,0.,1.));
#11861=DIRECTION('ref_axis',(-1.,0.,0.));
#11862=DIRECTION('',(0.,0.,1.));
#11863=DIRECTION('center_axis',(0.,1.,0.));
#11864=DIRECTION('ref_axis',(-1.,0.,0.));
#11865=DIRECTION('',(0.,0.,1.));
#11866=DIRECTION('center_axis',(0.,0.,1.));
#11867=DIRECTION('ref_axis',(0.,-1.,0.));
#11868=DIRECTION('',(0.,0.,1.));
#11869=DIRECTION('center_axis',(-1.,0.,0.));
#11870=DIRECTION('ref_axis',(0.,-1.,0.));
#11871=DIRECTION('',(0.,0.,1.));
#11872=DIRECTION('center_axis',(0.,0.,1.));
#11873=DIRECTION('ref_axis',(1.,0.,0.));
#11874=DIRECTION('',(0.,0.,1.));
#11875=DIRECTION('center_axis',(6.83214169000095E-16,-1.,0.));
#11876=DIRECTION('ref_axis',(1.,6.83214169000095E-16,0.));
#11877=CARTESIAN_POINT('',(0.,0.,0.));
#11878=CARTESIAN_POINT('Origin',(5.13310161513775,4.475,1.5));
#11879=CARTESIAN_POINT('',(2.82370053837925,0.475,0.));
#11880=CARTESIAN_POINT('',(5.13310161513775,4.475,0.));
#11881=CARTESIAN_POINT('',(10.4541747717149,13.6913690579825,0.));
#11882=CARTESIAN_POINT('',(2.82370053837925,0.475,1.5));
#11883=CARTESIAN_POINT('',(2.82370053837925,0.475,1.5));
#11884=CARTESIAN_POINT('',(5.13310161513775,4.475,1.5));
#11885=CARTESIAN_POINT('',(10.4541747717149,13.6913690579825,1.5));
#11886=CARTESIAN_POINT('',(5.13310161513775,4.475,1.5));
#11887=CARTESIAN_POINT('Origin',(13.2048983848623,4.47500000000001,1.5));
#11888=CARTESIAN_POINT('',(13.2048983848623,4.47500000000001,0.));
#11889=CARTESIAN_POINT('',(67.3243241924311,4.47500000000005,0.));
#11890=CARTESIAN_POINT('',(13.2048983848623,4.47500000000001,1.5));
#11891=CARTESIAN_POINT('',(67.3243241924311,4.47500000000005,1.5));
#11892=CARTESIAN_POINT('',(13.2048983848623,4.47500000000001,1.5));
#11893=CARTESIAN_POINT('Origin',(15.5142994616207,0.475000000000006,1.5));
#11894=CARTESIAN_POINT('',(15.5142994616207,0.475000000000006,0.));
#11895=CARTESIAN_POINT('',(37.1072132666643,-36.9250237937909,-1.38777878078145E-16));
#11896=CARTESIAN_POINT('',(15.5142994616207,0.475000000000006,1.5));
#11897=CARTESIAN_POINT('',(37.1072132666643,-36.9250237937909,1.5));
#11898=CARTESIAN_POINT('',(15.5142994616207,0.475000000000006,1.5));
#11899=CARTESIAN_POINT('Origin',(17.2463502691896,1.47499999999996,1.5));
#11900=CARTESIAN_POINT('',(17.2463502691896,-0.525,0.));
#11901=CARTESIAN_POINT('Origin',(17.2463502691896,1.47499999999996,0.));
#11902=CARTESIAN_POINT('',(17.2463502691896,-0.525,1.5));
#11903=CARTESIAN_POINT('Origin',(17.2463502691896,1.47499999999996,1.5));
#11904=CARTESIAN_POINT('',(17.2463502691896,-0.525,1.5));
#11905=CARTESIAN_POINT('Origin',(225.64114973081,-0.524999999999997,1.5));
#11906=CARTESIAN_POINT('',(225.64114973081,-0.524999999999997,0.));
#11907=CARTESIAN_POINT('',(173.542449865405,-0.524999999999998,0.));
#11908=CARTESIAN_POINT('',(225.64114973081,-0.524999999999997,1.5));
#11909=CARTESIAN_POINT('',(173.542449865405,-0.524999999999998,1.5));
#11910=CARTESIAN_POINT('',(225.64114973081,-0.524999999999997,1.5));
#11911=CARTESIAN_POINT('Origin',(225.64114973081,1.47499999999996,1.5));
#11912=CARTESIAN_POINT('',(227.373200538379,0.474999999999972,0.));
#11913=CARTESIAN_POINT('Origin',(225.64114973081,1.47499999999996,0.));
#11914=CARTESIAN_POINT('',(227.373200538379,0.474999999999972,1.5));
#11915=CARTESIAN_POINT('Origin',(225.64114973081,1.47499999999996,1.5));
#11916=CARTESIAN_POINT('',(227.373200538379,0.474999999999972,1.5));
#11917=CARTESIAN_POINT('Origin',(229.682601615138,4.47500000000001,1.5));
#11918=CARTESIAN_POINT('',(229.682601615138,4.47500000000001,0.));
#11919=CARTESIAN_POINT('',(206.934987271715,-34.9250237937909,0.));
#11920=CARTESIAN_POINT('',(229.682601615138,4.47500000000001,1.5));
#11921=CARTESIAN_POINT('',(206.934987271715,-34.9250237937909,1.5));
#11922=CARTESIAN_POINT('',(229.682601615138,4.47500000000001,1.5));
#11923=CARTESIAN_POINT('Origin',(237.754398384862,4.47500000000001,1.5));
#11924=CARTESIAN_POINT('',(237.754398384862,4.47500000000001,0.));
#11925=CARTESIAN_POINT('',(179.599074192431,4.47500000000001,0.));
#11926=CARTESIAN_POINT('',(237.754398384862,4.47500000000001,1.5));
#11927=CARTESIAN_POINT('',(179.599074192431,4.47500000000001,1.5));
#11928=CARTESIAN_POINT('',(237.754398384862,4.47500000000001,1.5));
#11929=CARTESIAN_POINT('Origin',(240.063799461621,0.475000000000004,1.5));
#11930=CARTESIAN_POINT('',(240.063799461621,0.475000000000004,0.));
#11931=CARTESIAN_POINT('',(233.588025766665,11.6913690579824,0.));
#11932=CARTESIAN_POINT('',(240.063799461621,0.475000000000004,1.5));
#11933=CARTESIAN_POINT('',(233.588025766665,11.6913690579824,1.5));
#11934=CARTESIAN_POINT('',(240.063799461621,0.475000000000004,1.5));
#11935=CARTESIAN_POINT('Origin',(241.79585026919,1.475,1.5));
#11936=CARTESIAN_POINT('',(241.79585026919,-0.524999999999993,0.));
#11937=CARTESIAN_POINT('Origin',(241.79585026919,1.475,0.));
#11938=CARTESIAN_POINT('',(241.79585026919,-0.524999999999993,1.5));
#11939=CARTESIAN_POINT('Origin',(241.79585026919,1.475,1.5));
#11940=CARTESIAN_POINT('',(241.79585026919,-0.524999999999993,1.5));
#11941=CARTESIAN_POINT('Origin',(241.8625,-0.525000000000015,1.5));
#11942=CARTESIAN_POINT('',(241.8625,-0.525000000000029,0.));
#11943=CARTESIAN_POINT('',(181.653125000006,-0.524999999980709,0.));
#11944=CARTESIAN_POINT('',(241.8625,-0.525000000000029,1.5));
#11945=CARTESIAN_POINT('',(181.653125000006,-0.524999999980709,1.5));
#11946=CARTESIAN_POINT('',(241.8625,-0.525000000000029,1.5));
#11947=CARTESIAN_POINT('Origin',(241.8625,-1.025,1.5));
#11948=CARTESIAN_POINT('',(242.3625,-1.025,0.));
#11949=CARTESIAN_POINT('Origin',(241.8625,-1.025,0.));
#11950=CARTESIAN_POINT('',(242.3625,-1.025,1.5));
#11951=CARTESIAN_POINT('Origin',(241.8625,-1.025,1.5));
#11952=CARTESIAN_POINT('',(242.3625,-1.025,1.5));
#11953=CARTESIAN_POINT('Origin',(242.3625,-75.175,1.5));
#11954=CARTESIAN_POINT('',(242.3625,-75.175,0.));
#11955=CARTESIAN_POINT('',(242.3625,-56.6375,0.));
#11956=CARTESIAN_POINT('',(242.3625,-75.175,1.5));
#11957=CARTESIAN_POINT('',(242.3625,-56.6375,1.5));
#11958=CARTESIAN_POINT('',(242.3625,-75.175,1.5));
#11959=CARTESIAN_POINT('Origin',(241.8625,-75.175,1.5));
#11960=CARTESIAN_POINT('',(241.8625,-75.675,0.));
#11961=CARTESIAN_POINT('Origin',(241.8625,-75.175,0.));
#11962=CARTESIAN_POINT('',(241.8625,-75.675,1.5));
#11963=CARTESIAN_POINT('Origin',(241.8625,-75.175,1.5));
#11964=CARTESIAN_POINT('',(241.8625,-75.675,1.5));
#11965=CARTESIAN_POINT('Origin',(241.795850269189,-75.675,1.5));
#11966=CARTESIAN_POINT('',(241.795850269189,-75.675,0.));
#11967=CARTESIAN_POINT('',(181.619800134602,-75.6750000000241,0.));
#11968=CARTESIAN_POINT('',(241.795850269189,-75.675,1.5));
#11969=CARTESIAN_POINT('',(181.619800134602,-75.6750000000241,1.5));
#11970=CARTESIAN_POINT('',(241.795850269189,-75.675,1.5));
#11971=CARTESIAN_POINT('Origin',(241.79585026919,-77.675,1.5));
#11972=CARTESIAN_POINT('',(240.063799461621,-76.675,0.));
#11973=CARTESIAN_POINT('Origin',(241.79585026919,-77.675,0.));
#11974=CARTESIAN_POINT('',(240.063799461621,-76.675,1.5));
#11975=CARTESIAN_POINT('Origin',(241.79585026919,-77.675,1.5));
#11976=CARTESIAN_POINT('',(240.063799461621,-76.675,1.5));
#11977=CARTESIAN_POINT('Origin',(237.754398384862,-80.675,1.5));
#11978=CARTESIAN_POINT('',(237.754398384862,-80.675,0.));
#11979=CARTESIAN_POINT('',(232.433325228286,-89.8913690579821,0.));
#11980=CARTESIAN_POINT('',(237.754398384862,-80.675,1.5));
#11981=CARTESIAN_POINT('',(232.433325228286,-89.8913690579821,1.5));
#11982=CARTESIAN_POINT('',(237.754398384862,-80.675,1.5));
#11983=CARTESIAN_POINT('Origin',(229.682601615138,-80.675,1.5));
#11984=CARTESIAN_POINT('',(229.682601615138,-80.675,0.));
#11985=CARTESIAN_POINT('',(175.563175807569,-80.675,0.));
#11986=CARTESIAN_POINT('',(229.682601615138,-80.675,1.5));
#11987=CARTESIAN_POINT('',(175.563175807569,-80.675,1.5));
#11988=CARTESIAN_POINT('',(229.682601615138,-80.675,1.5));
#11989=CARTESIAN_POINT('Origin',(227.373200538379,-76.675,1.5));
#11990=CARTESIAN_POINT('',(227.373200538379,-76.675,0.));
#11991=CARTESIAN_POINT('',(205.780286733335,-39.2749762062091,0.));
#11992=CARTESIAN_POINT('',(227.373200538379,-76.675,1.5));
#11993=CARTESIAN_POINT('',(205.780286733335,-39.2749762062091,1.5));
#11994=CARTESIAN_POINT('',(227.373200538379,-76.675,1.5));
#11995=CARTESIAN_POINT('Origin',(225.64114973081,-77.675,1.5));
#11996=CARTESIAN_POINT('',(225.64114973081,-75.675,0.));
#11997=CARTESIAN_POINT('Origin',(225.64114973081,-77.675,0.));
#11998=CARTESIAN_POINT('',(225.64114973081,-75.675,1.5));
#11999=CARTESIAN_POINT('Origin',(225.64114973081,-77.675,1.5));
#12000=CARTESIAN_POINT('',(225.64114973081,-75.675,1.5));
#12001=CARTESIAN_POINT('Origin',(17.2463502691896,-75.675,1.5));
#12002=CARTESIAN_POINT('',(17.2463502691896,-75.675,0.));
#12003=CARTESIAN_POINT('',(69.3450501345948,-75.675,0.));
#12004=CARTESIAN_POINT('',(17.2463502691896,-75.675,1.5));
#12005=CARTESIAN_POINT('',(69.3450501345948,-75.675,1.5));
#12006=CARTESIAN_POINT('',(17.2463502691896,-75.675,1.5));
#12007=CARTESIAN_POINT('Origin',(17.2463502691896,-77.675,1.5));
#12008=CARTESIAN_POINT('',(15.5142994616207,-76.6750000000001,0.));
#12009=CARTESIAN_POINT('Origin',(17.2463502691896,-77.675,0.));
#12010=CARTESIAN_POINT('',(15.5142994616207,-76.6750000000001,1.5));
#12011=CARTESIAN_POINT('Origin',(17.2463502691896,-77.675,1.5));
#12012=CARTESIAN_POINT('',(15.5142994616207,-76.6750000000001,1.5));
#12013=CARTESIAN_POINT('Origin',(13.2048983848622,-80.675,1.5));
#12014=CARTESIAN_POINT('',(13.2048983848622,-80.675,0.));
#12015=CARTESIAN_POINT('',(35.9525127282849,-41.2749762062091,0.));
#12016=CARTESIAN_POINT('',(13.2048983848622,-80.675,1.5));
#12017=CARTESIAN_POINT('',(35.9525127282849,-41.2749762062091,1.5));
#12018=CARTESIAN_POINT('',(13.2048983848622,-80.675,1.5));
#12019=CARTESIAN_POINT('Origin',(5.13310161513775,-80.675,1.5));
#12020=CARTESIAN_POINT('',(5.13310161513775,-80.675,0.));
#12021=CARTESIAN_POINT('',(63.2884258075689,-80.675,0.));
#12022=CARTESIAN_POINT('',(5.13310161513775,-80.675,1.5));
#12023=CARTESIAN_POINT('',(63.2884258075689,-80.675,1.5));
#12024=CARTESIAN_POINT('',(5.13310161513775,-80.675,1.5));
#12025=CARTESIAN_POINT('Origin',(2.82370053837925,-76.675,1.5));
#12026=CARTESIAN_POINT('',(2.82370053837925,-76.675,0.));
#12027=CARTESIAN_POINT('',(9.29947423333571,-87.8913690579826,0.));
#12028=CARTESIAN_POINT('',(2.82370053837925,-76.675,1.5));
#12029=CARTESIAN_POINT('',(9.29947423333571,-87.8913690579826,1.5));
#12030=CARTESIAN_POINT('',(2.82370053837925,-76.675,1.5));
#12031=CARTESIAN_POINT('Origin',(1.09164973081037,-77.675,1.5));
#12032=CARTESIAN_POINT('',(1.09164973081037,-75.675,0.));
#12033=CARTESIAN_POINT('Origin',(1.09164973081037,-77.675,0.));
#12034=CARTESIAN_POINT('',(1.09164973081037,-75.675,1.5));
#12035=CARTESIAN_POINT('Origin',(1.09164973081037,-77.675,1.5));
#12036=CARTESIAN_POINT('',(1.09164973081037,-75.675,1.5));
#12037=CARTESIAN_POINT('Origin',(1.02500000000053,-75.675,1.5));
#12038=CARTESIAN_POINT('',(1.02500000000053,-75.675,0.));
#12039=CARTESIAN_POINT('',(61.2343749999928,-75.6750000000241,0.));
#12040=CARTESIAN_POINT('',(1.02500000000053,-75.675,1.5));
#12041=CARTESIAN_POINT('',(61.2343749999928,-75.6750000000241,1.5));
#12042=CARTESIAN_POINT('',(1.02500000000053,-75.675,1.5));
#12043=CARTESIAN_POINT('Origin',(1.02500000000001,-75.175,1.5));
#12044=CARTESIAN_POINT('',(0.525,-75.175,0.));
#12045=CARTESIAN_POINT('Origin',(1.02500000000001,-75.175,0.));
#12046=CARTESIAN_POINT('',(0.525,-75.175,1.5));
#12047=CARTESIAN_POINT('Origin',(1.02500000000001,-75.175,1.5));
#12048=CARTESIAN_POINT('',(0.525,-75.175,1.5));
#12049=CARTESIAN_POINT('Origin',(0.525,-1.025,1.5));
#12050=CARTESIAN_POINT('',(0.524999999999997,-1.025,0.));
#12051=CARTESIAN_POINT('',(0.525000000000002,-19.5625,0.));
#12052=CARTESIAN_POINT('',(0.524999999999997,-1.025,1.5));
#12053=CARTESIAN_POINT('',(0.525000000000002,-19.5625,1.5));
#12054=CARTESIAN_POINT('',(0.524999999999997,-1.025,1.5));
#12055=CARTESIAN_POINT('Origin',(1.025,-1.025,1.5));
#12056=CARTESIAN_POINT('',(1.025,-0.524999999999997,0.));
#12057=CARTESIAN_POINT('Origin',(1.025,-1.025,0.));
#12058=CARTESIAN_POINT('',(1.025,-0.524999999999997,1.5));
#12059=CARTESIAN_POINT('Origin',(1.025,-1.025,1.5));
#12060=CARTESIAN_POINT('',(1.025,-0.524999999999997,1.5));
#12061=CARTESIAN_POINT('Origin',(1.09164973081032,-0.525,1.5));
#12062=CARTESIAN_POINT('',(1.09164973081032,-0.525,0.));
#12063=CARTESIAN_POINT('',(61.2676998654062,-0.525000000003386,0.));
#12064=CARTESIAN_POINT('',(1.09164973081032,-0.525,1.5));
#12065=CARTESIAN_POINT('',(61.2676998654062,-0.525000000003386,1.5));
#12066=CARTESIAN_POINT('',(1.09164973081032,-0.525,1.5));
#12067=CARTESIAN_POINT('Origin',(1.09164973081037,1.475,1.5));
#12068=CARTESIAN_POINT('Origin',(1.09164973081037,1.475,0.));
#12069=CARTESIAN_POINT('Origin',(1.09164973081037,1.475,1.5));
#12070=CARTESIAN_POINT('Origin',(153.0505,-74.175,0.));
#12071=CARTESIAN_POINT('',(153.5505,-74.175,0.));
#12072=CARTESIAN_POINT('',(153.0505,-74.675,0.));
#12073=CARTESIAN_POINT('Origin',(153.0505,-74.175,0.));
#12074=CARTESIAN_POINT('',(153.0505,-74.675,1.5));
#12075=CARTESIAN_POINT('',(153.0505,-74.675,0.));
#12076=CARTESIAN_POINT('',(153.5505,-74.175,1.5));
#12077=CARTESIAN_POINT('Origin',(153.0505,-74.175,1.5));
#12078=CARTESIAN_POINT('',(153.5505,-74.175,0.));
#12079=CARTESIAN_POINT('Origin',(88.69325,-74.675,0.));
#12080=CARTESIAN_POINT('',(147.0505,-74.675,0.));
#12081=CARTESIAN_POINT('',(147.0505,-74.675,0.));
#12082=CARTESIAN_POINT('',(147.0505,-74.675,1.5));
#12083=CARTESIAN_POINT('',(147.0505,-74.675,0.));
#12084=CARTESIAN_POINT('',(147.0505,-74.675,1.5));
#12085=CARTESIAN_POINT('Origin',(147.0505,-74.175,0.));
#12086=CARTESIAN_POINT('',(146.5505,-74.175,1.5));
#12087=CARTESIAN_POINT('Origin',(147.0505,-74.175,1.5));
#12088=CARTESIAN_POINT('',(146.5505,-74.175,0.));
#12089=CARTESIAN_POINT('Origin',(147.0505,-74.175,0.));
#12090=CARTESIAN_POINT('',(146.5505,-74.175,0.));
#12091=CARTESIAN_POINT('Origin',(129.1745,-74.175,0.));
#12092=CARTESIAN_POINT('',(129.6745,-74.175,0.));
#12093=CARTESIAN_POINT('',(129.1745,-74.675,0.));
#12094=CARTESIAN_POINT('Origin',(129.1745,-74.175,0.));
#12095=CARTESIAN_POINT('',(129.1745,-74.675,1.5));
#12096=CARTESIAN_POINT('',(129.1745,-74.675,0.));
#12097=CARTESIAN_POINT('',(129.6745,-74.175,1.5));
#12098=CARTESIAN_POINT('Origin',(129.1745,-74.175,1.5));
#12099=CARTESIAN_POINT('',(129.6745,-74.175,0.));
#12100=CARTESIAN_POINT('Origin',(88.69325,-74.675,0.));
#12101=CARTESIAN_POINT('',(123.1745,-74.675,0.));
#12102=CARTESIAN_POINT('',(123.1745,-74.675,0.));
#12103=CARTESIAN_POINT('',(123.1745,-74.675,1.5));
#12104=CARTESIAN_POINT('',(123.1745,-74.675,0.));
#12105=CARTESIAN_POINT('',(123.1745,-74.675,1.5));
#12106=CARTESIAN_POINT('Origin',(123.1745,-74.175,0.));
#12107=CARTESIAN_POINT('',(122.6745,-74.175,1.5));
#12108=CARTESIAN_POINT('Origin',(123.1745,-74.175,1.5));
#12109=CARTESIAN_POINT('',(122.6745,-74.175,0.));
#12110=CARTESIAN_POINT('Origin',(123.1745,-74.175,0.));
#12111=CARTESIAN_POINT('',(122.6745,-74.175,0.));
#12112=CARTESIAN_POINT('Origin',(112.56925,-74.175,0.));
#12113=CARTESIAN_POINT('',(113.06925,-74.175,0.));
#12114=CARTESIAN_POINT('',(112.56925,-74.675,0.));
#12115=CARTESIAN_POINT('Origin',(112.56925,-74.175,0.));
#12116=CARTESIAN_POINT('',(112.56925,-74.675,1.5));
#12117=CARTESIAN_POINT('',(112.56925,-74.675,0.));
#12118=CARTESIAN_POINT('',(113.06925,-74.175,1.5));
#12119=CARTESIAN_POINT('Origin',(112.56925,-74.175,1.5));
#12120=CARTESIAN_POINT('',(113.06925,-74.175,0.));
#12121=CARTESIAN_POINT('Origin',(88.69325,-74.675,0.));
#12122=CARTESIAN_POINT('',(106.56925,-74.675,0.));
#12123=CARTESIAN_POINT('',(106.56925,-74.675,0.));
#12124=CARTESIAN_POINT('',(106.56925,-74.675,1.5));
#12125=CARTESIAN_POINT('',(106.56925,-74.675,0.));
#12126=CARTESIAN_POINT('',(106.56925,-74.675,1.5));
#12127=CARTESIAN_POINT('Origin',(106.56925,-74.175,0.));
#12128=CARTESIAN_POINT('',(106.06925,-74.175,1.5));
#12129=CARTESIAN_POINT('Origin',(106.56925,-74.175,1.5));
#12130=CARTESIAN_POINT('',(106.06925,-74.175,0.));
#12131=CARTESIAN_POINT('Origin',(106.56925,-74.175,0.));
#12132=CARTESIAN_POINT('',(106.06925,-74.175,0.));
#12133=CARTESIAN_POINT('Origin',(88.69325,-74.175,0.));
#12134=CARTESIAN_POINT('',(89.19325,-74.175,0.));
#12135=CARTESIAN_POINT('',(88.69325,-74.675,0.));
#12136=CARTESIAN_POINT('Origin',(88.69325,-74.175,0.));
#12137=CARTESIAN_POINT('',(88.69325,-74.675,1.5));
#12138=CARTESIAN_POINT('',(88.69325,-74.675,0.));
#12139=CARTESIAN_POINT('',(89.19325,-74.175,1.5));
#12140=CARTESIAN_POINT('Origin',(88.69325,-74.175,1.5));
#12141=CARTESIAN_POINT('',(89.19325,-74.175,0.));
#12142=CARTESIAN_POINT('Origin',(88.69325,-74.675,0.));
#12143=CARTESIAN_POINT('',(82.69325,-74.675,0.));
#12144=CARTESIAN_POINT('',(82.69325,-74.675,0.));
#12145=CARTESIAN_POINT('',(82.69325,-74.675,1.5));
#12146=CARTESIAN_POINT('',(82.69325,-74.675,0.));
#12147=CARTESIAN_POINT('',(82.69325,-74.675,1.5));
#12148=CARTESIAN_POINT('Origin',(82.69325,-74.175,0.));
#12149=CARTESIAN_POINT('',(82.19325,-74.175,0.));
#12150=CARTESIAN_POINT('Origin',(82.69325,-74.175,0.));
#12151=CARTESIAN_POINT('',(82.19325,-74.175,1.5));
#12152=CARTESIAN_POINT('',(82.19325,-74.175,0.));
#12153=CARTESIAN_POINT('Origin',(82.69325,-74.175,1.5));
#12154=CARTESIAN_POINT('Origin',(82.19325,-75.175,0.));
#12155=CARTESIAN_POINT('',(82.19325,-58.175,0.));
#12156=CARTESIAN_POINT('',(82.19325,-61.175,0.));
#12157=CARTESIAN_POINT('',(82.19325,-58.175,1.5));
#12158=CARTESIAN_POINT('',(82.19325,-58.175,0.));
#12159=CARTESIAN_POINT('',(82.19325,-61.175,1.5));
#12160=CARTESIAN_POINT('Origin',(153.5505,-58.175,0.));
#12161=CARTESIAN_POINT('',(153.5505,-58.175,1.5));
#12162=CARTESIAN_POINT('',(153.5505,-61.175,1.5));
#12163=CARTESIAN_POINT('',(153.5505,-58.175,0.));
#12164=CARTESIAN_POINT('',(153.5505,-58.175,0.));
#12165=CARTESIAN_POINT('',(153.5505,-61.175,0.));
#12166=CARTESIAN_POINT('Origin',(129.6745,-58.175,0.));
#12167=CARTESIAN_POINT('',(129.6745,-58.175,1.5));
#12168=CARTESIAN_POINT('',(129.6745,-61.175,1.5));
#12169=CARTESIAN_POINT('',(129.6745,-58.175,0.));
#12170=CARTESIAN_POINT('',(129.6745,-58.175,0.));
#12171=CARTESIAN_POINT('',(129.6745,-61.175,0.));
#12172=CARTESIAN_POINT('Origin',(113.06925,-58.175,0.));
#12173=CARTESIAN_POINT('',(113.06925,-58.175,1.5));
#12174=CARTESIAN_POINT('',(113.06925,-61.175,1.5));
#12175=CARTESIAN_POINT('',(113.06925,-58.175,0.));
#12176=CARTESIAN_POINT('',(113.06925,-58.175,0.));
#12177=CARTESIAN_POINT('',(113.06925,-61.175,0.));
#12178=CARTESIAN_POINT('Origin',(89.19325,-58.175,0.));
#12179=CARTESIAN_POINT('',(89.19325,-58.175,1.5));
#12180=CARTESIAN_POINT('',(89.19325,-58.175,1.5));
#12181=CARTESIAN_POINT('',(89.19325,-58.175,0.));
#12182=CARTESIAN_POINT('',(89.19325,-58.175,0.));
#12183=CARTESIAN_POINT('',(89.19325,-58.175,0.));
#12184=CARTESIAN_POINT('Origin',(146.5505,-75.175,0.));
#12185=CARTESIAN_POINT('',(146.5505,-58.175,0.));
#12186=CARTESIAN_POINT('',(146.5505,-61.175,0.));
#12187=CARTESIAN_POINT('',(146.5505,-58.175,1.5));
#12188=CARTESIAN_POINT('',(146.5505,-58.175,0.));
#12189=CARTESIAN_POINT('',(146.5505,-61.175,1.5));
#12190=CARTESIAN_POINT('Origin',(122.6745,-75.175,0.));
#12191=CARTESIAN_POINT('',(122.6745,-58.175,0.));
#12192=CARTESIAN_POINT('',(122.6745,-61.175,0.));
#12193=CARTESIAN_POINT('',(122.6745,-58.175,1.5));
#12194=CARTESIAN_POINT('',(122.6745,-58.175,0.));
#12195=CARTESIAN_POINT('',(122.6745,-61.175,1.5));
#12196=CARTESIAN_POINT('Origin',(106.06925,-75.175,0.));
#12197=CARTESIAN_POINT('',(106.06925,-58.175,0.));
#12198=CARTESIAN_POINT('',(106.06925,-61.175,0.));
#12199=CARTESIAN_POINT('',(106.06925,-58.175,1.5));
#12200=CARTESIAN_POINT('',(106.06925,-58.175,0.));
#12201=CARTESIAN_POINT('',(106.06925,-61.175,1.5));
#12202=CARTESIAN_POINT('Origin',(121.44375,-38.1,0.));
#12203=CARTESIAN_POINT('',(112.56925,-57.675,0.));
#12204=CARTESIAN_POINT('Origin',(112.56925,-58.175,0.));
#12205=CARTESIAN_POINT('',(106.56925,-57.675,0.));
#12206=CARTESIAN_POINT('',(112.56925,-57.675,0.));
#12207=CARTESIAN_POINT('Origin',(106.56925,-58.175,0.));
#12208=CARTESIAN_POINT('',(129.1745,-57.675,0.));
#12209=CARTESIAN_POINT('Origin',(129.1745,-58.175,0.));
#12210=CARTESIAN_POINT('',(123.1745,-57.675,0.));
#12211=CARTESIAN_POINT('',(129.1745,-57.675,0.));
#12212=CARTESIAN_POINT('Origin',(123.1745,-58.175,0.));
#12213=CARTESIAN_POINT('',(153.0505,-57.675,0.));
#12214=CARTESIAN_POINT('Origin',(153.0505,-58.175,0.));
#12215=CARTESIAN_POINT('',(147.0505,-57.675,0.));
#12216=CARTESIAN_POINT('',(147.0505,-57.675,0.));
#12217=CARTESIAN_POINT('Origin',(147.0505,-58.175,0.));
#12218=CARTESIAN_POINT('',(88.69325,-57.675,0.));
#12219=CARTESIAN_POINT('Origin',(88.69325,-58.175,0.));
#12220=CARTESIAN_POINT('',(82.69325,-57.675,0.));
#12221=CARTESIAN_POINT('',(82.69325,-57.675,0.));
#12222=CARTESIAN_POINT('Origin',(82.69325,-58.175,0.));
#12223=CARTESIAN_POINT('',(45.8875,-21.575,0.));
#12224=CARTESIAN_POINT('',(58.8875,-21.575,0.));
#12225=CARTESIAN_POINT('',(45.8875,-21.575,0.));
#12226=CARTESIAN_POINT('',(45.3875,-22.075,0.));
#12227=CARTESIAN_POINT('Origin',(45.8875,-22.075,0.));
#12228=CARTESIAN_POINT('',(45.3875,-35.075,0.));
#12229=CARTESIAN_POINT('',(45.3875,-22.075,0.));
#12230=CARTESIAN_POINT('',(45.8875,-35.575,0.));
#12231=CARTESIAN_POINT('Origin',(45.8875,-35.075,0.));
#12232=CARTESIAN_POINT('',(58.8875,-35.575,0.));
#12233=CARTESIAN_POINT('',(45.8875,-35.575,0.));
#12234=CARTESIAN_POINT('',(59.3875,-35.075,0.));
#12235=CARTESIAN_POINT('Origin',(58.8875,-35.075,0.));
#12236=CARTESIAN_POINT('',(59.3875,-22.075,0.));
#12237=CARTESIAN_POINT('',(59.3875,-22.075,0.));
#12238=CARTESIAN_POINT('Origin',(58.8875,-22.075,0.));
#12239=CARTESIAN_POINT('',(83.9875,-21.575,0.));
#12240=CARTESIAN_POINT('',(96.9875,-21.575,0.));
#12241=CARTESIAN_POINT('',(83.9875,-21.575,0.));
#12242=CARTESIAN_POINT('',(83.4875,-22.075,0.));
#12243=CARTESIAN_POINT('Origin',(83.9875,-22.075,0.));
#12244=CARTESIAN_POINT('',(83.4875,-35.075,0.));
#12245=CARTESIAN_POINT('',(83.4875,-22.075,0.));
#12246=CARTESIAN_POINT('',(83.9875,-35.575,0.));
#12247=CARTESIAN_POINT('Origin',(83.9875,-35.075,0.));
#12248=CARTESIAN_POINT('',(96.9875,-35.575,0.));
#12249=CARTESIAN_POINT('',(83.9875,-35.575,0.));
#12250=CARTESIAN_POINT('',(97.4875,-35.075,0.));
#12251=CARTESIAN_POINT('Origin',(96.9875,-35.075,0.));
#12252=CARTESIAN_POINT('',(97.4875,-22.075,0.));
#12253=CARTESIAN_POINT('',(97.4875,-22.075,0.));
#12254=CARTESIAN_POINT('Origin',(96.9875,-22.075,0.));
#12255=CARTESIAN_POINT('',(78.4375,-22.075,0.));
#12256=CARTESIAN_POINT('',(78.4375,-35.075,0.));
#12257=CARTESIAN_POINT('',(78.4375,-22.075,0.));
#12258=CARTESIAN_POINT('',(77.9375,-21.575,0.));
#12259=CARTESIAN_POINT('Origin',(77.9375,-22.075,0.));
#12260=CARTESIAN_POINT('',(64.9375,-21.575,0.));
#12261=CARTESIAN_POINT('',(64.9375,-21.575,0.));
#12262=CARTESIAN_POINT('',(64.4375,-22.075,0.));
#12263=CARTESIAN_POINT('Origin',(64.9375,-22.075,0.));
#12264=CARTESIAN_POINT('',(64.4375,-35.075,0.));
#12265=CARTESIAN_POINT('',(64.4375,-22.075,0.));
#12266=CARTESIAN_POINT('',(64.9375,-35.575,0.));
#12267=CARTESIAN_POINT('Origin',(64.9375,-35.075,0.));
#12268=CARTESIAN_POINT('',(77.9375,-35.575,0.));
#12269=CARTESIAN_POINT('',(64.9375,-35.575,0.));
#12270=CARTESIAN_POINT('Origin',(77.9375,-35.075,0.));
#12271=CARTESIAN_POINT('',(116.5375,-22.075,0.));
#12272=CARTESIAN_POINT('',(116.0375,-21.575,0.));
#12273=CARTESIAN_POINT('Origin',(116.0375,-22.075,0.));
#12274=CARTESIAN_POINT('',(103.0375,-21.575,0.));
#12275=CARTESIAN_POINT('',(116.0375,-21.575,0.));
#12276=CARTESIAN_POINT('',(102.5375,-22.075,0.));
#12277=CARTESIAN_POINT('Origin',(103.0375,-22.075,0.));
#12278=CARTESIAN_POINT('',(102.5375,-35.075,0.));
#12279=CARTESIAN_POINT('',(102.5375,-22.075,0.));
#12280=CARTESIAN_POINT('',(103.0375,-35.575,0.));
#12281=CARTESIAN_POINT('Origin',(103.0375,-35.075,0.));
#12282=CARTESIAN_POINT('',(116.0375,-35.575,0.));
#12283=CARTESIAN_POINT('',(103.0375,-35.575,0.));
#12284=CARTESIAN_POINT('',(116.5375,-35.075,0.));
#12285=CARTESIAN_POINT('Origin',(116.0375,-35.075,0.));
#12286=CARTESIAN_POINT('',(116.5375,-35.075,0.));
#12287=CARTESIAN_POINT('',(135.5875,-35.075,0.));
#12288=CARTESIAN_POINT('',(135.0875,-35.575,0.));
#12289=CARTESIAN_POINT('Origin',(135.0875,-35.075,0.));
#12290=CARTESIAN_POINT('',(135.5875,-22.075,0.));
#12291=CARTESIAN_POINT('',(135.5875,-22.075,0.));
#12292=CARTESIAN_POINT('',(135.0875,-21.575,0.));
#12293=CARTESIAN_POINT('Origin',(135.0875,-22.075,0.));
#12294=CARTESIAN_POINT('',(122.0875,-21.575,0.));
#12295=CARTESIAN_POINT('',(122.0875,-21.575,0.));
#12296=CARTESIAN_POINT('',(121.5875,-22.075,0.));
#12297=CARTESIAN_POINT('Origin',(122.0875,-22.075,0.));
#12298=CARTESIAN_POINT('',(121.5875,-35.075,0.));
#12299=CARTESIAN_POINT('',(121.5875,-35.075,0.));
#12300=CARTESIAN_POINT('',(122.0875,-35.575,0.));
#12301=CARTESIAN_POINT('Origin',(122.0875,-35.075,0.));
#12302=CARTESIAN_POINT('',(135.0875,-35.575,0.));
#12303=CARTESIAN_POINT('',(140.6375,-35.075,0.));
#12304=CARTESIAN_POINT('',(141.1375,-35.575,0.));
#12305=CARTESIAN_POINT('Origin',(141.1375,-35.075,0.));
#12306=CARTESIAN_POINT('',(154.1375,-35.575,0.));
#12307=CARTESIAN_POINT('',(141.1375,-35.575,0.));
#12308=CARTESIAN_POINT('',(154.6375,-35.075,0.));
#12309=CARTESIAN_POINT('Origin',(154.1375,-35.075,0.));
#12310=CARTESIAN_POINT('',(154.6375,-22.075,0.));
#12311=CARTESIAN_POINT('',(154.6375,-35.075,0.));
#12312=CARTESIAN_POINT('',(154.1375,-21.575,0.));
#12313=CARTESIAN_POINT('Origin',(154.1375,-22.075,0.));
#12314=CARTESIAN_POINT('',(141.1375,-21.575,0.));
#12315=CARTESIAN_POINT('',(154.1375,-21.575,0.));
#12316=CARTESIAN_POINT('',(140.6375,-22.075,0.));
#12317=CARTESIAN_POINT('Origin',(141.1375,-22.075,0.));
#12318=CARTESIAN_POINT('',(140.6375,-22.075,0.));
#12319=CARTESIAN_POINT('',(173.6875,-35.075,0.));
#12320=CARTESIAN_POINT('',(173.1875,-35.575,0.));
#12321=CARTESIAN_POINT('Origin',(173.1875,-35.075,0.));
#12322=CARTESIAN_POINT('',(173.6875,-22.075,0.));
#12323=CARTESIAN_POINT('',(173.6875,-22.075,0.));
#12324=CARTESIAN_POINT('',(173.1875,-21.575,0.));
#12325=CARTESIAN_POINT('Origin',(173.1875,-22.075,0.));
#12326=CARTESIAN_POINT('',(160.1875,-21.575,0.));
#12327=CARTESIAN_POINT('',(160.1875,-21.575,0.));
#12328=CARTESIAN_POINT('',(159.6875,-22.075,0.));
#12329=CARTESIAN_POINT('Origin',(160.1875,-22.075,0.));
#12330=CARTESIAN_POINT('',(159.6875,-35.075,0.));
#12331=CARTESIAN_POINT('',(159.6875,-35.075,0.));
#12332=CARTESIAN_POINT('',(160.1875,-35.575,0.));
#12333=CARTESIAN_POINT('Origin',(160.1875,-35.075,0.));
#12334=CARTESIAN_POINT('',(173.1875,-35.575,0.));
#12335=CARTESIAN_POINT('',(211.7875,-35.075,0.));
#12336=CARTESIAN_POINT('',(211.7875,-22.075,0.));
#12337=CARTESIAN_POINT('',(211.7875,-35.075,0.));
#12338=CARTESIAN_POINT('',(211.2875,-21.575,0.));
#12339=CARTESIAN_POINT('Origin',(211.2875,-22.075,0.));
#12340=CARTESIAN_POINT('',(198.2875,-21.575,0.));
#12341=CARTESIAN_POINT('',(211.2875,-21.575,0.));
#12342=CARTESIAN_POINT('',(197.7875,-22.075,0.));
#12343=CARTESIAN_POINT('Origin',(198.2875,-22.075,0.));
#12344=CARTESIAN_POINT('',(197.7875,-35.075,0.));
#12345=CARTESIAN_POINT('',(197.7875,-22.075,0.));
#12346=CARTESIAN_POINT('',(198.2875,-35.575,0.));
#12347=CARTESIAN_POINT('Origin',(198.2875,-35.075,0.));
#12348=CARTESIAN_POINT('',(211.2875,-35.575,0.));
#12349=CARTESIAN_POINT('',(198.2875,-35.575,0.));
#12350=CARTESIAN_POINT('Origin',(211.2875,-35.075,0.));
#12351=CARTESIAN_POINT('',(192.2375,-35.575,0.));
#12352=CARTESIAN_POINT('',(179.2375,-35.575,0.));
#12353=CARTESIAN_POINT('',(192.2375,-35.575,0.));
#12354=CARTESIAN_POINT('',(192.7375,-35.075,0.));
#12355=CARTESIAN_POINT('Origin',(192.2375,-35.075,0.));
#12356=CARTESIAN_POINT('',(192.7375,-22.075,0.));
#12357=CARTESIAN_POINT('',(192.7375,-22.075,0.));
#12358=CARTESIAN_POINT('',(192.2375,-21.575,0.));
#12359=CARTESIAN_POINT('Origin',(192.2375,-22.075,0.));
#12360=CARTESIAN_POINT('',(179.2375,-21.575,0.));
#12361=CARTESIAN_POINT('',(179.2375,-21.575,0.));
#12362=CARTESIAN_POINT('',(178.7375,-22.075,0.));
#12363=CARTESIAN_POINT('Origin',(179.2375,-22.075,0.));
#12364=CARTESIAN_POINT('',(178.7375,-35.075,0.));
#12365=CARTESIAN_POINT('',(178.7375,-35.075,0.));
#12366=CARTESIAN_POINT('Origin',(179.2375,-35.075,0.));
#12367=CARTESIAN_POINT('',(188.7625,-40.625,0.));
#12368=CARTESIAN_POINT('',(201.7625,-40.625,0.));
#12369=CARTESIAN_POINT('',(188.7625,-40.625,0.));
#12370=CARTESIAN_POINT('',(188.2625,-41.125,0.));
#12371=CARTESIAN_POINT('Origin',(188.7625,-41.125,0.));
#12372=CARTESIAN_POINT('',(188.2625,-54.125,0.));
#12373=CARTESIAN_POINT('',(188.2625,-41.125,0.));
#12374=CARTESIAN_POINT('',(188.7625,-54.625,0.));
#12375=CARTESIAN_POINT('Origin',(188.7625,-54.125,0.));
#12376=CARTESIAN_POINT('',(201.7625,-54.625,0.));
#12377=CARTESIAN_POINT('',(188.7625,-54.625,0.));
#12378=CARTESIAN_POINT('',(202.2625,-54.125,0.));
#12379=CARTESIAN_POINT('Origin',(201.7625,-54.125,0.));
#12380=CARTESIAN_POINT('',(202.2625,-41.125,0.));
#12381=CARTESIAN_POINT('',(202.2625,-41.125,0.));
#12382=CARTESIAN_POINT('Origin',(201.7625,-41.125,0.));
#12383=CARTESIAN_POINT('',(36.3625,-54.625,0.));
#12384=CARTESIAN_POINT('',(49.3625,-54.625,0.));
#12385=CARTESIAN_POINT('',(36.3625,-54.625,0.));
#12386=CARTESIAN_POINT('',(49.8625,-54.125,0.));
#12387=CARTESIAN_POINT('Origin',(49.3625,-54.125,0.));
#12388=CARTESIAN_POINT('',(49.8625,-41.125,0.));
#12389=CARTESIAN_POINT('',(49.8625,-54.125,0.));
#12390=CARTESIAN_POINT('',(49.3625,-40.625,0.));
#12391=CARTESIAN_POINT('Origin',(49.3625,-41.125,0.));
#12392=CARTESIAN_POINT('',(36.3625,-40.625,0.));
#12393=CARTESIAN_POINT('',(49.3625,-40.625,0.));
#12394=CARTESIAN_POINT('',(35.8625,-41.125,0.));
#12395=CARTESIAN_POINT('Origin',(36.3625,-41.125,0.));
#12396=CARTESIAN_POINT('',(35.8625,-54.125,0.));
#12397=CARTESIAN_POINT('',(35.8625,-41.125,0.));
#12398=CARTESIAN_POINT('Origin',(36.3625,-54.125,0.));
#12399=CARTESIAN_POINT('',(74.4625,-40.625,0.));
#12400=CARTESIAN_POINT('',(87.4625,-40.625,0.));
#12401=CARTESIAN_POINT('',(74.4625,-40.625,0.));
#12402=CARTESIAN_POINT('',(73.9625,-41.125,0.));
#12403=CARTESIAN_POINT('Origin',(74.4625,-41.125,0.));
#12404=CARTESIAN_POINT('',(73.9625,-54.125,0.));
#12405=CARTESIAN_POINT('',(73.9625,-41.125,0.));
#12406=CARTESIAN_POINT('',(74.4625,-54.625,0.));
#12407=CARTESIAN_POINT('Origin',(74.4625,-54.125,0.));
#12408=CARTESIAN_POINT('',(87.4625,-54.625,0.));
#12409=CARTESIAN_POINT('',(74.4625,-54.625,0.));
#12410=CARTESIAN_POINT('',(87.9625,-54.125,0.));
#12411=CARTESIAN_POINT('Origin',(87.4625,-54.125,0.));
#12412=CARTESIAN_POINT('',(87.9625,-41.125,0.));
#12413=CARTESIAN_POINT('',(87.9625,-41.125,0.));
#12414=CARTESIAN_POINT('Origin',(87.4625,-41.125,0.));
#12415=CARTESIAN_POINT('',(10.16875,-40.625,0.));
#12416=CARTESIAN_POINT('',(23.16875,-40.625,0.));
#12417=CARTESIAN_POINT('',(10.16875,-40.625,0.));
#12418=CARTESIAN_POINT('',(9.66875,-41.125,0.));
#12419=CARTESIAN_POINT('Origin',(10.16875,-41.125,0.));
#12420=CARTESIAN_POINT('',(9.66875,-54.125,0.));
#12421=CARTESIAN_POINT('',(9.66875,-41.125,0.));
#12422=CARTESIAN_POINT('',(10.16875,-54.625,0.));
#12423=CARTESIAN_POINT('Origin',(10.16875,-54.125,0.));
#12424=CARTESIAN_POINT('',(23.16875,-54.625,0.));
#12425=CARTESIAN_POINT('',(10.16875,-54.625,0.));
#12426=CARTESIAN_POINT('',(23.66875,-54.125,0.));
#12427=CARTESIAN_POINT('Origin',(23.16875,-54.125,0.));
#12428=CARTESIAN_POINT('',(23.66875,-41.125,0.));
#12429=CARTESIAN_POINT('',(23.66875,-41.125,0.));
#12430=CARTESIAN_POINT('Origin',(23.16875,-41.125,0.));
#12431=CARTESIAN_POINT('',(131.6125,-40.625,0.));
#12432=CARTESIAN_POINT('',(144.6125,-40.625,0.));
#12433=CARTESIAN_POINT('',(131.6125,-40.625,0.));
#12434=CARTESIAN_POINT('',(131.1125,-41.125,0.));
#12435=CARTESIAN_POINT('Origin',(131.6125,-41.125,0.));
#12436=CARTESIAN_POINT('',(131.1125,-54.125,0.));
#12437=CARTESIAN_POINT('',(131.1125,-41.125,0.));
#12438=CARTESIAN_POINT('',(131.6125,-54.625,0.));
#12439=CARTESIAN_POINT('Origin',(131.6125,-54.125,0.));
#12440=CARTESIAN_POINT('',(144.6125,-54.625,0.));
#12441=CARTESIAN_POINT('',(131.6125,-54.625,0.));
#12442=CARTESIAN_POINT('',(145.1125,-54.125,0.));
#12443=CARTESIAN_POINT('Origin',(144.6125,-54.125,0.));
#12444=CARTESIAN_POINT('',(145.1125,-41.125,0.));
#12445=CARTESIAN_POINT('',(145.1125,-41.125,0.));
#12446=CARTESIAN_POINT('Origin',(144.6125,-41.125,0.));
#12447=CARTESIAN_POINT('',(235.6,-22.075,0.));
#12448=CARTESIAN_POINT('',(235.6,-35.075,0.));
#12449=CARTESIAN_POINT('',(235.6,-22.075,0.));
#12450=CARTESIAN_POINT('',(235.1,-21.575,0.));
#12451=CARTESIAN_POINT('Origin',(235.1,-22.075,0.));
#12452=CARTESIAN_POINT('',(222.1,-21.575,0.));
#12453=CARTESIAN_POINT('',(222.1,-21.575,0.));
#12454=CARTESIAN_POINT('',(221.6,-22.075,0.));
#12455=CARTESIAN_POINT('Origin',(222.1,-22.075,0.));
#12456=CARTESIAN_POINT('',(221.6,-35.075,0.));
#12457=CARTESIAN_POINT('',(221.6,-22.075,0.));
#12458=CARTESIAN_POINT('',(222.1,-35.575,0.));
#12459=CARTESIAN_POINT('Origin',(222.1,-35.075,0.));
#12460=CARTESIAN_POINT('',(235.1,-35.575,0.));
#12461=CARTESIAN_POINT('',(222.1,-35.575,0.));
#12462=CARTESIAN_POINT('Origin',(235.1,-35.075,0.));
#12463=CARTESIAN_POINT('',(93.5125,-40.625,0.));
#12464=CARTESIAN_POINT('',(106.5125,-40.625,0.));
#12465=CARTESIAN_POINT('',(93.5125,-40.625,0.));
#12466=CARTESIAN_POINT('',(93.0125,-41.125,0.));
#12467=CARTESIAN_POINT('Origin',(93.5125,-41.125,0.));
#12468=CARTESIAN_POINT('',(93.0125,-54.125,0.));
#12469=CARTESIAN_POINT('',(93.0125,-41.125,0.));
#12470=CARTESIAN_POINT('',(93.5125,-54.625,0.));
#12471=CARTESIAN_POINT('Origin',(93.5125,-54.125,0.));
#12472=CARTESIAN_POINT('',(106.5125,-54.625,0.));
#12473=CARTESIAN_POINT('',(93.5125,-54.625,0.));
#12474=CARTESIAN_POINT('',(107.0125,-54.125,0.));
#12475=CARTESIAN_POINT('Origin',(106.5125,-54.125,0.));
#12476=CARTESIAN_POINT('',(107.0125,-41.125,0.));
#12477=CARTESIAN_POINT('',(107.0125,-41.125,0.));
#12478=CARTESIAN_POINT('Origin',(106.5125,-41.125,0.));
#12479=CARTESIAN_POINT('',(112.5625,-40.625,0.));
#12480=CARTESIAN_POINT('',(125.5625,-40.625,0.));
#12481=CARTESIAN_POINT('',(112.5625,-40.625,0.));
#12482=CARTESIAN_POINT('',(112.0625,-41.125,0.));
#12483=CARTESIAN_POINT('Origin',(112.5625,-41.125,0.));
#12484=CARTESIAN_POINT('',(112.0625,-54.125,0.));
#12485=CARTESIAN_POINT('',(112.0625,-41.125,0.));
#12486=CARTESIAN_POINT('',(112.5625,-54.625,0.));
#12487=CARTESIAN_POINT('Origin',(112.5625,-54.125,0.));
#12488=CARTESIAN_POINT('',(125.5625,-54.625,0.));
#12489=CARTESIAN_POINT('',(112.5625,-54.625,0.));
#12490=CARTESIAN_POINT('',(126.0625,-54.125,0.));
#12491=CARTESIAN_POINT('Origin',(125.5625,-54.125,0.));
#12492=CARTESIAN_POINT('',(126.0625,-41.125,0.));
#12493=CARTESIAN_POINT('',(126.0625,-41.125,0.));
#12494=CARTESIAN_POINT('Origin',(125.5625,-41.125,0.));
#12495=CARTESIAN_POINT('',(169.7125,-40.625,0.));
#12496=CARTESIAN_POINT('',(182.7125,-40.625,0.));
#12497=CARTESIAN_POINT('',(169.7125,-40.625,0.));
#12498=CARTESIAN_POINT('',(169.2125,-41.125,0.));
#12499=CARTESIAN_POINT('Origin',(169.7125,-41.125,0.));
#12500=CARTESIAN_POINT('',(169.2125,-54.125,0.));
#12501=CARTESIAN_POINT('',(169.2125,-41.125,0.));
#12502=CARTESIAN_POINT('',(169.7125,-54.625,0.));
#12503=CARTESIAN_POINT('Origin',(169.7125,-54.125,0.));
#12504=CARTESIAN_POINT('',(182.7125,-54.625,0.));
#12505=CARTESIAN_POINT('',(169.7125,-54.625,0.));
#12506=CARTESIAN_POINT('',(183.2125,-54.125,0.));
#12507=CARTESIAN_POINT('Origin',(182.7125,-54.125,0.));
#12508=CARTESIAN_POINT('',(183.2125,-41.125,0.));
#12509=CARTESIAN_POINT('',(183.2125,-41.125,0.));
#12510=CARTESIAN_POINT('Origin',(182.7125,-41.125,0.));
#12511=CARTESIAN_POINT('',(68.9125,-41.125,0.));
#12512=CARTESIAN_POINT('',(68.9125,-54.125,0.));
#12513=CARTESIAN_POINT('',(68.9125,-41.125,0.));
#12514=CARTESIAN_POINT('',(68.4125,-40.625,0.));
#12515=CARTESIAN_POINT('Origin',(68.4125,-41.125,0.));
#12516=CARTESIAN_POINT('',(55.4125,-40.625,0.));
#12517=CARTESIAN_POINT('',(55.4125,-40.625,0.));
#12518=CARTESIAN_POINT('',(54.9125,-41.125,0.));
#12519=CARTESIAN_POINT('Origin',(55.4125,-41.125,0.));
#12520=CARTESIAN_POINT('',(54.9125,-54.125,0.));
#12521=CARTESIAN_POINT('',(54.9125,-41.125,0.));
#12522=CARTESIAN_POINT('',(55.4125,-54.625,0.));
#12523=CARTESIAN_POINT('Origin',(55.4125,-54.125,0.));
#12524=CARTESIAN_POINT('',(68.4125,-54.625,0.));
#12525=CARTESIAN_POINT('',(55.4125,-54.625,0.));
#12526=CARTESIAN_POINT('Origin',(68.4125,-54.125,0.));
#12527=CARTESIAN_POINT('',(150.6625,-40.625,0.));
#12528=CARTESIAN_POINT('',(163.6625,-40.625,0.));
#12529=CARTESIAN_POINT('',(150.6625,-40.625,0.));
#12530=CARTESIAN_POINT('',(150.1625,-41.125,0.));
#12531=CARTESIAN_POINT('Origin',(150.6625,-41.125,0.));
#12532=CARTESIAN_POINT('',(150.1625,-54.125,0.));
#12533=CARTESIAN_POINT('',(150.1625,-41.125,0.));
#12534=CARTESIAN_POINT('',(150.6625,-54.625,0.));
#12535=CARTESIAN_POINT('Origin',(150.6625,-54.125,0.));
#12536=CARTESIAN_POINT('',(163.6625,-54.625,0.));
#12537=CARTESIAN_POINT('',(150.6625,-54.625,0.));
#12538=CARTESIAN_POINT('',(164.1625,-54.125,0.));
#12539=CARTESIAN_POINT('Origin',(163.6625,-54.125,0.));
#12540=CARTESIAN_POINT('',(164.1625,-41.125,0.));
#12541=CARTESIAN_POINT('',(164.1625,-41.125,0.));
#12542=CARTESIAN_POINT('Origin',(163.6625,-41.125,0.));
#12543=CARTESIAN_POINT('',(226.8625,-40.625,0.));
#12544=CARTESIAN_POINT('',(239.8625,-40.625,0.));
#12545=CARTESIAN_POINT('',(226.8625,-40.625,0.));
#12546=CARTESIAN_POINT('',(226.3625,-41.125,0.));
#12547=CARTESIAN_POINT('Origin',(226.8625,-41.125,0.));
#12548=CARTESIAN_POINT('',(226.3625,-54.125,0.));
#12549=CARTESIAN_POINT('',(226.3625,-41.125,0.));
#12550=CARTESIAN_POINT('',(226.8625,-54.625,0.));
#12551=CARTESIAN_POINT('Origin',(226.8625,-54.125,0.));
#12552=CARTESIAN_POINT('',(239.8625,-54.625,0.));
#12553=CARTESIAN_POINT('',(226.8625,-54.625,0.));
#12554=CARTESIAN_POINT('',(240.3625,-54.125,0.));
#12555=CARTESIAN_POINT('Origin',(239.8625,-54.125,0.));
#12556=CARTESIAN_POINT('',(240.3625,-41.125,0.));
#12557=CARTESIAN_POINT('',(240.3625,-41.125,0.));
#12558=CARTESIAN_POINT('Origin',(239.8625,-41.125,0.));
#12559=CARTESIAN_POINT('',(207.8125,-40.625,0.));
#12560=CARTESIAN_POINT('',(220.8125,-40.625,0.));
#12561=CARTESIAN_POINT('',(207.8125,-40.625,0.));
#12562=CARTESIAN_POINT('',(207.3125,-41.125,0.));
#12563=CARTESIAN_POINT('Origin',(207.8125,-41.125,0.));
#12564=CARTESIAN_POINT('',(207.3125,-54.125,0.));
#12565=CARTESIAN_POINT('',(207.3125,-41.125,0.));
#12566=CARTESIAN_POINT('',(207.8125,-54.625,0.));
#12567=CARTESIAN_POINT('Origin',(207.8125,-54.125,0.));
#12568=CARTESIAN_POINT('',(220.8125,-54.625,0.));
#12569=CARTESIAN_POINT('',(207.8125,-54.625,0.));
#12570=CARTESIAN_POINT('',(221.3125,-54.125,0.));
#12571=CARTESIAN_POINT('Origin',(220.8125,-54.125,0.));
#12572=CARTESIAN_POINT('',(221.3125,-41.125,0.));
#12573=CARTESIAN_POINT('',(221.3125,-41.125,0.));
#12574=CARTESIAN_POINT('Origin',(220.8125,-41.125,0.));
#12575=CARTESIAN_POINT('',(149.875,-3.025,0.));
#12576=CARTESIAN_POINT('',(149.875,-16.025,0.));
#12577=CARTESIAN_POINT('',(149.875,-3.025,0.));
#12578=CARTESIAN_POINT('',(149.375,-2.52499999999999,0.));
#12579=CARTESIAN_POINT('Origin',(149.375,-3.025,0.));
#12580=CARTESIAN_POINT('',(136.375,-2.525,0.));
#12581=CARTESIAN_POINT('',(136.375,-2.52499999999999,0.));
#12582=CARTESIAN_POINT('',(135.875,-3.025,0.));
#12583=CARTESIAN_POINT('Origin',(136.375,-3.025,0.));
#12584=CARTESIAN_POINT('',(135.875,-16.025,0.));
#12585=CARTESIAN_POINT('',(135.875,-3.025,0.));
#12586=CARTESIAN_POINT('',(136.375,-16.525,0.));
#12587=CARTESIAN_POINT('Origin',(136.375,-16.025,0.));
#12588=CARTESIAN_POINT('',(149.375,-16.525,0.));
#12589=CARTESIAN_POINT('',(136.375,-16.525,0.));
#12590=CARTESIAN_POINT('Origin',(149.375,-16.025,0.));
#12591=CARTESIAN_POINT('',(22.075,-2.525,0.));
#12592=CARTESIAN_POINT('',(35.075,-2.525,0.));
#12593=CARTESIAN_POINT('',(22.075,-2.525,0.));
#12594=CARTESIAN_POINT('',(21.575,-3.025,0.));
#12595=CARTESIAN_POINT('Origin',(22.075,-3.025,0.));
#12596=CARTESIAN_POINT('',(21.575,-16.025,0.));
#12597=CARTESIAN_POINT('',(21.575,-3.025,0.));
#12598=CARTESIAN_POINT('',(22.075,-16.525,0.));
#12599=CARTESIAN_POINT('Origin',(22.075,-16.025,0.));
#12600=CARTESIAN_POINT('',(35.075,-16.525,0.));
#12601=CARTESIAN_POINT('',(22.075,-16.525,0.));
#12602=CARTESIAN_POINT('',(35.575,-16.025,0.));
#12603=CARTESIAN_POINT('Origin',(35.075,-16.025,0.));
#12604=CARTESIAN_POINT('',(35.575,-3.025,0.));
#12605=CARTESIAN_POINT('',(35.575,-3.025,0.));
#12606=CARTESIAN_POINT('Origin',(35.075,-3.025,0.));
#12607=CARTESIAN_POINT('',(16.525,-3.025,0.));
#12608=CARTESIAN_POINT('',(16.525,-16.025,0.));
#12609=CARTESIAN_POINT('',(16.525,-3.025,0.));
#12610=CARTESIAN_POINT('',(16.025,-2.525,0.));
#12611=CARTESIAN_POINT('Origin',(16.025,-3.025,0.));
#12612=CARTESIAN_POINT('',(3.025,-2.525,0.));
#12613=CARTESIAN_POINT('',(3.025,-2.525,0.));
#12614=CARTESIAN_POINT('',(2.525,-3.025,0.));
#12615=CARTESIAN_POINT('Origin',(3.025,-3.025,0.));
#12616=CARTESIAN_POINT('',(2.525,-16.025,0.));
#12617=CARTESIAN_POINT('',(2.525,-3.025,0.));
#12618=CARTESIAN_POINT('',(3.025,-16.525,0.));
#12619=CARTESIAN_POINT('Origin',(3.025,-16.025,0.));
#12620=CARTESIAN_POINT('',(16.025,-16.525,0.));
#12621=CARTESIAN_POINT('',(3.025,-16.525,0.));
#12622=CARTESIAN_POINT('Origin',(16.025,-16.025,0.));
#12623=CARTESIAN_POINT('',(174.475,-2.52499999999999,0.));
#12624=CARTESIAN_POINT('',(173.975,-3.025,0.));
#12625=CARTESIAN_POINT('Origin',(174.475,-3.025,0.));
#12626=CARTESIAN_POINT('',(173.975,-16.025,0.));
#12627=CARTESIAN_POINT('',(173.975,-3.025,0.));
#12628=CARTESIAN_POINT('',(174.475,-16.525,0.));
#12629=CARTESIAN_POINT('Origin',(174.475,-16.025,0.));
#12630=CARTESIAN_POINT('',(187.475,-16.525,0.));
#12631=CARTESIAN_POINT('',(174.475,-16.525,0.));
#12632=CARTESIAN_POINT('',(187.975,-16.025,0.));
#12633=CARTESIAN_POINT('Origin',(187.475,-16.025,0.));
#12634=CARTESIAN_POINT('',(187.975,-3.025,0.));
#12635=CARTESIAN_POINT('',(187.975,-3.025,0.));
#12636=CARTESIAN_POINT('',(187.475,-2.52499999999998,0.));
#12637=CARTESIAN_POINT('Origin',(187.475,-3.025,0.));
#12638=CARTESIAN_POINT('',(174.475,-2.52499999999999,0.));
#12639=CARTESIAN_POINT('',(41.125,-2.525,0.));
#12640=CARTESIAN_POINT('',(40.625,-3.025,0.));
#12641=CARTESIAN_POINT('Origin',(41.125,-3.025,0.));
#12642=CARTESIAN_POINT('',(40.625,-16.025,0.));
#12643=CARTESIAN_POINT('',(40.625,-3.025,0.));
#12644=CARTESIAN_POINT('',(41.125,-16.525,0.));
#12645=CARTESIAN_POINT('Origin',(41.125,-16.025,0.));
#12646=CARTESIAN_POINT('',(54.125,-16.525,0.));
#12647=CARTESIAN_POINT('',(41.125,-16.525,0.));
#12648=CARTESIAN_POINT('',(54.625,-16.025,0.));
#12649=CARTESIAN_POINT('Origin',(54.125,-16.025,0.));
#12650=CARTESIAN_POINT('',(54.625,-3.025,0.));
#12651=CARTESIAN_POINT('',(54.625,-3.025,0.));
#12652=CARTESIAN_POINT('',(54.125,-2.525,0.));
#12653=CARTESIAN_POINT('Origin',(54.125,-3.025,0.));
#12654=CARTESIAN_POINT('',(41.125,-2.525,0.));
#12655=CARTESIAN_POINT('',(193.525,-2.525,0.));
#12656=CARTESIAN_POINT('',(206.525,-2.52499999999999,0.));
#12657=CARTESIAN_POINT('',(193.525,-2.52500000000001,0.));
#12658=CARTESIAN_POINT('',(193.025,-3.025,0.));
#12659=CARTESIAN_POINT('Origin',(193.525,-3.025,0.));
#12660=CARTESIAN_POINT('',(193.025,-16.025,0.));
#12661=CARTESIAN_POINT('',(193.025,-3.025,0.));
#12662=CARTESIAN_POINT('',(193.525,-16.525,0.));
#12663=CARTESIAN_POINT('Origin',(193.525,-16.025,0.));
#12664=CARTESIAN_POINT('',(206.525,-16.525,0.));
#12665=CARTESIAN_POINT('',(193.525,-16.525,0.));
#12666=CARTESIAN_POINT('',(207.025,-16.025,0.));
#12667=CARTESIAN_POINT('Origin',(206.525,-16.025,0.));
#12668=CARTESIAN_POINT('',(207.025,-3.025,0.));
#12669=CARTESIAN_POINT('',(207.025,-3.025,0.));
#12670=CARTESIAN_POINT('Origin',(206.525,-3.025,0.));
#12671=CARTESIAN_POINT('',(60.175,-2.525,0.));
#12672=CARTESIAN_POINT('',(59.675,-3.025,0.));
#12673=CARTESIAN_POINT('Origin',(60.175,-3.025,0.));
#12674=CARTESIAN_POINT('',(59.675,-16.025,0.));
#12675=CARTESIAN_POINT('',(59.675,-3.025,0.));
#12676=CARTESIAN_POINT('',(60.175,-16.525,0.));
#12677=CARTESIAN_POINT('Origin',(60.175,-16.025,0.));
#12678=CARTESIAN_POINT('',(73.175,-16.525,0.));
#12679=CARTESIAN_POINT('',(60.175,-16.525,0.));
#12680=CARTESIAN_POINT('',(73.675,-16.025,0.));
#12681=CARTESIAN_POINT('Origin',(73.175,-16.025,0.));
#12682=CARTESIAN_POINT('',(73.675,-3.025,0.));
#12683=CARTESIAN_POINT('',(73.675,-3.025,0.));
#12684=CARTESIAN_POINT('',(73.175,-2.525,0.));
#12685=CARTESIAN_POINT('Origin',(73.175,-3.025,0.));
#12686=CARTESIAN_POINT('',(60.175,-2.525,0.));
#12687=CARTESIAN_POINT('',(98.275,-2.52499999999999,0.));
#12688=CARTESIAN_POINT('',(111.275,-2.52499999999999,0.));
#12689=CARTESIAN_POINT('',(98.275,-2.52499999999999,0.));
#12690=CARTESIAN_POINT('',(97.775,-3.025,0.));
#12691=CARTESIAN_POINT('Origin',(98.275,-3.025,0.));
#12692=CARTESIAN_POINT('',(97.775,-16.025,0.));
#12693=CARTESIAN_POINT('',(97.775,-3.025,0.));
#12694=CARTESIAN_POINT('',(98.275,-16.525,0.));
#12695=CARTESIAN_POINT('Origin',(98.275,-16.025,0.));
#12696=CARTESIAN_POINT('',(111.275,-16.525,0.));
#12697=CARTESIAN_POINT('',(98.275,-16.525,0.));
#12698=CARTESIAN_POINT('',(111.775,-16.025,0.));
#12699=CARTESIAN_POINT('Origin',(111.275,-16.025,0.));
#12700=CARTESIAN_POINT('',(111.775,-3.025,0.));
#12701=CARTESIAN_POINT('',(111.775,-3.025,0.));
#12702=CARTESIAN_POINT('Origin',(111.275,-3.025,0.));
#12703=CARTESIAN_POINT('',(219.71875,-2.525,0.));
#12704=CARTESIAN_POINT('',(232.71875,-2.52499999999999,0.));
#12705=CARTESIAN_POINT('',(219.71875,-2.525,0.));
#12706=CARTESIAN_POINT('',(219.21875,-3.025,0.));
#12707=CARTESIAN_POINT('Origin',(219.71875,-3.025,0.));
#12708=CARTESIAN_POINT('',(219.21875,-16.025,0.));
#12709=CARTESIAN_POINT('',(219.21875,-3.025,0.));
#12710=CARTESIAN_POINT('',(219.71875,-16.525,0.));
#12711=CARTESIAN_POINT('Origin',(219.71875,-16.025,0.));
#12712=CARTESIAN_POINT('',(232.71875,-16.525,0.));
#12713=CARTESIAN_POINT('',(219.71875,-16.525,0.));
#12714=CARTESIAN_POINT('',(233.21875,-16.025,0.));
#12715=CARTESIAN_POINT('Origin',(232.71875,-16.025,0.));
#12716=CARTESIAN_POINT('',(233.21875,-3.025,0.));
#12717=CARTESIAN_POINT('',(233.21875,-3.025,0.));
#12718=CARTESIAN_POINT('Origin',(232.71875,-3.025,0.));
#12719=CARTESIAN_POINT('',(117.325,-2.525,0.));
#12720=CARTESIAN_POINT('',(130.325,-2.52499999999999,0.));
#12721=CARTESIAN_POINT('',(117.325,-2.525,0.));
#12722=CARTESIAN_POINT('',(116.825,-3.025,0.));
#12723=CARTESIAN_POINT('Origin',(117.325,-3.025,0.));
#12724=CARTESIAN_POINT('',(116.825,-16.025,0.));
#12725=CARTESIAN_POINT('',(116.825,-3.025,0.));
#12726=CARTESIAN_POINT('',(117.325,-16.525,0.));
#12727=CARTESIAN_POINT('Origin',(117.325,-16.025,0.));
#12728=CARTESIAN_POINT('',(130.325,-16.525,0.));
#12729=CARTESIAN_POINT('',(117.325,-16.525,0.));
#12730=CARTESIAN_POINT('',(130.825,-16.025,0.));
#12731=CARTESIAN_POINT('Origin',(130.325,-16.025,0.));
#12732=CARTESIAN_POINT('',(130.825,-3.025,0.));
#12733=CARTESIAN_POINT('',(130.825,-3.025,0.));
#12734=CARTESIAN_POINT('Origin',(130.325,-3.025,0.));
#12735=CARTESIAN_POINT('',(168.925,-3.025,0.));
#12736=CARTESIAN_POINT('',(168.925,-16.025,0.));
#12737=CARTESIAN_POINT('',(168.925,-3.025,0.));
#12738=CARTESIAN_POINT('',(168.425,-2.52500000000001,0.));
#12739=CARTESIAN_POINT('Origin',(168.425,-3.025,0.));
#12740=CARTESIAN_POINT('',(155.425,-2.525,0.));
#12741=CARTESIAN_POINT('',(155.425,-2.52499999999999,0.));
#12742=CARTESIAN_POINT('',(154.925,-3.025,0.));
#12743=CARTESIAN_POINT('Origin',(155.425,-3.025,0.));
#12744=CARTESIAN_POINT('',(154.925,-16.025,0.));
#12745=CARTESIAN_POINT('',(154.925,-3.025,0.));
#12746=CARTESIAN_POINT('',(155.425,-16.525,0.));
#12747=CARTESIAN_POINT('Origin',(155.425,-16.025,0.));
#12748=CARTESIAN_POINT('',(168.425,-16.525,0.));
#12749=CARTESIAN_POINT('',(155.425,-16.525,0.));
#12750=CARTESIAN_POINT('Origin',(168.425,-16.025,0.));
#12751=CARTESIAN_POINT('',(79.225,-2.525,0.));
#12752=CARTESIAN_POINT('',(92.225,-2.525,0.));
#12753=CARTESIAN_POINT('',(79.225,-2.525,0.));
#12754=CARTESIAN_POINT('',(78.725,-3.025,0.));
#12755=CARTESIAN_POINT('Origin',(79.225,-3.025,0.));
#12756=CARTESIAN_POINT('',(78.725,-16.025,0.));
#12757=CARTESIAN_POINT('',(78.725,-3.025,0.));
#12758=CARTESIAN_POINT('',(79.225,-16.525,0.));
#12759=CARTESIAN_POINT('Origin',(79.225,-16.025,0.));
#12760=CARTESIAN_POINT('',(92.225,-16.525,0.));
#12761=CARTESIAN_POINT('',(79.225,-16.525,0.));
#12762=CARTESIAN_POINT('',(92.725,-16.025,0.));
#12763=CARTESIAN_POINT('Origin',(92.225,-16.025,0.));
#12764=CARTESIAN_POINT('',(92.725,-3.025,0.));
#12765=CARTESIAN_POINT('',(92.725,-3.025,0.));
#12766=CARTESIAN_POINT('Origin',(92.225,-3.025,0.));
#12767=CARTESIAN_POINT('',(26.8375,-21.575,0.));
#12768=CARTESIAN_POINT('',(39.8375,-21.575,0.));
#12769=CARTESIAN_POINT('',(26.8375,-21.575,0.));
#12770=CARTESIAN_POINT('',(26.3375,-22.075,0.));
#12771=CARTESIAN_POINT('Origin',(26.8375,-22.075,0.));
#12772=CARTESIAN_POINT('',(26.3375,-35.075,0.));
#12773=CARTESIAN_POINT('',(26.3375,-22.075,0.));
#12774=CARTESIAN_POINT('',(26.8375,-35.575,0.));
#12775=CARTESIAN_POINT('Origin',(26.8375,-35.075,0.));
#12776=CARTESIAN_POINT('',(39.8375,-35.575,0.));
#12777=CARTESIAN_POINT('',(26.8375,-35.575,0.));
#12778=CARTESIAN_POINT('',(40.3375,-35.075,0.));
#12779=CARTESIAN_POINT('Origin',(39.8375,-35.075,0.));
#12780=CARTESIAN_POINT('',(40.3375,-22.075,0.));
#12781=CARTESIAN_POINT('',(40.3375,-22.075,0.));
#12782=CARTESIAN_POINT('Origin',(39.8375,-22.075,0.));
#12783=CARTESIAN_POINT('',(5.40625,-21.575,0.));
#12784=CARTESIAN_POINT('',(18.40625,-21.575,0.));
#12785=CARTESIAN_POINT('',(5.40625,-21.575,0.));
#12786=CARTESIAN_POINT('',(4.90625,-22.075,0.));
#12787=CARTESIAN_POINT('Origin',(5.40625,-22.075,0.));
#12788=CARTESIAN_POINT('',(4.90625,-35.075,0.));
#12789=CARTESIAN_POINT('',(4.90625,-22.075,0.));
#12790=CARTESIAN_POINT('',(5.40625,-35.575,0.));
#12791=CARTESIAN_POINT('Origin',(5.40625,-35.075,0.));
#12792=CARTESIAN_POINT('',(18.40625,-35.575,0.));
#12793=CARTESIAN_POINT('',(5.40625,-35.575,0.));
#12794=CARTESIAN_POINT('',(18.90625,-35.075,0.));
#12795=CARTESIAN_POINT('Origin',(18.40625,-35.075,0.));
#12796=CARTESIAN_POINT('',(18.90625,-22.075,0.));
#12797=CARTESIAN_POINT('',(18.90625,-22.075,0.));
#12798=CARTESIAN_POINT('Origin',(18.40625,-22.075,0.));
#12799=CARTESIAN_POINT('',(162.56875,-59.675,0.));
#12800=CARTESIAN_POINT('',(162.06875,-60.175,0.));
#12801=CARTESIAN_POINT('Origin',(162.56875,-60.175,0.));
#12802=CARTESIAN_POINT('',(162.06875,-73.175,0.));
#12803=CARTESIAN_POINT('',(162.06875,-60.175,0.));
#12804=CARTESIAN_POINT('',(162.56875,-73.675,0.));
#12805=CARTESIAN_POINT('Origin',(162.56875,-73.175,0.));
#12806=CARTESIAN_POINT('',(177.95,-73.675,0.));
#12807=CARTESIAN_POINT('',(164.95,-73.675,0.));
#12808=CARTESIAN_POINT('',(178.45,-73.175,0.));
#12809=CARTESIAN_POINT('Origin',(177.95,-73.175,0.));
#12810=CARTESIAN_POINT('',(178.45,-60.175,0.));
#12811=CARTESIAN_POINT('',(178.45,-60.175,0.));
#12812=CARTESIAN_POINT('',(177.95,-59.675,0.));
#12813=CARTESIAN_POINT('Origin',(177.95,-60.175,0.));
#12814=CARTESIAN_POINT('',(162.56875,-59.675,0.));
#12815=CARTESIAN_POINT('',(3.025,-59.675,0.));
#12816=CARTESIAN_POINT('',(18.40625,-59.675,0.));
#12817=CARTESIAN_POINT('',(3.025,-59.675,0.));
#12818=CARTESIAN_POINT('',(2.525,-60.175,0.));
#12819=CARTESIAN_POINT('Origin',(3.025,-60.175,0.));
#12820=CARTESIAN_POINT('',(2.525,-73.175,0.));
#12821=CARTESIAN_POINT('',(2.525,-60.175,0.));
#12822=CARTESIAN_POINT('',(3.025,-73.675,0.));
#12823=CARTESIAN_POINT('Origin',(3.025,-73.175,0.));
#12824=CARTESIAN_POINT('',(18.40625,-73.675,0.));
#12825=CARTESIAN_POINT('',(5.40625,-73.675,0.));
#12826=CARTESIAN_POINT('',(18.90625,-73.175,0.));
#12827=CARTESIAN_POINT('Origin',(18.40625,-73.175,0.));
#12828=CARTESIAN_POINT('',(18.90625,-60.175,0.));
#12829=CARTESIAN_POINT('',(18.90625,-60.175,0.));
#12830=CARTESIAN_POINT('Origin',(18.40625,-60.175,0.));
#12831=CARTESIAN_POINT('',(91.13125,-59.675,0.));
#12832=CARTESIAN_POINT('',(104.13125,-59.675,0.));
#12833=CARTESIAN_POINT('',(91.13125,-59.675,0.));
#12834=CARTESIAN_POINT('',(90.63125,-60.175,0.));
#12835=CARTESIAN_POINT('Origin',(91.13125,-60.175,0.));
#12836=CARTESIAN_POINT('',(90.63125,-73.175,0.));
#12837=CARTESIAN_POINT('',(90.63125,-60.175,0.));
#12838=CARTESIAN_POINT('',(91.13125,-73.675,0.));
#12839=CARTESIAN_POINT('Origin',(91.13125,-73.175,0.));
#12840=CARTESIAN_POINT('',(104.13125,-73.675,0.));
#12841=CARTESIAN_POINT('',(91.13125,-73.675,0.));
#12842=CARTESIAN_POINT('',(104.63125,-73.175,0.));
#12843=CARTESIAN_POINT('Origin',(104.13125,-73.175,0.));
#12844=CARTESIAN_POINT('',(104.63125,-60.175,0.));
#12845=CARTESIAN_POINT('',(104.63125,-60.175,0.));
#12846=CARTESIAN_POINT('Origin',(104.13125,-60.175,0.));
#12847=CARTESIAN_POINT('',(207.8125,-59.675,0.));
#12848=CARTESIAN_POINT('',(239.8625,-59.675,0.));
#12849=CARTESIAN_POINT('',(207.8125,-59.675,0.));
#12850=CARTESIAN_POINT('',(207.3125,-60.175,0.));
#12851=CARTESIAN_POINT('Origin',(207.8125,-60.175,0.));
#12852=CARTESIAN_POINT('',(207.3125,-73.175,0.));
#12853=CARTESIAN_POINT('',(207.3125,-60.175,0.));
#12854=CARTESIAN_POINT('',(207.8125,-73.675,0.));
#12855=CARTESIAN_POINT('Origin',(207.8125,-73.175,0.));
#12856=CARTESIAN_POINT('',(239.8625,-73.675,0.));
#12857=CARTESIAN_POINT('',(226.8625,-73.675,0.));
#12858=CARTESIAN_POINT('',(240.3625,-73.175,0.));
#12859=CARTESIAN_POINT('Origin',(239.8625,-73.175,0.));
#12860=CARTESIAN_POINT('',(240.3625,-60.175,0.));
#12861=CARTESIAN_POINT('',(240.3625,-60.175,0.));
#12862=CARTESIAN_POINT('Origin',(239.8625,-60.175,0.));
#12863=CARTESIAN_POINT('',(57.79375,-59.675,0.));
#12864=CARTESIAN_POINT('',(73.175,-59.675,0.));
#12865=CARTESIAN_POINT('',(60.175,-59.675,0.));
#12866=CARTESIAN_POINT('',(57.29375,-60.175,0.));
#12867=CARTESIAN_POINT('Origin',(57.79375,-60.175,0.));
#12868=CARTESIAN_POINT('',(57.29375,-73.175,0.));
#12869=CARTESIAN_POINT('',(57.29375,-60.175,0.));
#12870=CARTESIAN_POINT('',(57.79375,-73.675,0.));
#12871=CARTESIAN_POINT('Origin',(57.79375,-73.175,0.));
#12872=CARTESIAN_POINT('',(73.175,-73.675,0.));
#12873=CARTESIAN_POINT('',(60.175,-73.675,0.));
#12874=CARTESIAN_POINT('',(73.675,-73.175,0.));
#12875=CARTESIAN_POINT('Origin',(73.175,-73.175,0.));
#12876=CARTESIAN_POINT('',(73.675,-60.175,0.));
#12877=CARTESIAN_POINT('',(73.675,-60.175,0.));
#12878=CARTESIAN_POINT('Origin',(73.175,-60.175,0.));
#12879=CARTESIAN_POINT('',(131.6125,-59.675,0.));
#12880=CARTESIAN_POINT('',(144.6125,-59.675,0.));
#12881=CARTESIAN_POINT('',(131.6125,-59.675,0.));
#12882=CARTESIAN_POINT('',(131.1125,-60.175,0.));
#12883=CARTESIAN_POINT('Origin',(131.6125,-60.175,0.));
#12884=CARTESIAN_POINT('',(131.1125,-73.175,0.));
#12885=CARTESIAN_POINT('',(131.1125,-60.175,0.));
#12886=CARTESIAN_POINT('',(131.6125,-73.675,0.));
#12887=CARTESIAN_POINT('Origin',(131.6125,-73.175,0.));
#12888=CARTESIAN_POINT('',(144.6125,-73.675,0.));
#12889=CARTESIAN_POINT('',(131.6125,-73.675,0.));
#12890=CARTESIAN_POINT('',(145.1125,-73.175,0.));
#12891=CARTESIAN_POINT('Origin',(144.6125,-73.175,0.));
#12892=CARTESIAN_POINT('',(145.1125,-60.175,0.));
#12893=CARTESIAN_POINT('',(145.1125,-60.175,0.));
#12894=CARTESIAN_POINT('Origin',(144.6125,-60.175,0.));
#12895=CARTESIAN_POINT('',(22.075,-59.675,0.));
#12896=CARTESIAN_POINT('',(54.125,-59.675,0.));
#12897=CARTESIAN_POINT('',(22.075,-59.675,0.));
#12898=CARTESIAN_POINT('',(21.575,-60.175,0.));
#12899=CARTESIAN_POINT('Origin',(22.075,-60.175,0.));
#12900=CARTESIAN_POINT('',(21.575,-73.175,0.));
#12901=CARTESIAN_POINT('',(21.575,-60.175,0.));
#12902=CARTESIAN_POINT('',(22.075,-73.675,0.));
#12903=CARTESIAN_POINT('Origin',(22.075,-73.175,0.));
#12904=CARTESIAN_POINT('',(54.125,-73.675,0.));
#12905=CARTESIAN_POINT('',(41.125,-73.675,0.));
#12906=CARTESIAN_POINT('',(54.625,-73.175,0.));
#12907=CARTESIAN_POINT('Origin',(54.125,-73.175,0.));
#12908=CARTESIAN_POINT('',(54.625,-60.175,0.));
#12909=CARTESIAN_POINT('',(54.625,-60.175,0.));
#12910=CARTESIAN_POINT('Origin',(54.125,-60.175,0.));
#12911=CARTESIAN_POINT('',(188.7625,-59.675,0.));
#12912=CARTESIAN_POINT('',(201.7625,-59.675,0.));
#12913=CARTESIAN_POINT('',(188.7625,-59.675,0.));
#12914=CARTESIAN_POINT('',(188.2625,-60.175,0.));
#12915=CARTESIAN_POINT('Origin',(188.7625,-60.175,0.));
#12916=CARTESIAN_POINT('',(188.2625,-73.175,0.));
#12917=CARTESIAN_POINT('',(188.2625,-60.175,0.));
#12918=CARTESIAN_POINT('',(188.7625,-73.675,0.));
#12919=CARTESIAN_POINT('Origin',(188.7625,-73.175,0.));
#12920=CARTESIAN_POINT('',(201.7625,-73.675,0.));
#12921=CARTESIAN_POINT('',(188.7625,-73.675,0.));
#12922=CARTESIAN_POINT('',(202.2625,-73.175,0.));
#12923=CARTESIAN_POINT('Origin',(201.7625,-73.175,0.));
#12924=CARTESIAN_POINT('',(202.2625,-60.175,0.));
#12925=CARTESIAN_POINT('',(202.2625,-60.175,0.));
#12926=CARTESIAN_POINT('Origin',(201.7625,-60.175,0.));
#12927=CARTESIAN_POINT('Origin',(121.44375,-38.1,1.5));
#12928=CARTESIAN_POINT('',(82.69325,-57.675,1.5));
#12929=CARTESIAN_POINT('Origin',(82.69325,-58.175,1.5));
#12930=CARTESIAN_POINT('',(88.69325,-57.675,1.5));
#12931=CARTESIAN_POINT('',(82.69325,-57.675,1.5));
#12932=CARTESIAN_POINT('Origin',(88.69325,-58.175,1.5));
#12933=CARTESIAN_POINT('',(106.56925,-57.675,1.5));
#12934=CARTESIAN_POINT('Origin',(106.56925,-58.175,1.5));
#12935=CARTESIAN_POINT('',(112.56925,-57.675,1.5));
#12936=CARTESIAN_POINT('',(112.56925,-57.675,1.5));
#12937=CARTESIAN_POINT('Origin',(112.56925,-58.175,1.5));
#12938=CARTESIAN_POINT('',(123.1745,-57.675,1.5));
#12939=CARTESIAN_POINT('Origin',(123.1745,-58.175,1.5));
#12940=CARTESIAN_POINT('',(129.1745,-57.675,1.5));
#12941=CARTESIAN_POINT('',(129.1745,-57.675,1.5));
#12942=CARTESIAN_POINT('Origin',(129.1745,-58.175,1.5));
#12943=CARTESIAN_POINT('',(147.0505,-57.675,1.5));
#12944=CARTESIAN_POINT('Origin',(147.0505,-58.175,1.5));
#12945=CARTESIAN_POINT('',(153.0505,-57.675,1.5));
#12946=CARTESIAN_POINT('',(147.0505,-57.675,1.5));
#12947=CARTESIAN_POINT('Origin',(153.0505,-58.175,1.5));
#12948=CARTESIAN_POINT('',(188.7625,-59.675,1.5));
#12949=CARTESIAN_POINT('',(201.7625,-59.675,1.5));
#12950=CARTESIAN_POINT('',(188.7625,-59.675,1.5));
#12951=CARTESIAN_POINT('',(202.2625,-60.175,1.5));
#12952=CARTESIAN_POINT('Origin',(201.7625,-60.175,1.5));
#12953=CARTESIAN_POINT('',(202.2625,-73.175,1.5));
#12954=CARTESIAN_POINT('',(202.2625,-60.175,1.5));
#12955=CARTESIAN_POINT('',(201.7625,-73.675,1.5));
#12956=CARTESIAN_POINT('Origin',(201.7625,-73.175,1.5));
#12957=CARTESIAN_POINT('',(188.7625,-73.675,1.5));
#12958=CARTESIAN_POINT('',(188.7625,-73.675,1.5));
#12959=CARTESIAN_POINT('',(188.2625,-73.175,1.5));
#12960=CARTESIAN_POINT('Origin',(188.7625,-73.175,1.5));
#12961=CARTESIAN_POINT('',(188.2625,-60.175,1.5));
#12962=CARTESIAN_POINT('',(188.2625,-60.175,1.5));
#12963=CARTESIAN_POINT('Origin',(188.7625,-60.175,1.5));
#12964=CARTESIAN_POINT('',(22.075,-59.675,1.5));
#12965=CARTESIAN_POINT('',(54.125,-59.675,1.5));
#12966=CARTESIAN_POINT('',(22.075,-59.675,1.5));
#12967=CARTESIAN_POINT('',(54.625,-60.175,1.5));
#12968=CARTESIAN_POINT('Origin',(54.125,-60.175,1.5));
#12969=CARTESIAN_POINT('',(54.625,-73.175,1.5));
#12970=CARTESIAN_POINT('',(54.625,-60.175,1.5));
#12971=CARTESIAN_POINT('',(54.125,-73.675,1.5));
#12972=CARTESIAN_POINT('Origin',(54.125,-73.175,1.5));
#12973=CARTESIAN_POINT('',(22.075,-73.675,1.5));
#12974=CARTESIAN_POINT('',(41.125,-73.675,1.5));
#12975=CARTESIAN_POINT('',(21.575,-73.175,1.5));
#12976=CARTESIAN_POINT('Origin',(22.075,-73.175,1.5));
#12977=CARTESIAN_POINT('',(21.575,-60.175,1.5));
#12978=CARTESIAN_POINT('',(21.575,-60.175,1.5));
#12979=CARTESIAN_POINT('Origin',(22.075,-60.175,1.5));
#12980=CARTESIAN_POINT('',(131.6125,-59.675,1.5));
#12981=CARTESIAN_POINT('',(144.6125,-59.675,1.5));
#12982=CARTESIAN_POINT('',(131.6125,-59.675,1.5));
#12983=CARTESIAN_POINT('',(145.1125,-60.175,1.5));
#12984=CARTESIAN_POINT('Origin',(144.6125,-60.175,1.5));
#12985=CARTESIAN_POINT('',(145.1125,-73.175,1.5));
#12986=CARTESIAN_POINT('',(145.1125,-60.175,1.5));
#12987=CARTESIAN_POINT('',(144.6125,-73.675,1.5));
#12988=CARTESIAN_POINT('Origin',(144.6125,-73.175,1.5));
#12989=CARTESIAN_POINT('',(131.6125,-73.675,1.5));
#12990=CARTESIAN_POINT('',(131.6125,-73.675,1.5));
#12991=CARTESIAN_POINT('',(131.1125,-73.175,1.5));
#12992=CARTESIAN_POINT('Origin',(131.6125,-73.175,1.5));
#12993=CARTESIAN_POINT('',(131.1125,-60.175,1.5));
#12994=CARTESIAN_POINT('',(131.1125,-60.175,1.5));
#12995=CARTESIAN_POINT('Origin',(131.6125,-60.175,1.5));
#12996=CARTESIAN_POINT('',(57.79375,-59.675,1.5));
#12997=CARTESIAN_POINT('',(73.175,-59.675,1.5));
#12998=CARTESIAN_POINT('',(60.175,-59.675,1.5));
#12999=CARTESIAN_POINT('',(73.675,-60.175,1.5));
#13000=CARTESIAN_POINT('Origin',(73.175,-60.175,1.5));
#13001=CARTESIAN_POINT('',(73.675,-73.175,1.5));
#13002=CARTESIAN_POINT('',(73.675,-60.175,1.5));
#13003=CARTESIAN_POINT('',(73.175,-73.675,1.5));
#13004=CARTESIAN_POINT('Origin',(73.175,-73.175,1.5));
#13005=CARTESIAN_POINT('',(57.79375,-73.675,1.5));
#13006=CARTESIAN_POINT('',(60.175,-73.675,1.5));
#13007=CARTESIAN_POINT('',(57.29375,-73.175,1.5));
#13008=CARTESIAN_POINT('Origin',(57.79375,-73.175,1.5));
#13009=CARTESIAN_POINT('',(57.29375,-60.175,1.5));
#13010=CARTESIAN_POINT('',(57.29375,-60.175,1.5));
#13011=CARTESIAN_POINT('Origin',(57.79375,-60.175,1.5));
#13012=CARTESIAN_POINT('',(207.8125,-59.675,1.5));
#13013=CARTESIAN_POINT('',(239.8625,-59.675,1.5));
#13014=CARTESIAN_POINT('',(207.8125,-59.675,1.5));
#13015=CARTESIAN_POINT('',(240.3625,-60.175,1.5));
#13016=CARTESIAN_POINT('Origin',(239.8625,-60.175,1.5));
#13017=CARTESIAN_POINT('',(240.3625,-73.175,1.5));
#13018=CARTESIAN_POINT('',(240.3625,-60.175,1.5));
#13019=CARTESIAN_POINT('',(239.8625,-73.675,1.5));
#13020=CARTESIAN_POINT('Origin',(239.8625,-73.175,1.5));
#13021=CARTESIAN_POINT('',(207.8125,-73.675,1.5));
#13022=CARTESIAN_POINT('',(226.8625,-73.675,1.5));
#13023=CARTESIAN_POINT('',(207.3125,-73.175,1.5));
#13024=CARTESIAN_POINT('Origin',(207.8125,-73.175,1.5));
#13025=CARTESIAN_POINT('',(207.3125,-60.175,1.5));
#13026=CARTESIAN_POINT('',(207.3125,-60.175,1.5));
#13027=CARTESIAN_POINT('Origin',(207.8125,-60.175,1.5));
#13028=CARTESIAN_POINT('',(91.13125,-59.675,1.5));
#13029=CARTESIAN_POINT('',(104.13125,-59.675,1.5));
#13030=CARTESIAN_POINT('',(91.13125,-59.675,1.5));
#13031=CARTESIAN_POINT('',(104.63125,-60.175,1.5));
#13032=CARTESIAN_POINT('Origin',(104.13125,-60.175,1.5));
#13033=CARTESIAN_POINT('',(104.63125,-73.175,1.5));
#13034=CARTESIAN_POINT('',(104.63125,-60.175,1.5));
#13035=CARTESIAN_POINT('',(104.13125,-73.675,1.5));
#13036=CARTESIAN_POINT('Origin',(104.13125,-73.175,1.5));
#13037=CARTESIAN_POINT('',(91.13125,-73.675,1.5));
#13038=CARTESIAN_POINT('',(91.13125,-73.675,1.5));
#13039=CARTESIAN_POINT('',(90.63125,-73.175,1.5));
#13040=CARTESIAN_POINT('Origin',(91.13125,-73.175,1.5));
#13041=CARTESIAN_POINT('',(90.63125,-60.175,1.5));
#13042=CARTESIAN_POINT('',(90.63125,-60.175,1.5));
#13043=CARTESIAN_POINT('Origin',(91.13125,-60.175,1.5));
#13044=CARTESIAN_POINT('',(3.025,-59.675,1.5));
#13045=CARTESIAN_POINT('',(18.40625,-59.675,1.5));
#13046=CARTESIAN_POINT('',(3.025,-59.675,1.5));
#13047=CARTESIAN_POINT('',(18.90625,-60.175,1.5));
#13048=CARTESIAN_POINT('Origin',(18.40625,-60.175,1.5));
#13049=CARTESIAN_POINT('',(18.90625,-73.175,1.5));
#13050=CARTESIAN_POINT('',(18.90625,-60.175,1.5));
#13051=CARTESIAN_POINT('',(18.40625,-73.675,1.5));
#13052=CARTESIAN_POINT('Origin',(18.40625,-73.175,1.5));
#13053=CARTESIAN_POINT('',(3.025,-73.675,1.5));
#13054=CARTESIAN_POINT('',(5.40625,-73.675,1.5));
#13055=CARTESIAN_POINT('',(2.525,-73.175,1.5));
#13056=CARTESIAN_POINT('Origin',(3.025,-73.175,1.5));
#13057=CARTESIAN_POINT('',(2.525,-60.175,1.5));
#13058=CARTESIAN_POINT('',(2.525,-60.175,1.5));
#13059=CARTESIAN_POINT('Origin',(3.025,-60.175,1.5));
#13060=CARTESIAN_POINT('',(162.06875,-60.175,1.5));
#13061=CARTESIAN_POINT('',(162.56875,-59.675,1.5));
#13062=CARTESIAN_POINT('Origin',(162.56875,-60.175,1.5));
#13063=CARTESIAN_POINT('',(177.95,-59.675,1.5));
#13064=CARTESIAN_POINT('',(162.56875,-59.675,1.5));
#13065=CARTESIAN_POINT('',(178.45,-60.175,1.5));
#13066=CARTESIAN_POINT('Origin',(177.95,-60.175,1.5));
#13067=CARTESIAN_POINT('',(178.45,-73.175,1.5));
#13068=CARTESIAN_POINT('',(178.45,-60.175,1.5));
#13069=CARTESIAN_POINT('',(177.95,-73.675,1.5));
#13070=CARTESIAN_POINT('Origin',(177.95,-73.175,1.5));
#13071=CARTESIAN_POINT('',(162.56875,-73.675,1.5));
#13072=CARTESIAN_POINT('',(164.95,-73.675,1.5));
#13073=CARTESIAN_POINT('',(162.06875,-73.175,1.5));
#13074=CARTESIAN_POINT('Origin',(162.56875,-73.175,1.5));
#13075=CARTESIAN_POINT('',(162.06875,-60.175,1.5));
#13076=CARTESIAN_POINT('',(5.40625,-21.575,1.5));
#13077=CARTESIAN_POINT('',(18.40625,-21.575,1.5));
#13078=CARTESIAN_POINT('',(5.40625,-21.575,1.5));
#13079=CARTESIAN_POINT('',(18.90625,-22.075,1.5));
#13080=CARTESIAN_POINT('Origin',(18.40625,-22.075,1.5));
#13081=CARTESIAN_POINT('',(18.90625,-35.075,1.5));
#13082=CARTESIAN_POINT('',(18.90625,-22.075,1.5));
#13083=CARTESIAN_POINT('',(18.40625,-35.575,1.5));
#13084=CARTESIAN_POINT('Origin',(18.40625,-35.075,1.5));
#13085=CARTESIAN_POINT('',(5.40625,-35.575,1.5));
#13086=CARTESIAN_POINT('',(5.40625,-35.575,1.5));
#13087=CARTESIAN_POINT('',(4.90625,-35.075,1.5));
#13088=CARTESIAN_POINT('Origin',(5.40625,-35.075,1.5));
#13089=CARTESIAN_POINT('',(4.90625,-22.075,1.5));
#13090=CARTESIAN_POINT('',(4.90625,-22.075,1.5));
#13091=CARTESIAN_POINT('Origin',(5.40625,-22.075,1.5));
#13092=CARTESIAN_POINT('',(26.8375,-21.575,1.5));
#13093=CARTESIAN_POINT('',(39.8375,-21.575,1.5));
#13094=CARTESIAN_POINT('',(26.8375,-21.575,1.5));
#13095=CARTESIAN_POINT('',(40.3375,-22.075,1.5));
#13096=CARTESIAN_POINT('Origin',(39.8375,-22.075,1.5));
#13097=CARTESIAN_POINT('',(40.3375,-35.075,1.5));
#13098=CARTESIAN_POINT('',(40.3375,-22.075,1.5));
#13099=CARTESIAN_POINT('',(39.8375,-35.575,1.5));
#13100=CARTESIAN_POINT('Origin',(39.8375,-35.075,1.5));
#13101=CARTESIAN_POINT('',(26.8375,-35.575,1.5));
#13102=CARTESIAN_POINT('',(26.8375,-35.575,1.5));
#13103=CARTESIAN_POINT('',(26.3375,-35.075,1.5));
#13104=CARTESIAN_POINT('Origin',(26.8375,-35.075,1.5));
#13105=CARTESIAN_POINT('',(26.3375,-22.075,1.5));
#13106=CARTESIAN_POINT('',(26.3375,-22.075,1.5));
#13107=CARTESIAN_POINT('Origin',(26.8375,-22.075,1.5));
#13108=CARTESIAN_POINT('',(79.225,-2.525,1.5));
#13109=CARTESIAN_POINT('',(92.225,-2.525,1.5));
#13110=CARTESIAN_POINT('',(79.225,-2.525,1.5));
#13111=CARTESIAN_POINT('',(92.725,-3.025,1.5));
#13112=CARTESIAN_POINT('Origin',(92.225,-3.025,1.5));
#13113=CARTESIAN_POINT('',(92.725,-16.025,1.5));
#13114=CARTESIAN_POINT('',(92.725,-3.025,1.5));
#13115=CARTESIAN_POINT('',(92.225,-16.525,1.5));
#13116=CARTESIAN_POINT('Origin',(92.225,-16.025,1.5));
#13117=CARTESIAN_POINT('',(79.225,-16.525,1.5));
#13118=CARTESIAN_POINT('',(79.225,-16.525,1.5));
#13119=CARTESIAN_POINT('',(78.725,-16.025,1.5));
#13120=CARTESIAN_POINT('Origin',(79.225,-16.025,1.5));
#13121=CARTESIAN_POINT('',(78.725,-3.025,1.5));
#13122=CARTESIAN_POINT('',(78.725,-3.025,1.5));
#13123=CARTESIAN_POINT('Origin',(79.225,-3.025,1.5));
#13124=CARTESIAN_POINT('',(168.925,-3.025,1.5));
#13125=CARTESIAN_POINT('',(168.925,-16.025,1.5));
#13126=CARTESIAN_POINT('',(168.925,-3.025,1.5));
#13127=CARTESIAN_POINT('',(168.425,-16.525,1.5));
#13128=CARTESIAN_POINT('Origin',(168.425,-16.025,1.5));
#13129=CARTESIAN_POINT('',(155.425,-16.525,1.5));
#13130=CARTESIAN_POINT('',(155.425,-16.525,1.5));
#13131=CARTESIAN_POINT('',(154.925,-16.025,1.5));
#13132=CARTESIAN_POINT('Origin',(155.425,-16.025,1.5));
#13133=CARTESIAN_POINT('',(154.925,-3.025,1.5));
#13134=CARTESIAN_POINT('',(154.925,-3.025,1.5));
#13135=CARTESIAN_POINT('',(155.425,-2.525,1.5));
#13136=CARTESIAN_POINT('Origin',(155.425,-3.025,1.5));
#13137=CARTESIAN_POINT('',(168.425,-2.52500000000001,1.5));
#13138=CARTESIAN_POINT('',(155.425,-2.52499999999999,1.5));
#13139=CARTESIAN_POINT('Origin',(168.425,-3.025,1.5));
#13140=CARTESIAN_POINT('',(117.325,-2.525,1.5));
#13141=CARTESIAN_POINT('',(130.325,-2.525,1.5));
#13142=CARTESIAN_POINT('',(117.325,-2.525,1.5));
#13143=CARTESIAN_POINT('',(130.825,-3.025,1.5));
#13144=CARTESIAN_POINT('Origin',(130.325,-3.025,1.5));
#13145=CARTESIAN_POINT('',(130.825,-16.025,1.5));
#13146=CARTESIAN_POINT('',(130.825,-3.025,1.5));
#13147=CARTESIAN_POINT('',(130.325,-16.525,1.5));
#13148=CARTESIAN_POINT('Origin',(130.325,-16.025,1.5));
#13149=CARTESIAN_POINT('',(117.325,-16.525,1.5));
#13150=CARTESIAN_POINT('',(117.325,-16.525,1.5));
#13151=CARTESIAN_POINT('',(116.825,-16.025,1.5));
#13152=CARTESIAN_POINT('Origin',(117.325,-16.025,1.5));
#13153=CARTESIAN_POINT('',(116.825,-3.025,1.5));
#13154=CARTESIAN_POINT('',(116.825,-3.025,1.5));
#13155=CARTESIAN_POINT('Origin',(117.325,-3.025,1.5));
#13156=CARTESIAN_POINT('',(219.71875,-2.525,1.5));
#13157=CARTESIAN_POINT('',(232.71875,-2.525,1.5));
#13158=CARTESIAN_POINT('',(219.71875,-2.525,1.5));
#13159=CARTESIAN_POINT('',(233.21875,-3.025,1.5));
#13160=CARTESIAN_POINT('Origin',(232.71875,-3.025,1.5));
#13161=CARTESIAN_POINT('',(233.21875,-16.025,1.5));
#13162=CARTESIAN_POINT('',(233.21875,-3.025,1.5));
#13163=CARTESIAN_POINT('',(232.71875,-16.525,1.5));
#13164=CARTESIAN_POINT('Origin',(232.71875,-16.025,1.5));
#13165=CARTESIAN_POINT('',(219.71875,-16.525,1.5));
#13166=CARTESIAN_POINT('',(219.71875,-16.525,1.5));
#13167=CARTESIAN_POINT('',(219.21875,-16.025,1.5));
#13168=CARTESIAN_POINT('Origin',(219.71875,-16.025,1.5));
#13169=CARTESIAN_POINT('',(219.21875,-3.025,1.5));
#13170=CARTESIAN_POINT('',(219.21875,-3.025,1.5));
#13171=CARTESIAN_POINT('Origin',(219.71875,-3.025,1.5));
#13172=CARTESIAN_POINT('',(98.275,-2.525,1.5));
#13173=CARTESIAN_POINT('',(111.275,-2.525,1.5));
#13174=CARTESIAN_POINT('',(98.275,-2.52499999999999,1.5));
#13175=CARTESIAN_POINT('',(111.775,-3.025,1.5));
#13176=CARTESIAN_POINT('Origin',(111.275,-3.025,1.5));
#13177=CARTESIAN_POINT('',(111.775,-16.025,1.5));
#13178=CARTESIAN_POINT('',(111.775,-3.025,1.5));
#13179=CARTESIAN_POINT('',(111.275,-16.525,1.5));
#13180=CARTESIAN_POINT('Origin',(111.275,-16.025,1.5));
#13181=CARTESIAN_POINT('',(98.275,-16.525,1.5));
#13182=CARTESIAN_POINT('',(98.275,-16.525,1.5));
#13183=CARTESIAN_POINT('',(97.775,-16.025,1.5));
#13184=CARTESIAN_POINT('Origin',(98.275,-16.025,1.5));
#13185=CARTESIAN_POINT('',(97.775,-3.025,1.5));
#13186=CARTESIAN_POINT('',(97.775,-3.025,1.5));
#13187=CARTESIAN_POINT('Origin',(98.275,-3.025,1.5));
#13188=CARTESIAN_POINT('',(59.675,-3.025,1.5));
#13189=CARTESIAN_POINT('',(60.175,-2.525,1.5));
#13190=CARTESIAN_POINT('Origin',(60.175,-3.025,1.5));
#13191=CARTESIAN_POINT('',(73.175,-2.525,1.5));
#13192=CARTESIAN_POINT('',(60.175,-2.525,1.5));
#13193=CARTESIAN_POINT('',(73.675,-3.025,1.5));
#13194=CARTESIAN_POINT('Origin',(73.175,-3.025,1.5));
#13195=CARTESIAN_POINT('',(73.675,-16.025,1.5));
#13196=CARTESIAN_POINT('',(73.675,-3.025,1.5));
#13197=CARTESIAN_POINT('',(73.175,-16.525,1.5));
#13198=CARTESIAN_POINT('Origin',(73.175,-16.025,1.5));
#13199=CARTESIAN_POINT('',(60.175,-16.525,1.5));
#13200=CARTESIAN_POINT('',(60.175,-16.525,1.5));
#13201=CARTESIAN_POINT('',(59.675,-16.025,1.5));
#13202=CARTESIAN_POINT('Origin',(60.175,-16.025,1.5));
#13203=CARTESIAN_POINT('',(59.675,-3.025,1.5));
#13204=CARTESIAN_POINT('',(193.525,-2.525,1.5));
#13205=CARTESIAN_POINT('',(206.525,-2.525,1.5));
#13206=CARTESIAN_POINT('',(193.525,-2.52500000000001,1.5));
#13207=CARTESIAN_POINT('',(207.025,-3.025,1.5));
#13208=CARTESIAN_POINT('Origin',(206.525,-3.025,1.5));
#13209=CARTESIAN_POINT('',(207.025,-16.025,1.5));
#13210=CARTESIAN_POINT('',(207.025,-3.025,1.5));
#13211=CARTESIAN_POINT('',(206.525,-16.525,1.5));
#13212=CARTESIAN_POINT('Origin',(206.525,-16.025,1.5));
#13213=CARTESIAN_POINT('',(193.525,-16.525,1.5));
#13214=CARTESIAN_POINT('',(193.525,-16.525,1.5));
#13215=CARTESIAN_POINT('',(193.025,-16.025,1.5));
#13216=CARTESIAN_POINT('Origin',(193.525,-16.025,1.5));
#13217=CARTESIAN_POINT('',(193.025,-3.025,1.5));
#13218=CARTESIAN_POINT('',(193.025,-3.025,1.5));
#13219=CARTESIAN_POINT('Origin',(193.525,-3.025,1.5));
#13220=CARTESIAN_POINT('',(40.625,-3.025,1.5));
#13221=CARTESIAN_POINT('',(41.125,-2.525,1.5));
#13222=CARTESIAN_POINT('Origin',(41.125,-3.025,1.5));
#13223=CARTESIAN_POINT('',(54.125,-2.525,1.5));
#13224=CARTESIAN_POINT('',(41.125,-2.525,1.5));
#13225=CARTESIAN_POINT('',(54.625,-3.025,1.5));
#13226=CARTESIAN_POINT('Origin',(54.125,-3.025,1.5));
#13227=CARTESIAN_POINT('',(54.625,-16.025,1.5));
#13228=CARTESIAN_POINT('',(54.625,-3.025,1.5));
#13229=CARTESIAN_POINT('',(54.125,-16.525,1.5));
#13230=CARTESIAN_POINT('Origin',(54.125,-16.025,1.5));
#13231=CARTESIAN_POINT('',(41.125,-16.525,1.5));
#13232=CARTESIAN_POINT('',(41.125,-16.525,1.5));
#13233=CARTESIAN_POINT('',(40.625,-16.025,1.5));
#13234=CARTESIAN_POINT('Origin',(41.125,-16.025,1.5));
#13235=CARTESIAN_POINT('',(40.625,-3.025,1.5));
#13236=CARTESIAN_POINT('',(173.975,-3.025,1.5));
#13237=CARTESIAN_POINT('',(174.475,-2.525,1.5));
#13238=CARTESIAN_POINT('Origin',(174.475,-3.025,1.5));
#13239=CARTESIAN_POINT('',(187.475,-2.52499999999999,1.5));
#13240=CARTESIAN_POINT('',(174.475,-2.52499999999999,1.5));
#13241=CARTESIAN_POINT('',(187.975,-3.025,1.5));
#13242=CARTESIAN_POINT('Origin',(187.475,-3.025,1.5));
#13243=CARTESIAN_POINT('',(187.975,-16.025,1.5));
#13244=CARTESIAN_POINT('',(187.975,-3.025,1.5));
#13245=CARTESIAN_POINT('',(187.475,-16.525,1.5));
#13246=CARTESIAN_POINT('Origin',(187.475,-16.025,1.5));
#13247=CARTESIAN_POINT('',(174.475,-16.525,1.5));
#13248=CARTESIAN_POINT('',(174.475,-16.525,1.5));
#13249=CARTESIAN_POINT('',(173.975,-16.025,1.5));
#13250=CARTESIAN_POINT('Origin',(174.475,-16.025,1.5));
#13251=CARTESIAN_POINT('',(173.975,-3.025,1.5));
#13252=CARTESIAN_POINT('',(16.525,-3.025,1.5));
#13253=CARTESIAN_POINT('',(16.525,-16.025,1.5));
#13254=CARTESIAN_POINT('',(16.525,-3.025,1.5));
#13255=CARTESIAN_POINT('',(16.025,-16.525,1.5));
#13256=CARTESIAN_POINT('Origin',(16.025,-16.025,1.5));
#13257=CARTESIAN_POINT('',(3.025,-16.525,1.5));
#13258=CARTESIAN_POINT('',(3.025,-16.525,1.5));
#13259=CARTESIAN_POINT('',(2.525,-16.025,1.5));
#13260=CARTESIAN_POINT('Origin',(3.025,-16.025,1.5));
#13261=CARTESIAN_POINT('',(2.525,-3.025,1.5));
#13262=CARTESIAN_POINT('',(2.525,-3.025,1.5));
#13263=CARTESIAN_POINT('',(3.025,-2.525,1.5));
#13264=CARTESIAN_POINT('Origin',(3.025,-3.025,1.5));
#13265=CARTESIAN_POINT('',(16.025,-2.525,1.5));
#13266=CARTESIAN_POINT('',(3.025,-2.525,1.5));
#13267=CARTESIAN_POINT('Origin',(16.025,-3.025,1.5));
#13268=CARTESIAN_POINT('',(22.075,-2.525,1.5));
#13269=CARTESIAN_POINT('',(35.075,-2.525,1.5));
#13270=CARTESIAN_POINT('',(22.075,-2.525,1.5));
#13271=CARTESIAN_POINT('',(35.575,-3.025,1.5));
#13272=CARTESIAN_POINT('Origin',(35.075,-3.025,1.5));
#13273=CARTESIAN_POINT('',(35.575,-16.025,1.5));
#13274=CARTESIAN_POINT('',(35.575,-3.025,1.5));
#13275=CARTESIAN_POINT('',(35.075,-16.525,1.5));
#13276=CARTESIAN_POINT('Origin',(35.075,-16.025,1.5));
#13277=CARTESIAN_POINT('',(22.075,-16.525,1.5));
#13278=CARTESIAN_POINT('',(22.075,-16.525,1.5));
#13279=CARTESIAN_POINT('',(21.575,-16.025,1.5));
#13280=CARTESIAN_POINT('Origin',(22.075,-16.025,1.5));
#13281=CARTESIAN_POINT('',(21.575,-3.025,1.5));
#13282=CARTESIAN_POINT('',(21.575,-3.025,1.5));
#13283=CARTESIAN_POINT('Origin',(22.075,-3.025,1.5));
#13284=CARTESIAN_POINT('',(149.875,-3.025,1.5));
#13285=CARTESIAN_POINT('',(149.875,-16.025,1.5));
#13286=CARTESIAN_POINT('',(149.875,-3.025,1.5));
#13287=CARTESIAN_POINT('',(149.375,-16.525,1.5));
#13288=CARTESIAN_POINT('Origin',(149.375,-16.025,1.5));
#13289=CARTESIAN_POINT('',(136.375,-16.525,1.5));
#13290=CARTESIAN_POINT('',(136.375,-16.525,1.5));
#13291=CARTESIAN_POINT('',(135.875,-16.025,1.5));
#13292=CARTESIAN_POINT('Origin',(136.375,-16.025,1.5));
#13293=CARTESIAN_POINT('',(135.875,-3.025,1.5));
#13294=CARTESIAN_POINT('',(135.875,-3.025,1.5));
#13295=CARTESIAN_POINT('',(136.375,-2.525,1.5));
#13296=CARTESIAN_POINT('Origin',(136.375,-3.025,1.5));
#13297=CARTESIAN_POINT('',(149.375,-2.525,1.5));
#13298=CARTESIAN_POINT('',(136.375,-2.52499999999999,1.5));
#13299=CARTESIAN_POINT('Origin',(149.375,-3.025,1.5));
#13300=CARTESIAN_POINT('',(207.8125,-40.625,1.5));
#13301=CARTESIAN_POINT('',(220.8125,-40.625,1.5));
#13302=CARTESIAN_POINT('',(207.8125,-40.625,1.5));
#13303=CARTESIAN_POINT('',(221.3125,-41.125,1.5));
#13304=CARTESIAN_POINT('Origin',(220.8125,-41.125,1.5));
#13305=CARTESIAN_POINT('',(221.3125,-54.125,1.5));
#13306=CARTESIAN_POINT('',(221.3125,-41.125,1.5));
#13307=CARTESIAN_POINT('',(220.8125,-54.625,1.5));
#13308=CARTESIAN_POINT('Origin',(220.8125,-54.125,1.5));
#13309=CARTESIAN_POINT('',(207.8125,-54.625,1.5));
#13310=CARTESIAN_POINT('',(207.8125,-54.625,1.5));
#13311=CARTESIAN_POINT('',(207.3125,-54.125,1.5));
#13312=CARTESIAN_POINT('Origin',(207.8125,-54.125,1.5));
#13313=CARTESIAN_POINT('',(207.3125,-41.125,1.5));
#13314=CARTESIAN_POINT('',(207.3125,-41.125,1.5));
#13315=CARTESIAN_POINT('Origin',(207.8125,-41.125,1.5));
#13316=CARTESIAN_POINT('',(226.8625,-40.625,1.5));
#13317=CARTESIAN_POINT('',(239.8625,-40.625,1.5));
#13318=CARTESIAN_POINT('',(226.8625,-40.625,1.5));
#13319=CARTESIAN_POINT('',(240.3625,-41.125,1.5));
#13320=CARTESIAN_POINT('Origin',(239.8625,-41.125,1.5));
#13321=CARTESIAN_POINT('',(240.3625,-54.125,1.5));
#13322=CARTESIAN_POINT('',(240.3625,-41.125,1.5));
#13323=CARTESIAN_POINT('',(239.8625,-54.625,1.5));
#13324=CARTESIAN_POINT('Origin',(239.8625,-54.125,1.5));
#13325=CARTESIAN_POINT('',(226.8625,-54.625,1.5));
#13326=CARTESIAN_POINT('',(226.8625,-54.625,1.5));
#13327=CARTESIAN_POINT('',(226.3625,-54.125,1.5));
#13328=CARTESIAN_POINT('Origin',(226.8625,-54.125,1.5));
#13329=CARTESIAN_POINT('',(226.3625,-41.125,1.5));
#13330=CARTESIAN_POINT('',(226.3625,-41.125,1.5));
#13331=CARTESIAN_POINT('Origin',(226.8625,-41.125,1.5));
#13332=CARTESIAN_POINT('',(150.6625,-40.625,1.5));
#13333=CARTESIAN_POINT('',(163.6625,-40.625,1.5));
#13334=CARTESIAN_POINT('',(150.6625,-40.625,1.5));
#13335=CARTESIAN_POINT('',(164.1625,-41.125,1.5));
#13336=CARTESIAN_POINT('Origin',(163.6625,-41.125,1.5));
#13337=CARTESIAN_POINT('',(164.1625,-54.125,1.5));
#13338=CARTESIAN_POINT('',(164.1625,-41.125,1.5));
#13339=CARTESIAN_POINT('',(163.6625,-54.625,1.5));
#13340=CARTESIAN_POINT('Origin',(163.6625,-54.125,1.5));
#13341=CARTESIAN_POINT('',(150.6625,-54.625,1.5));
#13342=CARTESIAN_POINT('',(150.6625,-54.625,1.5));
#13343=CARTESIAN_POINT('',(150.1625,-54.125,1.5));
#13344=CARTESIAN_POINT('Origin',(150.6625,-54.125,1.5));
#13345=CARTESIAN_POINT('',(150.1625,-41.125,1.5));
#13346=CARTESIAN_POINT('',(150.1625,-41.125,1.5));
#13347=CARTESIAN_POINT('Origin',(150.6625,-41.125,1.5));
#13348=CARTESIAN_POINT('',(68.9125,-41.125,1.5));
#13349=CARTESIAN_POINT('',(68.9125,-54.125,1.5));
#13350=CARTESIAN_POINT('',(68.9125,-41.125,1.5));
#13351=CARTESIAN_POINT('',(68.4125,-54.625,1.5));
#13352=CARTESIAN_POINT('Origin',(68.4125,-54.125,1.5));
#13353=CARTESIAN_POINT('',(55.4125,-54.625,1.5));
#13354=CARTESIAN_POINT('',(55.4125,-54.625,1.5));
#13355=CARTESIAN_POINT('',(54.9125,-54.125,1.5));
#13356=CARTESIAN_POINT('Origin',(55.4125,-54.125,1.5));
#13357=CARTESIAN_POINT('',(54.9125,-41.125,1.5));
#13358=CARTESIAN_POINT('',(54.9125,-41.125,1.5));
#13359=CARTESIAN_POINT('',(55.4125,-40.625,1.5));
#13360=CARTESIAN_POINT('Origin',(55.4125,-41.125,1.5));
#13361=CARTESIAN_POINT('',(68.4125,-40.625,1.5));
#13362=CARTESIAN_POINT('',(55.4125,-40.625,1.5));
#13363=CARTESIAN_POINT('Origin',(68.4125,-41.125,1.5));
#13364=CARTESIAN_POINT('',(169.7125,-40.625,1.5));
#13365=CARTESIAN_POINT('',(182.7125,-40.625,1.5));
#13366=CARTESIAN_POINT('',(169.7125,-40.625,1.5));
#13367=CARTESIAN_POINT('',(183.2125,-41.125,1.5));
#13368=CARTESIAN_POINT('Origin',(182.7125,-41.125,1.5));
#13369=CARTESIAN_POINT('',(183.2125,-54.125,1.5));
#13370=CARTESIAN_POINT('',(183.2125,-41.125,1.5));
#13371=CARTESIAN_POINT('',(182.7125,-54.625,1.5));
#13372=CARTESIAN_POINT('Origin',(182.7125,-54.125,1.5));
#13373=CARTESIAN_POINT('',(169.7125,-54.625,1.5));
#13374=CARTESIAN_POINT('',(169.7125,-54.625,1.5));
#13375=CARTESIAN_POINT('',(169.2125,-54.125,1.5));
#13376=CARTESIAN_POINT('Origin',(169.7125,-54.125,1.5));
#13377=CARTESIAN_POINT('',(169.2125,-41.125,1.5));
#13378=CARTESIAN_POINT('',(169.2125,-41.125,1.5));
#13379=CARTESIAN_POINT('Origin',(169.7125,-41.125,1.5));
#13380=CARTESIAN_POINT('',(112.5625,-40.625,1.5));
#13381=CARTESIAN_POINT('',(125.5625,-40.625,1.5));
#13382=CARTESIAN_POINT('',(112.5625,-40.625,1.5));
#13383=CARTESIAN_POINT('',(126.0625,-41.125,1.5));
#13384=CARTESIAN_POINT('Origin',(125.5625,-41.125,1.5));
#13385=CARTESIAN_POINT('',(126.0625,-54.125,1.5));
#13386=CARTESIAN_POINT('',(126.0625,-41.125,1.5));
#13387=CARTESIAN_POINT('',(125.5625,-54.625,1.5));
#13388=CARTESIAN_POINT('Origin',(125.5625,-54.125,1.5));
#13389=CARTESIAN_POINT('',(112.5625,-54.625,1.5));
#13390=CARTESIAN_POINT('',(112.5625,-54.625,1.5));
#13391=CARTESIAN_POINT('',(112.0625,-54.125,1.5));
#13392=CARTESIAN_POINT('Origin',(112.5625,-54.125,1.5));
#13393=CARTESIAN_POINT('',(112.0625,-41.125,1.5));
#13394=CARTESIAN_POINT('',(112.0625,-41.125,1.5));
#13395=CARTESIAN_POINT('Origin',(112.5625,-41.125,1.5));
#13396=CARTESIAN_POINT('',(93.5125,-40.625,1.5));
#13397=CARTESIAN_POINT('',(106.5125,-40.625,1.5));
#13398=CARTESIAN_POINT('',(93.5125,-40.625,1.5));
#13399=CARTESIAN_POINT('',(107.0125,-41.125,1.5));
#13400=CARTESIAN_POINT('Origin',(106.5125,-41.125,1.5));
#13401=CARTESIAN_POINT('',(107.0125,-54.125,1.5));
#13402=CARTESIAN_POINT('',(107.0125,-41.125,1.5));
#13403=CARTESIAN_POINT('',(106.5125,-54.625,1.5));
#13404=CARTESIAN_POINT('Origin',(106.5125,-54.125,1.5));
#13405=CARTESIAN_POINT('',(93.5125,-54.625,1.5));
#13406=CARTESIAN_POINT('',(93.5125,-54.625,1.5));
#13407=CARTESIAN_POINT('',(93.0125,-54.125,1.5));
#13408=CARTESIAN_POINT('Origin',(93.5125,-54.125,1.5));
#13409=CARTESIAN_POINT('',(93.0125,-41.125,1.5));
#13410=CARTESIAN_POINT('',(93.0125,-41.125,1.5));
#13411=CARTESIAN_POINT('Origin',(93.5125,-41.125,1.5));
#13412=CARTESIAN_POINT('',(235.6,-22.075,1.5));
#13413=CARTESIAN_POINT('',(235.6,-35.075,1.5));
#13414=CARTESIAN_POINT('',(235.6,-22.075,1.5));
#13415=CARTESIAN_POINT('',(235.1,-35.575,1.5));
#13416=CARTESIAN_POINT('Origin',(235.1,-35.075,1.5));
#13417=CARTESIAN_POINT('',(222.1,-35.575,1.5));
#13418=CARTESIAN_POINT('',(222.1,-35.575,1.5));
#13419=CARTESIAN_POINT('',(221.6,-35.075,1.5));
#13420=CARTESIAN_POINT('Origin',(222.1,-35.075,1.5));
#13421=CARTESIAN_POINT('',(221.6,-22.075,1.5));
#13422=CARTESIAN_POINT('',(221.6,-22.075,1.5));
#13423=CARTESIAN_POINT('',(222.1,-21.575,1.5));
#13424=CARTESIAN_POINT('Origin',(222.1,-22.075,1.5));
#13425=CARTESIAN_POINT('',(235.1,-21.575,1.5));
#13426=CARTESIAN_POINT('',(222.1,-21.575,1.5));
#13427=CARTESIAN_POINT('Origin',(235.1,-22.075,1.5));
#13428=CARTESIAN_POINT('',(131.6125,-40.625,1.5));
#13429=CARTESIAN_POINT('',(144.6125,-40.625,1.5));
#13430=CARTESIAN_POINT('',(131.6125,-40.625,1.5));
#13431=CARTESIAN_POINT('',(145.1125,-41.125,1.5));
#13432=CARTESIAN_POINT('Origin',(144.6125,-41.125,1.5));
#13433=CARTESIAN_POINT('',(145.1125,-54.125,1.5));
#13434=CARTESIAN_POINT('',(145.1125,-41.125,1.5));
#13435=CARTESIAN_POINT('',(144.6125,-54.625,1.5));
#13436=CARTESIAN_POINT('Origin',(144.6125,-54.125,1.5));
#13437=CARTESIAN_POINT('',(131.6125,-54.625,1.5));
#13438=CARTESIAN_POINT('',(131.6125,-54.625,1.5));
#13439=CARTESIAN_POINT('',(131.1125,-54.125,1.5));
#13440=CARTESIAN_POINT('Origin',(131.6125,-54.125,1.5));
#13441=CARTESIAN_POINT('',(131.1125,-41.125,1.5));
#13442=CARTESIAN_POINT('',(131.1125,-41.125,1.5));
#13443=CARTESIAN_POINT('Origin',(131.6125,-41.125,1.5));
#13444=CARTESIAN_POINT('',(10.16875,-40.625,1.5));
#13445=CARTESIAN_POINT('',(23.16875,-40.625,1.5));
#13446=CARTESIAN_POINT('',(10.16875,-40.625,1.5));
#13447=CARTESIAN_POINT('',(23.66875,-41.125,1.5));
#13448=CARTESIAN_POINT('Origin',(23.16875,-41.125,1.5));
#13449=CARTESIAN_POINT('',(23.66875,-54.125,1.5));
#13450=CARTESIAN_POINT('',(23.66875,-41.125,1.5));
#13451=CARTESIAN_POINT('',(23.16875,-54.625,1.5));
#13452=CARTESIAN_POINT('Origin',(23.16875,-54.125,1.5));
#13453=CARTESIAN_POINT('',(10.16875,-54.625,1.5));
#13454=CARTESIAN_POINT('',(10.16875,-54.625,1.5));
#13455=CARTESIAN_POINT('',(9.66875,-54.125,1.5));
#13456=CARTESIAN_POINT('Origin',(10.16875,-54.125,1.5));
#13457=CARTESIAN_POINT('',(9.66875,-41.125,1.5));
#13458=CARTESIAN_POINT('',(9.66875,-41.125,1.5));
#13459=CARTESIAN_POINT('Origin',(10.16875,-41.125,1.5));
#13460=CARTESIAN_POINT('',(74.4625,-40.625,1.5));
#13461=CARTESIAN_POINT('',(87.4625,-40.625,1.5));
#13462=CARTESIAN_POINT('',(74.4625,-40.625,1.5));
#13463=CARTESIAN_POINT('',(87.9625,-41.125,1.5));
#13464=CARTESIAN_POINT('Origin',(87.4625,-41.125,1.5));
#13465=CARTESIAN_POINT('',(87.9625,-54.125,1.5));
#13466=CARTESIAN_POINT('',(87.9625,-41.125,1.5));
#13467=CARTESIAN_POINT('',(87.4625,-54.625,1.5));
#13468=CARTESIAN_POINT('Origin',(87.4625,-54.125,1.5));
#13469=CARTESIAN_POINT('',(74.4625,-54.625,1.5));
#13470=CARTESIAN_POINT('',(74.4625,-54.625,1.5));
#13471=CARTESIAN_POINT('',(73.9625,-54.125,1.5));
#13472=CARTESIAN_POINT('Origin',(74.4625,-54.125,1.5));
#13473=CARTESIAN_POINT('',(73.9625,-41.125,1.5));
#13474=CARTESIAN_POINT('',(73.9625,-41.125,1.5));
#13475=CARTESIAN_POINT('Origin',(74.4625,-41.125,1.5));
#13476=CARTESIAN_POINT('',(49.3625,-54.625,1.5));
#13477=CARTESIAN_POINT('',(36.3625,-54.625,1.5));
#13478=CARTESIAN_POINT('',(36.3625,-54.625,1.5));
#13479=CARTESIAN_POINT('',(35.8625,-54.125,1.5));
#13480=CARTESIAN_POINT('Origin',(36.3625,-54.125,1.5));
#13481=CARTESIAN_POINT('',(35.8625,-41.125,1.5));
#13482=CARTESIAN_POINT('',(35.8625,-41.125,1.5));
#13483=CARTESIAN_POINT('',(36.3625,-40.625,1.5));
#13484=CARTESIAN_POINT('Origin',(36.3625,-41.125,1.5));
#13485=CARTESIAN_POINT('',(49.3625,-40.625,1.5));
#13486=CARTESIAN_POINT('',(49.3625,-40.625,1.5));
#13487=CARTESIAN_POINT('',(49.8625,-41.125,1.5));
#13488=CARTESIAN_POINT('Origin',(49.3625,-41.125,1.5));
#13489=CARTESIAN_POINT('',(49.8625,-54.125,1.5));
#13490=CARTESIAN_POINT('',(49.8625,-54.125,1.5));
#13491=CARTESIAN_POINT('Origin',(49.3625,-54.125,1.5));
#13492=CARTESIAN_POINT('',(188.7625,-40.625,1.5));
#13493=CARTESIAN_POINT('',(201.7625,-40.625,1.5));
#13494=CARTESIAN_POINT('',(188.7625,-40.625,1.5));
#13495=CARTESIAN_POINT('',(202.2625,-41.125,1.5));
#13496=CARTESIAN_POINT('Origin',(201.7625,-41.125,1.5));
#13497=CARTESIAN_POINT('',(202.2625,-54.125,1.5));
#13498=CARTESIAN_POINT('',(202.2625,-41.125,1.5));
#13499=CARTESIAN_POINT('',(201.7625,-54.625,1.5));
#13500=CARTESIAN_POINT('Origin',(201.7625,-54.125,1.5));
#13501=CARTESIAN_POINT('',(188.7625,-54.625,1.5));
#13502=CARTESIAN_POINT('',(188.7625,-54.625,1.5));
#13503=CARTESIAN_POINT('',(188.2625,-54.125,1.5));
#13504=CARTESIAN_POINT('Origin',(188.7625,-54.125,1.5));
#13505=CARTESIAN_POINT('',(188.2625,-41.125,1.5));
#13506=CARTESIAN_POINT('',(188.2625,-41.125,1.5));
#13507=CARTESIAN_POINT('Origin',(188.7625,-41.125,1.5));
#13508=CARTESIAN_POINT('',(192.2375,-35.575,1.5));
#13509=CARTESIAN_POINT('',(179.2375,-35.575,1.5));
#13510=CARTESIAN_POINT('',(192.2375,-35.575,1.5));
#13511=CARTESIAN_POINT('',(178.7375,-35.075,1.5));
#13512=CARTESIAN_POINT('Origin',(179.2375,-35.075,1.5));
#13513=CARTESIAN_POINT('',(178.7375,-22.075,1.5));
#13514=CARTESIAN_POINT('',(178.7375,-35.075,1.5));
#13515=CARTESIAN_POINT('',(179.2375,-21.575,1.5));
#13516=CARTESIAN_POINT('Origin',(179.2375,-22.075,1.5));
#13517=CARTESIAN_POINT('',(192.2375,-21.575,1.5));
#13518=CARTESIAN_POINT('',(179.2375,-21.575,1.5));
#13519=CARTESIAN_POINT('',(192.7375,-22.075,1.5));
#13520=CARTESIAN_POINT('Origin',(192.2375,-22.075,1.5));
#13521=CARTESIAN_POINT('',(192.7375,-35.075,1.5));
#13522=CARTESIAN_POINT('',(192.7375,-22.075,1.5));
#13523=CARTESIAN_POINT('Origin',(192.2375,-35.075,1.5));
#13524=CARTESIAN_POINT('',(211.7875,-22.075,1.5));
#13525=CARTESIAN_POINT('',(211.7875,-35.075,1.5));
#13526=CARTESIAN_POINT('',(211.7875,-35.075,1.5));
#13527=CARTESIAN_POINT('',(211.2875,-35.575,1.5));
#13528=CARTESIAN_POINT('Origin',(211.2875,-35.075,1.5));
#13529=CARTESIAN_POINT('',(198.2875,-35.575,1.5));
#13530=CARTESIAN_POINT('',(198.2875,-35.575,1.5));
#13531=CARTESIAN_POINT('',(197.7875,-35.075,1.5));
#13532=CARTESIAN_POINT('Origin',(198.2875,-35.075,1.5));
#13533=CARTESIAN_POINT('',(197.7875,-22.075,1.5));
#13534=CARTESIAN_POINT('',(197.7875,-22.075,1.5));
#13535=CARTESIAN_POINT('',(198.2875,-21.575,1.5));
#13536=CARTESIAN_POINT('Origin',(198.2875,-22.075,1.5));
#13537=CARTESIAN_POINT('',(211.2875,-21.575,1.5));
#13538=CARTESIAN_POINT('',(211.2875,-21.575,1.5));
#13539=CARTESIAN_POINT('Origin',(211.2875,-22.075,1.5));
#13540=CARTESIAN_POINT('',(173.6875,-35.075,1.5));
#13541=CARTESIAN_POINT('',(173.1875,-35.575,1.5));
#13542=CARTESIAN_POINT('Origin',(173.1875,-35.075,1.5));
#13543=CARTESIAN_POINT('',(160.1875,-35.575,1.5));
#13544=CARTESIAN_POINT('',(173.1875,-35.575,1.5));
#13545=CARTESIAN_POINT('',(159.6875,-35.075,1.5));
#13546=CARTESIAN_POINT('Origin',(160.1875,-35.075,1.5));
#13547=CARTESIAN_POINT('',(159.6875,-22.075,1.5));
#13548=CARTESIAN_POINT('',(159.6875,-35.075,1.5));
#13549=CARTESIAN_POINT('',(160.1875,-21.575,1.5));
#13550=CARTESIAN_POINT('Origin',(160.1875,-22.075,1.5));
#13551=CARTESIAN_POINT('',(173.1875,-21.575,1.5));
#13552=CARTESIAN_POINT('',(160.1875,-21.575,1.5));
#13553=CARTESIAN_POINT('',(173.6875,-22.075,1.5));
#13554=CARTESIAN_POINT('Origin',(173.1875,-22.075,1.5));
#13555=CARTESIAN_POINT('',(173.6875,-22.075,1.5));
#13556=CARTESIAN_POINT('',(141.1375,-35.575,1.5));
#13557=CARTESIAN_POINT('',(140.6375,-35.075,1.5));
#13558=CARTESIAN_POINT('Origin',(141.1375,-35.075,1.5));
#13559=CARTESIAN_POINT('',(140.6375,-22.075,1.5));
#13560=CARTESIAN_POINT('',(140.6375,-22.075,1.5));
#13561=CARTESIAN_POINT('',(141.1375,-21.575,1.5));
#13562=CARTESIAN_POINT('Origin',(141.1375,-22.075,1.5));
#13563=CARTESIAN_POINT('',(154.1375,-21.575,1.5));
#13564=CARTESIAN_POINT('',(154.1375,-21.575,1.5));
#13565=CARTESIAN_POINT('',(154.6375,-22.075,1.5));
#13566=CARTESIAN_POINT('Origin',(154.1375,-22.075,1.5));
#13567=CARTESIAN_POINT('',(154.6375,-35.075,1.5));
#13568=CARTESIAN_POINT('',(154.6375,-35.075,1.5));
#13569=CARTESIAN_POINT('',(154.1375,-35.575,1.5));
#13570=CARTESIAN_POINT('Origin',(154.1375,-35.075,1.5));
#13571=CARTESIAN_POINT('',(141.1375,-35.575,1.5));
#13572=CARTESIAN_POINT('',(135.5875,-35.075,1.5));
#13573=CARTESIAN_POINT('',(135.0875,-35.575,1.5));
#13574=CARTESIAN_POINT('Origin',(135.0875,-35.075,1.5));
#13575=CARTESIAN_POINT('',(122.0875,-35.575,1.5));
#13576=CARTESIAN_POINT('',(135.0875,-35.575,1.5));
#13577=CARTESIAN_POINT('',(121.5875,-35.075,1.5));
#13578=CARTESIAN_POINT('Origin',(122.0875,-35.075,1.5));
#13579=CARTESIAN_POINT('',(121.5875,-22.075,1.5));
#13580=CARTESIAN_POINT('',(121.5875,-35.075,1.5));
#13581=CARTESIAN_POINT('',(122.0875,-21.575,1.5));
#13582=CARTESIAN_POINT('Origin',(122.0875,-22.075,1.5));
#13583=CARTESIAN_POINT('',(135.0875,-21.575,1.5));
#13584=CARTESIAN_POINT('',(122.0875,-21.575,1.5));
#13585=CARTESIAN_POINT('',(135.5875,-22.075,1.5));
#13586=CARTESIAN_POINT('Origin',(135.0875,-22.075,1.5));
#13587=CARTESIAN_POINT('',(135.5875,-22.075,1.5));
#13588=CARTESIAN_POINT('',(116.0375,-21.575,1.5));
#13589=CARTESIAN_POINT('',(116.5375,-22.075,1.5));
#13590=CARTESIAN_POINT('Origin',(116.0375,-22.075,1.5));
#13591=CARTESIAN_POINT('',(116.5375,-35.075,1.5));
#13592=CARTESIAN_POINT('',(116.5375,-35.075,1.5));
#13593=CARTESIAN_POINT('',(116.0375,-35.575,1.5));
#13594=CARTESIAN_POINT('Origin',(116.0375,-35.075,1.5));
#13595=CARTESIAN_POINT('',(103.0375,-35.575,1.5));
#13596=CARTESIAN_POINT('',(103.0375,-35.575,1.5));
#13597=CARTESIAN_POINT('',(102.5375,-35.075,1.5));
#13598=CARTESIAN_POINT('Origin',(103.0375,-35.075,1.5));
#13599=CARTESIAN_POINT('',(102.5375,-22.075,1.5));
#13600=CARTESIAN_POINT('',(102.5375,-22.075,1.5));
#13601=CARTESIAN_POINT('',(103.0375,-21.575,1.5));
#13602=CARTESIAN_POINT('Origin',(103.0375,-22.075,1.5));
#13603=CARTESIAN_POINT('',(116.0375,-21.575,1.5));
#13604=CARTESIAN_POINT('',(78.4375,-22.075,1.5));
#13605=CARTESIAN_POINT('',(78.4375,-35.075,1.5));
#13606=CARTESIAN_POINT('',(78.4375,-22.075,1.5));
#13607=CARTESIAN_POINT('',(77.9375,-35.575,1.5));
#13608=CARTESIAN_POINT('Origin',(77.9375,-35.075,1.5));
#13609=CARTESIAN_POINT('',(64.9375,-35.575,1.5));
#13610=CARTESIAN_POINT('',(64.9375,-35.575,1.5));
#13611=CARTESIAN_POINT('',(64.4375,-35.075,1.5));
#13612=CARTESIAN_POINT('Origin',(64.9375,-35.075,1.5));
#13613=CARTESIAN_POINT('',(64.4375,-22.075,1.5));
#13614=CARTESIAN_POINT('',(64.4375,-22.075,1.5));
#13615=CARTESIAN_POINT('',(64.9375,-21.575,1.5));
#13616=CARTESIAN_POINT('Origin',(64.9375,-22.075,1.5));
#13617=CARTESIAN_POINT('',(77.9375,-21.575,1.5));
#13618=CARTESIAN_POINT('',(64.9375,-21.575,1.5));
#13619=CARTESIAN_POINT('Origin',(77.9375,-22.075,1.5));
#13620=CARTESIAN_POINT('',(83.9875,-21.575,1.5));
#13621=CARTESIAN_POINT('',(96.9875,-21.575,1.5));
#13622=CARTESIAN_POINT('',(83.9875,-21.575,1.5));
#13623=CARTESIAN_POINT('',(97.4875,-22.075,1.5));
#13624=CARTESIAN_POINT('Origin',(96.9875,-22.075,1.5));
#13625=CARTESIAN_POINT('',(97.4875,-35.075,1.5));
#13626=CARTESIAN_POINT('',(97.4875,-22.075,1.5));
#13627=CARTESIAN_POINT('',(96.9875,-35.575,1.5));
#13628=CARTESIAN_POINT('Origin',(96.9875,-35.075,1.5));
#13629=CARTESIAN_POINT('',(83.9875,-35.575,1.5));
#13630=CARTESIAN_POINT('',(83.9875,-35.575,1.5));
#13631=CARTESIAN_POINT('',(83.4875,-35.075,1.5));
#13632=CARTESIAN_POINT('Origin',(83.9875,-35.075,1.5));
#13633=CARTESIAN_POINT('',(83.4875,-22.075,1.5));
#13634=CARTESIAN_POINT('',(83.4875,-22.075,1.5));
#13635=CARTESIAN_POINT('Origin',(83.9875,-22.075,1.5));
#13636=CARTESIAN_POINT('',(45.8875,-21.575,1.5));
#13637=CARTESIAN_POINT('',(58.8875,-21.575,1.5));
#13638=CARTESIAN_POINT('',(45.8875,-21.575,1.5));
#13639=CARTESIAN_POINT('',(59.3875,-22.075,1.5));
#13640=CARTESIAN_POINT('Origin',(58.8875,-22.075,1.5));
#13641=CARTESIAN_POINT('',(59.3875,-35.075,1.5));
#13642=CARTESIAN_POINT('',(59.3875,-22.075,1.5));
#13643=CARTESIAN_POINT('',(58.8875,-35.575,1.5));
#13644=CARTESIAN_POINT('Origin',(58.8875,-35.075,1.5));
#13645=CARTESIAN_POINT('',(45.8875,-35.575,1.5));
#13646=CARTESIAN_POINT('',(45.8875,-35.575,1.5));
#13647=CARTESIAN_POINT('',(45.3875,-35.075,1.5));
#13648=CARTESIAN_POINT('Origin',(45.8875,-35.075,1.5));
#13649=CARTESIAN_POINT('',(45.3875,-22.075,1.5));
#13650=CARTESIAN_POINT('',(45.3875,-22.075,1.5));
#13651=CARTESIAN_POINT('Origin',(45.8875,-22.075,1.5));
#13652=CARTESIAN_POINT('Origin',(82.69325,-58.175,0.));
#13653=CARTESIAN_POINT('',(82.69325,-57.675,0.));
#13654=CARTESIAN_POINT('Origin',(88.69325,-58.175,0.));
#13655=CARTESIAN_POINT('',(88.69325,-57.675,0.));
#13656=CARTESIAN_POINT('Origin',(82.69325,-57.675,0.));
#13657=CARTESIAN_POINT('Origin',(112.56925,-58.175,0.));
#13658=CARTESIAN_POINT('',(112.56925,-57.675,0.));
#13659=CARTESIAN_POINT('Origin',(106.56925,-57.675,0.));
#13660=CARTESIAN_POINT('',(106.56925,-57.675,0.));
#13661=CARTESIAN_POINT('Origin',(106.56925,-58.175,0.));
#13662=CARTESIAN_POINT('Origin',(153.0505,-58.175,0.));
#13663=CARTESIAN_POINT('',(153.0505,-57.675,0.));
#13664=CARTESIAN_POINT('Origin',(147.0505,-57.675,0.));
#13665=CARTESIAN_POINT('',(147.0505,-57.675,0.));
#13666=CARTESIAN_POINT('Origin',(147.0505,-58.175,0.));
#13667=CARTESIAN_POINT('Origin',(129.1745,-58.175,0.));
#13668=CARTESIAN_POINT('',(129.1745,-57.675,0.));
#13669=CARTESIAN_POINT('Origin',(123.1745,-57.675,0.));
#13670=CARTESIAN_POINT('',(123.1745,-57.675,0.));
#13671=CARTESIAN_POINT('Origin',(123.1745,-58.175,0.));
#13672=CARTESIAN_POINT('Origin',(188.7625,-60.175,0.));
#13673=CARTESIAN_POINT('',(188.7625,-59.675,0.));
#13674=CARTESIAN_POINT('',(188.2625,-60.175,0.));
#13675=CARTESIAN_POINT('Origin',(188.2625,-73.175,0.));
#13676=CARTESIAN_POINT('',(188.2625,-73.175,0.));
#13677=CARTESIAN_POINT('Origin',(188.7625,-73.175,0.));
#13678=CARTESIAN_POINT('',(188.7625,-73.675,0.));
#13679=CARTESIAN_POINT('Origin',(201.7625,-73.675,0.));
#13680=CARTESIAN_POINT('',(201.7625,-73.675,0.));
#13681=CARTESIAN_POINT('Origin',(201.7625,-73.175,0.));
#13682=CARTESIAN_POINT('',(202.2625,-73.175,0.));
#13683=CARTESIAN_POINT('Origin',(202.2625,-60.175,0.));
#13684=CARTESIAN_POINT('',(202.2625,-60.175,0.));
#13685=CARTESIAN_POINT('Origin',(201.7625,-60.175,0.));
#13686=CARTESIAN_POINT('',(201.7625,-59.675,0.));
#13687=CARTESIAN_POINT('Origin',(188.7625,-59.675,0.));
#13688=CARTESIAN_POINT('Origin',(22.075,-60.175,0.));
#13689=CARTESIAN_POINT('',(22.075,-59.675,0.));
#13690=CARTESIAN_POINT('',(21.575,-60.175,0.));
#13691=CARTESIAN_POINT('Origin',(21.575,-73.175,0.));
#13692=CARTESIAN_POINT('',(21.575,-73.175,0.));
#13693=CARTESIAN_POINT('Origin',(22.075,-73.175,0.));
#13694=CARTESIAN_POINT('',(22.075,-73.675,0.));
#13695=CARTESIAN_POINT('Origin',(54.125,-73.675,0.));
#13696=CARTESIAN_POINT('',(54.125,-73.675,0.));
#13697=CARTESIAN_POINT('Origin',(54.125,-73.175,0.));
#13698=CARTESIAN_POINT('',(54.625,-73.175,0.));
#13699=CARTESIAN_POINT('Origin',(54.625,-60.175,0.));
#13700=CARTESIAN_POINT('',(54.625,-60.175,0.));
#13701=CARTESIAN_POINT('Origin',(54.125,-60.175,0.));
#13702=CARTESIAN_POINT('',(54.125,-59.675,0.));
#13703=CARTESIAN_POINT('Origin',(22.075,-59.675,0.));
#13704=CARTESIAN_POINT('Origin',(131.6125,-60.175,0.));
#13705=CARTESIAN_POINT('',(131.6125,-59.675,0.));
#13706=CARTESIAN_POINT('',(131.1125,-60.175,0.));
#13707=CARTESIAN_POINT('Origin',(131.1125,-73.175,0.));
#13708=CARTESIAN_POINT('',(131.1125,-73.175,0.));
#13709=CARTESIAN_POINT('Origin',(131.6125,-73.175,0.));
#13710=CARTESIAN_POINT('',(131.6125,-73.675,0.));
#13711=CARTESIAN_POINT('Origin',(144.6125,-73.675,0.));
#13712=CARTESIAN_POINT('',(144.6125,-73.675,0.));
#13713=CARTESIAN_POINT('Origin',(144.6125,-73.175,0.));
#13714=CARTESIAN_POINT('',(145.1125,-73.175,0.));
#13715=CARTESIAN_POINT('Origin',(145.1125,-60.175,0.));
#13716=CARTESIAN_POINT('',(145.1125,-60.175,0.));
#13717=CARTESIAN_POINT('Origin',(144.6125,-60.175,0.));
#13718=CARTESIAN_POINT('',(144.6125,-59.675,0.));
#13719=CARTESIAN_POINT('Origin',(131.6125,-59.675,0.));
#13720=CARTESIAN_POINT('Origin',(57.79375,-60.175,0.));
#13721=CARTESIAN_POINT('',(57.79375,-59.675,0.));
#13722=CARTESIAN_POINT('',(57.29375,-60.175,0.));
#13723=CARTESIAN_POINT('Origin',(57.29375,-73.175,0.));
#13724=CARTESIAN_POINT('',(57.29375,-73.175,0.));
#13725=CARTESIAN_POINT('Origin',(57.79375,-73.175,0.));
#13726=CARTESIAN_POINT('',(57.79375,-73.675,0.));
#13727=CARTESIAN_POINT('Origin',(73.175,-73.675,0.));
#13728=CARTESIAN_POINT('',(73.175,-73.675,0.));
#13729=CARTESIAN_POINT('Origin',(73.175,-73.175,0.));
#13730=CARTESIAN_POINT('',(73.675,-73.175,0.));
#13731=CARTESIAN_POINT('Origin',(73.675,-60.175,0.));
#13732=CARTESIAN_POINT('',(73.675,-60.175,0.));
#13733=CARTESIAN_POINT('Origin',(73.175,-60.175,0.));
#13734=CARTESIAN_POINT('',(73.175,-59.675,0.));
#13735=CARTESIAN_POINT('Origin',(57.79375,-59.675,0.));
#13736=CARTESIAN_POINT('Origin',(207.8125,-60.175,0.));
#13737=CARTESIAN_POINT('',(207.8125,-59.675,0.));
#13738=CARTESIAN_POINT('',(207.3125,-60.175,0.));
#13739=CARTESIAN_POINT('Origin',(207.3125,-73.175,0.));
#13740=CARTESIAN_POINT('',(207.3125,-73.175,0.));
#13741=CARTESIAN_POINT('Origin',(207.8125,-73.175,0.));
#13742=CARTESIAN_POINT('',(207.8125,-73.675,0.));
#13743=CARTESIAN_POINT('Origin',(239.8625,-73.675,0.));
#13744=CARTESIAN_POINT('',(239.8625,-73.675,0.));
#13745=CARTESIAN_POINT('Origin',(239.8625,-73.175,0.));
#13746=CARTESIAN_POINT('',(240.3625,-73.175,0.));
#13747=CARTESIAN_POINT('Origin',(240.3625,-60.175,0.));
#13748=CARTESIAN_POINT('',(240.3625,-60.175,0.));
#13749=CARTESIAN_POINT('Origin',(239.8625,-60.175,0.));
#13750=CARTESIAN_POINT('',(239.8625,-59.675,0.));
#13751=CARTESIAN_POINT('Origin',(207.8125,-59.675,0.));
#13752=CARTESIAN_POINT('Origin',(91.13125,-60.175,0.));
#13753=CARTESIAN_POINT('',(91.13125,-59.675,0.));
#13754=CARTESIAN_POINT('',(90.63125,-60.175,0.));
#13755=CARTESIAN_POINT('Origin',(90.63125,-73.175,0.));
#13756=CARTESIAN_POINT('',(90.63125,-73.175,0.));
#13757=CARTESIAN_POINT('Origin',(91.13125,-73.175,0.));
#13758=CARTESIAN_POINT('',(91.13125,-73.675,0.));
#13759=CARTESIAN_POINT('Origin',(104.13125,-73.675,0.));
#13760=CARTESIAN_POINT('',(104.13125,-73.675,0.));
#13761=CARTESIAN_POINT('Origin',(104.13125,-73.175,0.));
#13762=CARTESIAN_POINT('',(104.63125,-73.175,0.));
#13763=CARTESIAN_POINT('Origin',(104.63125,-60.175,0.));
#13764=CARTESIAN_POINT('',(104.63125,-60.175,0.));
#13765=CARTESIAN_POINT('Origin',(104.13125,-60.175,0.));
#13766=CARTESIAN_POINT('',(104.13125,-59.675,0.));
#13767=CARTESIAN_POINT('Origin',(91.13125,-59.675,0.));
#13768=CARTESIAN_POINT('Origin',(3.025,-60.175,0.));
#13769=CARTESIAN_POINT('',(3.025,-59.675,0.));
#13770=CARTESIAN_POINT('',(2.525,-60.175,0.));
#13771=CARTESIAN_POINT('Origin',(2.525,-73.175,0.));
#13772=CARTESIAN_POINT('',(2.525,-73.175,0.));
#13773=CARTESIAN_POINT('Origin',(3.025,-73.175,0.));
#13774=CARTESIAN_POINT('',(3.025,-73.675,0.));
#13775=CARTESIAN_POINT('Origin',(18.40625,-73.675,0.));
#13776=CARTESIAN_POINT('',(18.40625,-73.675,0.));
#13777=CARTESIAN_POINT('Origin',(18.40625,-73.175,0.));
#13778=CARTESIAN_POINT('',(18.90625,-73.175,0.));
#13779=CARTESIAN_POINT('Origin',(18.90625,-60.175,0.));
#13780=CARTESIAN_POINT('',(18.90625,-60.175,0.));
#13781=CARTESIAN_POINT('Origin',(18.40625,-60.175,0.));
#13782=CARTESIAN_POINT('',(18.40625,-59.675,0.));
#13783=CARTESIAN_POINT('Origin',(3.025,-59.675,0.));
#13784=CARTESIAN_POINT('Origin',(162.06875,-73.175,0.));
#13785=CARTESIAN_POINT('',(162.06875,-60.175,0.));
#13786=CARTESIAN_POINT('',(162.06875,-73.175,0.));
#13787=CARTESIAN_POINT('Origin',(162.56875,-73.175,0.));
#13788=CARTESIAN_POINT('',(162.56875,-73.675,0.));
#13789=CARTESIAN_POINT('Origin',(177.95,-73.675,0.));
#13790=CARTESIAN_POINT('',(177.95,-73.675,0.));
#13791=CARTESIAN_POINT('Origin',(177.95,-73.175,0.));
#13792=CARTESIAN_POINT('',(178.45,-73.175,0.));
#13793=CARTESIAN_POINT('Origin',(178.45,-60.175,0.));
#13794=CARTESIAN_POINT('',(178.45,-60.175,0.));
#13795=CARTESIAN_POINT('Origin',(177.95,-60.175,0.));
#13796=CARTESIAN_POINT('',(177.95,-59.675,0.));
#13797=CARTESIAN_POINT('Origin',(162.56875,-59.675,0.));
#13798=CARTESIAN_POINT('',(162.56875,-59.675,0.));
#13799=CARTESIAN_POINT('Origin',(162.56875,-60.175,0.));
#13800=CARTESIAN_POINT('Origin',(5.40625,-22.075,0.));
#13801=CARTESIAN_POINT('',(5.40625,-21.575,0.));
#13802=CARTESIAN_POINT('',(4.90625,-22.075,0.));
#13803=CARTESIAN_POINT('Origin',(4.90625,-35.075,0.));
#13804=CARTESIAN_POINT('',(4.90625,-35.075,0.));
#13805=CARTESIAN_POINT('Origin',(5.40625,-35.075,0.));
#13806=CARTESIAN_POINT('',(5.40625,-35.575,0.));
#13807=CARTESIAN_POINT('Origin',(18.40625,-35.575,0.));
#13808=CARTESIAN_POINT('',(18.40625,-35.575,0.));
#13809=CARTESIAN_POINT('Origin',(18.40625,-35.075,0.));
#13810=CARTESIAN_POINT('',(18.90625,-35.075,0.));
#13811=CARTESIAN_POINT('Origin',(18.90625,-22.075,0.));
#13812=CARTESIAN_POINT('',(18.90625,-22.075,0.));
#13813=CARTESIAN_POINT('Origin',(18.40625,-22.075,0.));
#13814=CARTESIAN_POINT('',(18.40625,-21.575,0.));
#13815=CARTESIAN_POINT('Origin',(5.40625,-21.575,0.));
#13816=CARTESIAN_POINT('Origin',(26.8375,-22.075,0.));
#13817=CARTESIAN_POINT('',(26.8375,-21.575,0.));
#13818=CARTESIAN_POINT('',(26.3375,-22.075,0.));
#13819=CARTESIAN_POINT('Origin',(26.3375,-35.075,0.));
#13820=CARTESIAN_POINT('',(26.3375,-35.075,0.));
#13821=CARTESIAN_POINT('Origin',(26.8375,-35.075,0.));
#13822=CARTESIAN_POINT('',(26.8375,-35.575,0.));
#13823=CARTESIAN_POINT('Origin',(39.8375,-35.575,0.));
#13824=CARTESIAN_POINT('',(39.8375,-35.575,0.));
#13825=CARTESIAN_POINT('Origin',(39.8375,-35.075,0.));
#13826=CARTESIAN_POINT('',(40.3375,-35.075,0.));
#13827=CARTESIAN_POINT('Origin',(40.3375,-22.075,0.));
#13828=CARTESIAN_POINT('',(40.3375,-22.075,0.));
#13829=CARTESIAN_POINT('Origin',(39.8375,-22.075,0.));
#13830=CARTESIAN_POINT('',(39.8375,-21.575,0.));
#13831=CARTESIAN_POINT('Origin',(26.8375,-21.575,0.));
#13832=CARTESIAN_POINT('Origin',(79.225,-3.025,0.));
#13833=CARTESIAN_POINT('',(79.225,-2.525,0.));
#13834=CARTESIAN_POINT('',(78.725,-3.025,0.));
#13835=CARTESIAN_POINT('Origin',(78.725,-16.025,0.));
#13836=CARTESIAN_POINT('',(78.725,-16.025,0.));
#13837=CARTESIAN_POINT('Origin',(79.225,-16.025,0.));
#13838=CARTESIAN_POINT('',(79.225,-16.525,0.));
#13839=CARTESIAN_POINT('Origin',(92.225,-16.525,0.));
#13840=CARTESIAN_POINT('',(92.225,-16.525,0.));
#13841=CARTESIAN_POINT('Origin',(92.225,-16.025,0.));
#13842=CARTESIAN_POINT('',(92.725,-16.025,0.));
#13843=CARTESIAN_POINT('Origin',(92.725,-3.025,0.));
#13844=CARTESIAN_POINT('',(92.725,-3.025,0.));
#13845=CARTESIAN_POINT('Origin',(92.225,-3.025,0.));
#13846=CARTESIAN_POINT('',(92.225,-2.525,0.));
#13847=CARTESIAN_POINT('Origin',(79.225,-2.525,0.));
#13848=CARTESIAN_POINT('Origin',(168.425,-3.025,0.));
#13849=CARTESIAN_POINT('',(168.925,-3.025,0.));
#13850=CARTESIAN_POINT('',(168.425,-2.52500000000001,0.));
#13851=CARTESIAN_POINT('Origin',(155.425,-2.52499999999999,0.));
#13852=CARTESIAN_POINT('',(155.425,-2.525,0.));
#13853=CARTESIAN_POINT('Origin',(155.425,-3.025,0.));
#13854=CARTESIAN_POINT('',(154.925,-3.025,0.));
#13855=CARTESIAN_POINT('Origin',(154.925,-16.025,0.));
#13856=CARTESIAN_POINT('',(154.925,-16.025,0.));
#13857=CARTESIAN_POINT('Origin',(155.425,-16.025,0.));
#13858=CARTESIAN_POINT('',(155.425,-16.525,0.));
#13859=CARTESIAN_POINT('Origin',(168.425,-16.525,0.));
#13860=CARTESIAN_POINT('',(168.425,-16.525,0.));
#13861=CARTESIAN_POINT('Origin',(168.425,-16.025,0.));
#13862=CARTESIAN_POINT('',(168.925,-16.025,0.));
#13863=CARTESIAN_POINT('Origin',(168.925,-3.025,0.));
#13864=CARTESIAN_POINT('Origin',(117.325,-3.025,0.));
#13865=CARTESIAN_POINT('',(117.325,-2.525,0.));
#13866=CARTESIAN_POINT('',(116.825,-3.025,0.));
#13867=CARTESIAN_POINT('Origin',(116.825,-16.025,0.));
#13868=CARTESIAN_POINT('',(116.825,-16.025,0.));
#13869=CARTESIAN_POINT('Origin',(117.325,-16.025,0.));
#13870=CARTESIAN_POINT('',(117.325,-16.525,0.));
#13871=CARTESIAN_POINT('Origin',(130.325,-16.525,0.));
#13872=CARTESIAN_POINT('',(130.325,-16.525,0.));
#13873=CARTESIAN_POINT('Origin',(130.325,-16.025,0.));
#13874=CARTESIAN_POINT('',(130.825,-16.025,0.));
#13875=CARTESIAN_POINT('Origin',(130.825,-3.025,0.));
#13876=CARTESIAN_POINT('',(130.825,-3.025,0.));
#13877=CARTESIAN_POINT('Origin',(130.325,-3.025,0.));
#13878=CARTESIAN_POINT('',(130.325,-2.52499999999999,0.));
#13879=CARTESIAN_POINT('Origin',(117.325,-2.525,0.));
#13880=CARTESIAN_POINT('Origin',(219.71875,-3.025,0.));
#13881=CARTESIAN_POINT('',(219.71875,-2.525,0.));
#13882=CARTESIAN_POINT('',(219.21875,-3.025,0.));
#13883=CARTESIAN_POINT('Origin',(219.21875,-16.025,0.));
#13884=CARTESIAN_POINT('',(219.21875,-16.025,0.));
#13885=CARTESIAN_POINT('Origin',(219.71875,-16.025,0.));
#13886=CARTESIAN_POINT('',(219.71875,-16.525,0.));
#13887=CARTESIAN_POINT('Origin',(232.71875,-16.525,0.));
#13888=CARTESIAN_POINT('',(232.71875,-16.525,0.));
#13889=CARTESIAN_POINT('Origin',(232.71875,-16.025,0.));
#13890=CARTESIAN_POINT('',(233.21875,-16.025,0.));
#13891=CARTESIAN_POINT('Origin',(233.21875,-3.025,0.));
#13892=CARTESIAN_POINT('',(233.21875,-3.025,0.));
#13893=CARTESIAN_POINT('Origin',(232.71875,-3.025,0.));
#13894=CARTESIAN_POINT('',(232.71875,-2.52499999999999,0.));
#13895=CARTESIAN_POINT('Origin',(219.71875,-2.525,0.));
#13896=CARTESIAN_POINT('Origin',(98.275,-3.025,0.));
#13897=CARTESIAN_POINT('',(98.275,-2.52499999999999,0.));
#13898=CARTESIAN_POINT('',(97.775,-3.025,0.));
#13899=CARTESIAN_POINT('Origin',(97.775,-16.025,0.));
#13900=CARTESIAN_POINT('',(97.775,-16.025,0.));
#13901=CARTESIAN_POINT('Origin',(98.275,-16.025,0.));
#13902=CARTESIAN_POINT('',(98.275,-16.525,0.));
#13903=CARTESIAN_POINT('Origin',(111.275,-16.525,0.));
#13904=CARTESIAN_POINT('',(111.275,-16.525,0.));
#13905=CARTESIAN_POINT('Origin',(111.275,-16.025,0.));
#13906=CARTESIAN_POINT('',(111.775,-16.025,0.));
#13907=CARTESIAN_POINT('Origin',(111.775,-3.025,0.));
#13908=CARTESIAN_POINT('',(111.775,-3.025,0.));
#13909=CARTESIAN_POINT('Origin',(111.275,-3.025,0.));
#13910=CARTESIAN_POINT('',(111.275,-2.52499999999999,0.));
#13911=CARTESIAN_POINT('Origin',(98.275,-2.52499999999999,0.));
#13912=CARTESIAN_POINT('Origin',(59.675,-16.025,0.));
#13913=CARTESIAN_POINT('',(59.675,-3.025,0.));
#13914=CARTESIAN_POINT('',(59.675,-16.025,0.));
#13915=CARTESIAN_POINT('Origin',(60.175,-16.025,0.));
#13916=CARTESIAN_POINT('',(60.175,-16.525,0.));
#13917=CARTESIAN_POINT('Origin',(73.175,-16.525,0.));
#13918=CARTESIAN_POINT('',(73.175,-16.525,0.));
#13919=CARTESIAN_POINT('Origin',(73.175,-16.025,0.));
#13920=CARTESIAN_POINT('',(73.675,-16.025,0.));
#13921=CARTESIAN_POINT('Origin',(73.675,-3.025,0.));
#13922=CARTESIAN_POINT('',(73.675,-3.025,0.));
#13923=CARTESIAN_POINT('Origin',(73.175,-3.025,0.));
#13924=CARTESIAN_POINT('',(73.175,-2.525,0.));
#13925=CARTESIAN_POINT('Origin',(60.175,-2.525,0.));
#13926=CARTESIAN_POINT('',(60.175,-2.525,0.));
#13927=CARTESIAN_POINT('Origin',(60.175,-3.025,0.));
#13928=CARTESIAN_POINT('Origin',(193.525,-3.025,0.));
#13929=CARTESIAN_POINT('',(193.525,-2.525,0.));
#13930=CARTESIAN_POINT('',(193.025,-3.025,0.));
#13931=CARTESIAN_POINT('Origin',(193.025,-16.025,0.));
#13932=CARTESIAN_POINT('',(193.025,-16.025,0.));
#13933=CARTESIAN_POINT('Origin',(193.525,-16.025,0.));
#13934=CARTESIAN_POINT('',(193.525,-16.525,0.));
#13935=CARTESIAN_POINT('Origin',(206.525,-16.525,0.));
#13936=CARTESIAN_POINT('',(206.525,-16.525,0.));
#13937=CARTESIAN_POINT('Origin',(206.525,-16.025,0.));
#13938=CARTESIAN_POINT('',(207.025,-16.025,0.));
#13939=CARTESIAN_POINT('Origin',(207.025,-3.025,0.));
#13940=CARTESIAN_POINT('',(207.025,-3.025,0.));
#13941=CARTESIAN_POINT('Origin',(206.525,-3.025,0.));
#13942=CARTESIAN_POINT('',(206.525,-2.52499999999999,0.));
#13943=CARTESIAN_POINT('Origin',(193.525,-2.52500000000001,0.));
#13944=CARTESIAN_POINT('Origin',(40.625,-16.025,0.));
#13945=CARTESIAN_POINT('',(40.625,-3.025,0.));
#13946=CARTESIAN_POINT('',(40.625,-16.025,0.));
#13947=CARTESIAN_POINT('Origin',(41.125,-16.025,0.));
#13948=CARTESIAN_POINT('',(41.125,-16.525,0.));
#13949=CARTESIAN_POINT('Origin',(54.125,-16.525,0.));
#13950=CARTESIAN_POINT('',(54.125,-16.525,0.));
#13951=CARTESIAN_POINT('Origin',(54.125,-16.025,0.));
#13952=CARTESIAN_POINT('',(54.625,-16.025,0.));
#13953=CARTESIAN_POINT('Origin',(54.625,-3.025,0.));
#13954=CARTESIAN_POINT('',(54.625,-3.025,0.));
#13955=CARTESIAN_POINT('Origin',(54.125,-3.025,0.));
#13956=CARTESIAN_POINT('',(54.125,-2.525,0.));
#13957=CARTESIAN_POINT('Origin',(41.125,-2.525,0.));
#13958=CARTESIAN_POINT('',(41.125,-2.525,0.));
#13959=CARTESIAN_POINT('Origin',(41.125,-3.025,0.));
#13960=CARTESIAN_POINT('Origin',(173.975,-16.025,0.));
#13961=CARTESIAN_POINT('',(173.975,-3.025,0.));
#13962=CARTESIAN_POINT('',(173.975,-16.025,0.));
#13963=CARTESIAN_POINT('Origin',(174.475,-16.025,0.));
#13964=CARTESIAN_POINT('',(174.475,-16.525,0.));
#13965=CARTESIAN_POINT('Origin',(187.475,-16.525,0.));
#13966=CARTESIAN_POINT('',(187.475,-16.525,0.));
#13967=CARTESIAN_POINT('Origin',(187.475,-16.025,0.));
#13968=CARTESIAN_POINT('',(187.975,-16.025,0.));
#13969=CARTESIAN_POINT('Origin',(187.975,-3.025,0.));
#13970=CARTESIAN_POINT('',(187.975,-3.025,0.));
#13971=CARTESIAN_POINT('Origin',(187.475,-3.025,0.));
#13972=CARTESIAN_POINT('',(187.475,-2.52499999999998,0.));
#13973=CARTESIAN_POINT('Origin',(174.475,-2.52499999999999,0.));
#13974=CARTESIAN_POINT('',(174.475,-2.52499999999999,0.));
#13975=CARTESIAN_POINT('Origin',(174.475,-3.025,0.));
#13976=CARTESIAN_POINT('Origin',(16.025,-3.025,0.));
#13977=CARTESIAN_POINT('',(16.525,-3.025,0.));
#13978=CARTESIAN_POINT('',(16.025,-2.525,0.));
#13979=CARTESIAN_POINT('Origin',(3.025,-2.525,0.));
#13980=CARTESIAN_POINT('',(3.025,-2.525,0.));
#13981=CARTESIAN_POINT('Origin',(3.025,-3.025,0.));
#13982=CARTESIAN_POINT('',(2.525,-3.025,0.));
#13983=CARTESIAN_POINT('Origin',(2.525,-16.025,0.));
#13984=CARTESIAN_POINT('',(2.525,-16.025,0.));
#13985=CARTESIAN_POINT('Origin',(3.025,-16.025,0.));
#13986=CARTESIAN_POINT('',(3.025,-16.525,0.));
#13987=CARTESIAN_POINT('Origin',(16.025,-16.525,0.));
#13988=CARTESIAN_POINT('',(16.025,-16.525,0.));
#13989=CARTESIAN_POINT('Origin',(16.025,-16.025,0.));
#13990=CARTESIAN_POINT('',(16.525,-16.025,0.));
#13991=CARTESIAN_POINT('Origin',(16.525,-3.025,0.));
#13992=CARTESIAN_POINT('Origin',(22.075,-3.025,0.));
#13993=CARTESIAN_POINT('',(22.075,-2.525,0.));
#13994=CARTESIAN_POINT('',(21.575,-3.025,0.));
#13995=CARTESIAN_POINT('Origin',(21.575,-16.025,0.));
#13996=CARTESIAN_POINT('',(21.575,-16.025,0.));
#13997=CARTESIAN_POINT('Origin',(22.075,-16.025,0.));
#13998=CARTESIAN_POINT('',(22.075,-16.525,0.));
#13999=CARTESIAN_POINT('Origin',(35.075,-16.525,0.));
#14000=CARTESIAN_POINT('',(35.075,-16.525,0.));
#14001=CARTESIAN_POINT('Origin',(35.075,-16.025,0.));
#14002=CARTESIAN_POINT('',(35.575,-16.025,0.));
#14003=CARTESIAN_POINT('Origin',(35.575,-3.025,0.));
#14004=CARTESIAN_POINT('',(35.575,-3.025,0.));
#14005=CARTESIAN_POINT('Origin',(35.075,-3.025,0.));
#14006=CARTESIAN_POINT('',(35.075,-2.525,0.));
#14007=CARTESIAN_POINT('Origin',(22.075,-2.525,0.));
#14008=CARTESIAN_POINT('Origin',(149.375,-3.025,0.));
#14009=CARTESIAN_POINT('',(149.875,-3.025,0.));
#14010=CARTESIAN_POINT('',(149.375,-2.52499999999999,0.));
#14011=CARTESIAN_POINT('Origin',(136.375,-2.52499999999999,0.));
#14012=CARTESIAN_POINT('',(136.375,-2.525,0.));
#14013=CARTESIAN_POINT('Origin',(136.375,-3.025,0.));
#14014=CARTESIAN_POINT('',(135.875,-3.025,0.));
#14015=CARTESIAN_POINT('Origin',(135.875,-16.025,0.));
#14016=CARTESIAN_POINT('',(135.875,-16.025,0.));
#14017=CARTESIAN_POINT('Origin',(136.375,-16.025,0.));
#14018=CARTESIAN_POINT('',(136.375,-16.525,0.));
#14019=CARTESIAN_POINT('Origin',(149.375,-16.525,0.));
#14020=CARTESIAN_POINT('',(149.375,-16.525,0.));
#14021=CARTESIAN_POINT('Origin',(149.375,-16.025,0.));
#14022=CARTESIAN_POINT('',(149.875,-16.025,0.));
#14023=CARTESIAN_POINT('Origin',(149.875,-3.025,0.));
#14024=CARTESIAN_POINT('Origin',(207.8125,-41.125,0.));
#14025=CARTESIAN_POINT('',(207.8125,-40.625,0.));
#14026=CARTESIAN_POINT('',(207.3125,-41.125,0.));
#14027=CARTESIAN_POINT('Origin',(207.3125,-54.125,0.));
#14028=CARTESIAN_POINT('',(207.3125,-54.125,0.));
#14029=CARTESIAN_POINT('Origin',(207.8125,-54.125,0.));
#14030=CARTESIAN_POINT('',(207.8125,-54.625,0.));
#14031=CARTESIAN_POINT('Origin',(220.8125,-54.625,0.));
#14032=CARTESIAN_POINT('',(220.8125,-54.625,0.));
#14033=CARTESIAN_POINT('Origin',(220.8125,-54.125,0.));
#14034=CARTESIAN_POINT('',(221.3125,-54.125,0.));
#14035=CARTESIAN_POINT('Origin',(221.3125,-41.125,0.));
#14036=CARTESIAN_POINT('',(221.3125,-41.125,0.));
#14037=CARTESIAN_POINT('Origin',(220.8125,-41.125,0.));
#14038=CARTESIAN_POINT('',(220.8125,-40.625,0.));
#14039=CARTESIAN_POINT('Origin',(207.8125,-40.625,0.));
#14040=CARTESIAN_POINT('Origin',(226.8625,-41.125,0.));
#14041=CARTESIAN_POINT('',(226.8625,-40.625,0.));
#14042=CARTESIAN_POINT('',(226.3625,-41.125,0.));
#14043=CARTESIAN_POINT('Origin',(226.3625,-54.125,0.));
#14044=CARTESIAN_POINT('',(226.3625,-54.125,0.));
#14045=CARTESIAN_POINT('Origin',(226.8625,-54.125,0.));
#14046=CARTESIAN_POINT('',(226.8625,-54.625,0.));
#14047=CARTESIAN_POINT('Origin',(239.8625,-54.625,0.));
#14048=CARTESIAN_POINT('',(239.8625,-54.625,0.));
#14049=CARTESIAN_POINT('Origin',(239.8625,-54.125,0.));
#14050=CARTESIAN_POINT('',(240.3625,-54.125,0.));
#14051=CARTESIAN_POINT('Origin',(240.3625,-41.125,0.));
#14052=CARTESIAN_POINT('',(240.3625,-41.125,0.));
#14053=CARTESIAN_POINT('Origin',(239.8625,-41.125,0.));
#14054=CARTESIAN_POINT('',(239.8625,-40.625,0.));
#14055=CARTESIAN_POINT('Origin',(226.8625,-40.625,0.));
#14056=CARTESIAN_POINT('Origin',(150.6625,-41.125,0.));
#14057=CARTESIAN_POINT('',(150.6625,-40.625,0.));
#14058=CARTESIAN_POINT('',(150.1625,-41.125,0.));
#14059=CARTESIAN_POINT('Origin',(150.1625,-54.125,0.));
#14060=CARTESIAN_POINT('',(150.1625,-54.125,0.));
#14061=CARTESIAN_POINT('Origin',(150.6625,-54.125,0.));
#14062=CARTESIAN_POINT('',(150.6625,-54.625,0.));
#14063=CARTESIAN_POINT('Origin',(163.6625,-54.625,0.));
#14064=CARTESIAN_POINT('',(163.6625,-54.625,0.));
#14065=CARTESIAN_POINT('Origin',(163.6625,-54.125,0.));
#14066=CARTESIAN_POINT('',(164.1625,-54.125,0.));
#14067=CARTESIAN_POINT('Origin',(164.1625,-41.125,0.));
#14068=CARTESIAN_POINT('',(164.1625,-41.125,0.));
#14069=CARTESIAN_POINT('Origin',(163.6625,-41.125,0.));
#14070=CARTESIAN_POINT('',(163.6625,-40.625,0.));
#14071=CARTESIAN_POINT('Origin',(150.6625,-40.625,0.));
#14072=CARTESIAN_POINT('Origin',(68.4125,-41.125,0.));
#14073=CARTESIAN_POINT('',(68.9125,-41.125,0.));
#14074=CARTESIAN_POINT('',(68.4125,-40.625,0.));
#14075=CARTESIAN_POINT('Origin',(55.4125,-40.625,0.));
#14076=CARTESIAN_POINT('',(55.4125,-40.625,0.));
#14077=CARTESIAN_POINT('Origin',(55.4125,-41.125,0.));
#14078=CARTESIAN_POINT('',(54.9125,-41.125,0.));
#14079=CARTESIAN_POINT('Origin',(54.9125,-54.125,0.));
#14080=CARTESIAN_POINT('',(54.9125,-54.125,0.));
#14081=CARTESIAN_POINT('Origin',(55.4125,-54.125,0.));
#14082=CARTESIAN_POINT('',(55.4125,-54.625,0.));
#14083=CARTESIAN_POINT('Origin',(68.4125,-54.625,0.));
#14084=CARTESIAN_POINT('',(68.4125,-54.625,0.));
#14085=CARTESIAN_POINT('Origin',(68.4125,-54.125,0.));
#14086=CARTESIAN_POINT('',(68.9125,-54.125,0.));
#14087=CARTESIAN_POINT('Origin',(68.9125,-41.125,0.));
#14088=CARTESIAN_POINT('Origin',(169.7125,-41.125,0.));
#14089=CARTESIAN_POINT('',(169.7125,-40.625,0.));
#14090=CARTESIAN_POINT('',(169.2125,-41.125,0.));
#14091=CARTESIAN_POINT('Origin',(169.2125,-54.125,0.));
#14092=CARTESIAN_POINT('',(169.2125,-54.125,0.));
#14093=CARTESIAN_POINT('Origin',(169.7125,-54.125,0.));
#14094=CARTESIAN_POINT('',(169.7125,-54.625,0.));
#14095=CARTESIAN_POINT('Origin',(182.7125,-54.625,0.));
#14096=CARTESIAN_POINT('',(182.7125,-54.625,0.));
#14097=CARTESIAN_POINT('Origin',(182.7125,-54.125,0.));
#14098=CARTESIAN_POINT('',(183.2125,-54.125,0.));
#14099=CARTESIAN_POINT('Origin',(183.2125,-41.125,0.));
#14100=CARTESIAN_POINT('',(183.2125,-41.125,0.));
#14101=CARTESIAN_POINT('Origin',(182.7125,-41.125,0.));
#14102=CARTESIAN_POINT('',(182.7125,-40.625,0.));
#14103=CARTESIAN_POINT('Origin',(169.7125,-40.625,0.));
#14104=CARTESIAN_POINT('Origin',(112.5625,-41.125,0.));
#14105=CARTESIAN_POINT('',(112.5625,-40.625,0.));
#14106=CARTESIAN_POINT('',(112.0625,-41.125,0.));
#14107=CARTESIAN_POINT('Origin',(112.0625,-54.125,0.));
#14108=CARTESIAN_POINT('',(112.0625,-54.125,0.));
#14109=CARTESIAN_POINT('Origin',(112.5625,-54.125,0.));
#14110=CARTESIAN_POINT('',(112.5625,-54.625,0.));
#14111=CARTESIAN_POINT('Origin',(125.5625,-54.625,0.));
#14112=CARTESIAN_POINT('',(125.5625,-54.625,0.));
#14113=CARTESIAN_POINT('Origin',(125.5625,-54.125,0.));
#14114=CARTESIAN_POINT('',(126.0625,-54.125,0.));
#14115=CARTESIAN_POINT('Origin',(126.0625,-41.125,0.));
#14116=CARTESIAN_POINT('',(126.0625,-41.125,0.));
#14117=CARTESIAN_POINT('Origin',(125.5625,-41.125,0.));
#14118=CARTESIAN_POINT('',(125.5625,-40.625,0.));
#14119=CARTESIAN_POINT('Origin',(112.5625,-40.625,0.));
#14120=CARTESIAN_POINT('Origin',(93.5125,-41.125,0.));
#14121=CARTESIAN_POINT('',(93.5125,-40.625,0.));
#14122=CARTESIAN_POINT('',(93.0125,-41.125,0.));
#14123=CARTESIAN_POINT('Origin',(93.0125,-54.125,0.));
#14124=CARTESIAN_POINT('',(93.0125,-54.125,0.));
#14125=CARTESIAN_POINT('Origin',(93.5125,-54.125,0.));
#14126=CARTESIAN_POINT('',(93.5125,-54.625,0.));
#14127=CARTESIAN_POINT('Origin',(106.5125,-54.625,0.));
#14128=CARTESIAN_POINT('',(106.5125,-54.625,0.));
#14129=CARTESIAN_POINT('Origin',(106.5125,-54.125,0.));
#14130=CARTESIAN_POINT('',(107.0125,-54.125,0.));
#14131=CARTESIAN_POINT('Origin',(107.0125,-41.125,0.));
#14132=CARTESIAN_POINT('',(107.0125,-41.125,0.));
#14133=CARTESIAN_POINT('Origin',(106.5125,-41.125,0.));
#14134=CARTESIAN_POINT('',(106.5125,-40.625,0.));
#14135=CARTESIAN_POINT('Origin',(93.5125,-40.625,0.));
#14136=CARTESIAN_POINT('Origin',(235.1,-22.075,0.));
#14137=CARTESIAN_POINT('',(235.6,-22.075,0.));
#14138=CARTESIAN_POINT('',(235.1,-21.575,0.));
#14139=CARTESIAN_POINT('Origin',(222.1,-21.575,0.));
#14140=CARTESIAN_POINT('',(222.1,-21.575,0.));
#14141=CARTESIAN_POINT('Origin',(222.1,-22.075,0.));
#14142=CARTESIAN_POINT('',(221.6,-22.075,0.));
#14143=CARTESIAN_POINT('Origin',(221.6,-35.075,0.));
#14144=CARTESIAN_POINT('',(221.6,-35.075,0.));
#14145=CARTESIAN_POINT('Origin',(222.1,-35.075,0.));
#14146=CARTESIAN_POINT('',(222.1,-35.575,0.));
#14147=CARTESIAN_POINT('Origin',(235.1,-35.575,0.));
#14148=CARTESIAN_POINT('',(235.1,-35.575,0.));
#14149=CARTESIAN_POINT('Origin',(235.1,-35.075,0.));
#14150=CARTESIAN_POINT('',(235.6,-35.075,0.));
#14151=CARTESIAN_POINT('Origin',(235.6,-22.075,0.));
#14152=CARTESIAN_POINT('Origin',(131.6125,-41.125,0.));
#14153=CARTESIAN_POINT('',(131.6125,-40.625,0.));
#14154=CARTESIAN_POINT('',(131.1125,-41.125,0.));
#14155=CARTESIAN_POINT('Origin',(131.1125,-54.125,0.));
#14156=CARTESIAN_POINT('',(131.1125,-54.125,0.));
#14157=CARTESIAN_POINT('Origin',(131.6125,-54.125,0.));
#14158=CARTESIAN_POINT('',(131.6125,-54.625,0.));
#14159=CARTESIAN_POINT('Origin',(144.6125,-54.625,0.));
#14160=CARTESIAN_POINT('',(144.6125,-54.625,0.));
#14161=CARTESIAN_POINT('Origin',(144.6125,-54.125,0.));
#14162=CARTESIAN_POINT('',(145.1125,-54.125,0.));
#14163=CARTESIAN_POINT('Origin',(145.1125,-41.125,0.));
#14164=CARTESIAN_POINT('',(145.1125,-41.125,0.));
#14165=CARTESIAN_POINT('Origin',(144.6125,-41.125,0.));
#14166=CARTESIAN_POINT('',(144.6125,-40.625,0.));
#14167=CARTESIAN_POINT('Origin',(131.6125,-40.625,0.));
#14168=CARTESIAN_POINT('Origin',(10.16875,-41.125,0.));
#14169=CARTESIAN_POINT('',(10.16875,-40.625,0.));
#14170=CARTESIAN_POINT('',(9.66875,-41.125,0.));
#14171=CARTESIAN_POINT('Origin',(9.66875,-54.125,0.));
#14172=CARTESIAN_POINT('',(9.66875,-54.125,0.));
#14173=CARTESIAN_POINT('Origin',(10.16875,-54.125,0.));
#14174=CARTESIAN_POINT('',(10.16875,-54.625,0.));
#14175=CARTESIAN_POINT('Origin',(23.16875,-54.625,0.));
#14176=CARTESIAN_POINT('',(23.16875,-54.625,0.));
#14177=CARTESIAN_POINT('Origin',(23.16875,-54.125,0.));
#14178=CARTESIAN_POINT('',(23.66875,-54.125,0.));
#14179=CARTESIAN_POINT('Origin',(23.66875,-41.125,0.));
#14180=CARTESIAN_POINT('',(23.66875,-41.125,0.));
#14181=CARTESIAN_POINT('Origin',(23.16875,-41.125,0.));
#14182=CARTESIAN_POINT('',(23.16875,-40.625,0.));
#14183=CARTESIAN_POINT('Origin',(10.16875,-40.625,0.));
#14184=CARTESIAN_POINT('Origin',(74.4625,-41.125,0.));
#14185=CARTESIAN_POINT('',(74.4625,-40.625,0.));
#14186=CARTESIAN_POINT('',(73.9625,-41.125,0.));
#14187=CARTESIAN_POINT('Origin',(73.9625,-54.125,0.));
#14188=CARTESIAN_POINT('',(73.9625,-54.125,0.));
#14189=CARTESIAN_POINT('Origin',(74.4625,-54.125,0.));
#14190=CARTESIAN_POINT('',(74.4625,-54.625,0.));
#14191=CARTESIAN_POINT('Origin',(87.4625,-54.625,0.));
#14192=CARTESIAN_POINT('',(87.4625,-54.625,0.));
#14193=CARTESIAN_POINT('Origin',(87.4625,-54.125,0.));
#14194=CARTESIAN_POINT('',(87.9625,-54.125,0.));
#14195=CARTESIAN_POINT('Origin',(87.9625,-41.125,0.));
#14196=CARTESIAN_POINT('',(87.9625,-41.125,0.));
#14197=CARTESIAN_POINT('Origin',(87.4625,-41.125,0.));
#14198=CARTESIAN_POINT('',(87.4625,-40.625,0.));
#14199=CARTESIAN_POINT('Origin',(74.4625,-40.625,0.));
#14200=CARTESIAN_POINT('Origin',(49.3625,-54.125,0.));
#14201=CARTESIAN_POINT('',(49.3625,-54.625,0.));
#14202=CARTESIAN_POINT('',(49.8625,-54.125,0.));
#14203=CARTESIAN_POINT('Origin',(49.8625,-41.125,0.));
#14204=CARTESIAN_POINT('',(49.8625,-41.125,0.));
#14205=CARTESIAN_POINT('Origin',(49.3625,-41.125,0.));
#14206=CARTESIAN_POINT('',(49.3625,-40.625,0.));
#14207=CARTESIAN_POINT('Origin',(36.3625,-40.625,0.));
#14208=CARTESIAN_POINT('',(36.3625,-40.625,0.));
#14209=CARTESIAN_POINT('Origin',(36.3625,-41.125,0.));
#14210=CARTESIAN_POINT('',(35.8625,-41.125,0.));
#14211=CARTESIAN_POINT('Origin',(35.8625,-54.125,0.));
#14212=CARTESIAN_POINT('',(35.8625,-54.125,0.));
#14213=CARTESIAN_POINT('Origin',(36.3625,-54.125,0.));
#14214=CARTESIAN_POINT('',(36.3625,-54.625,0.));
#14215=CARTESIAN_POINT('Origin',(49.3625,-54.625,0.));
#14216=CARTESIAN_POINT('Origin',(188.7625,-41.125,0.));
#14217=CARTESIAN_POINT('',(188.7625,-40.625,0.));
#14218=CARTESIAN_POINT('',(188.2625,-41.125,0.));
#14219=CARTESIAN_POINT('Origin',(188.2625,-54.125,0.));
#14220=CARTESIAN_POINT('',(188.2625,-54.125,0.));
#14221=CARTESIAN_POINT('Origin',(188.7625,-54.125,0.));
#14222=CARTESIAN_POINT('',(188.7625,-54.625,0.));
#14223=CARTESIAN_POINT('Origin',(201.7625,-54.625,0.));
#14224=CARTESIAN_POINT('',(201.7625,-54.625,0.));
#14225=CARTESIAN_POINT('Origin',(201.7625,-54.125,0.));
#14226=CARTESIAN_POINT('',(202.2625,-54.125,0.));
#14227=CARTESIAN_POINT('Origin',(202.2625,-41.125,0.));
#14228=CARTESIAN_POINT('',(202.2625,-41.125,0.));
#14229=CARTESIAN_POINT('Origin',(201.7625,-41.125,0.));
#14230=CARTESIAN_POINT('',(201.7625,-40.625,0.));
#14231=CARTESIAN_POINT('Origin',(188.7625,-40.625,0.));
#14232=CARTESIAN_POINT('Origin',(192.2375,-35.075,0.));
#14233=CARTESIAN_POINT('',(192.2375,-35.575,0.));
#14234=CARTESIAN_POINT('',(192.7375,-35.075,0.));
#14235=CARTESIAN_POINT('Origin',(192.7375,-22.075,0.));
#14236=CARTESIAN_POINT('',(192.7375,-22.075,0.));
#14237=CARTESIAN_POINT('Origin',(192.2375,-22.075,0.));
#14238=CARTESIAN_POINT('',(192.2375,-21.575,0.));
#14239=CARTESIAN_POINT('Origin',(179.2375,-21.575,0.));
#14240=CARTESIAN_POINT('',(179.2375,-21.575,0.));
#14241=CARTESIAN_POINT('Origin',(179.2375,-22.075,0.));
#14242=CARTESIAN_POINT('',(178.7375,-22.075,0.));
#14243=CARTESIAN_POINT('Origin',(178.7375,-35.075,0.));
#14244=CARTESIAN_POINT('',(178.7375,-35.075,0.));
#14245=CARTESIAN_POINT('Origin',(179.2375,-35.075,0.));
#14246=CARTESIAN_POINT('',(179.2375,-35.575,0.));
#14247=CARTESIAN_POINT('Origin',(192.2375,-35.575,0.));
#14248=CARTESIAN_POINT('Origin',(211.2875,-22.075,0.));
#14249=CARTESIAN_POINT('',(211.7875,-22.075,0.));
#14250=CARTESIAN_POINT('',(211.2875,-21.575,0.));
#14251=CARTESIAN_POINT('Origin',(198.2875,-21.575,0.));
#14252=CARTESIAN_POINT('',(198.2875,-21.575,0.));
#14253=CARTESIAN_POINT('Origin',(198.2875,-22.075,0.));
#14254=CARTESIAN_POINT('',(197.7875,-22.075,0.));
#14255=CARTESIAN_POINT('Origin',(197.7875,-35.075,0.));
#14256=CARTESIAN_POINT('',(197.7875,-35.075,0.));
#14257=CARTESIAN_POINT('Origin',(198.2875,-35.075,0.));
#14258=CARTESIAN_POINT('',(198.2875,-35.575,0.));
#14259=CARTESIAN_POINT('Origin',(211.2875,-35.575,0.));
#14260=CARTESIAN_POINT('',(211.2875,-35.575,0.));
#14261=CARTESIAN_POINT('Origin',(211.2875,-35.075,0.));
#14262=CARTESIAN_POINT('',(211.7875,-35.075,0.));
#14263=CARTESIAN_POINT('Origin',(211.7875,-22.075,0.));
#14264=CARTESIAN_POINT('Origin',(173.6875,-22.075,0.));
#14265=CARTESIAN_POINT('',(173.6875,-35.075,0.));
#14266=CARTESIAN_POINT('',(173.6875,-22.075,0.));
#14267=CARTESIAN_POINT('Origin',(173.1875,-22.075,0.));
#14268=CARTESIAN_POINT('',(173.1875,-21.575,0.));
#14269=CARTESIAN_POINT('Origin',(160.1875,-21.575,0.));
#14270=CARTESIAN_POINT('',(160.1875,-21.575,0.));
#14271=CARTESIAN_POINT('Origin',(160.1875,-22.075,0.));
#14272=CARTESIAN_POINT('',(159.6875,-22.075,0.));
#14273=CARTESIAN_POINT('Origin',(159.6875,-35.075,0.));
#14274=CARTESIAN_POINT('',(159.6875,-35.075,0.));
#14275=CARTESIAN_POINT('Origin',(160.1875,-35.075,0.));
#14276=CARTESIAN_POINT('',(160.1875,-35.575,0.));
#14277=CARTESIAN_POINT('Origin',(173.1875,-35.575,0.));
#14278=CARTESIAN_POINT('',(173.1875,-35.575,0.));
#14279=CARTESIAN_POINT('Origin',(173.1875,-35.075,0.));
#14280=CARTESIAN_POINT('Origin',(154.1375,-35.575,0.));
#14281=CARTESIAN_POINT('',(141.1375,-35.575,0.));
#14282=CARTESIAN_POINT('',(154.1375,-35.575,0.));
#14283=CARTESIAN_POINT('Origin',(154.1375,-35.075,0.));
#14284=CARTESIAN_POINT('',(154.6375,-35.075,0.));
#14285=CARTESIAN_POINT('Origin',(154.6375,-22.075,0.));
#14286=CARTESIAN_POINT('',(154.6375,-22.075,0.));
#14287=CARTESIAN_POINT('Origin',(154.1375,-22.075,0.));
#14288=CARTESIAN_POINT('',(154.1375,-21.575,0.));
#14289=CARTESIAN_POINT('Origin',(141.1375,-21.575,0.));
#14290=CARTESIAN_POINT('',(141.1375,-21.575,0.));
#14291=CARTESIAN_POINT('Origin',(141.1375,-22.075,0.));
#14292=CARTESIAN_POINT('',(140.6375,-22.075,0.));
#14293=CARTESIAN_POINT('Origin',(140.6375,-35.075,0.));
#14294=CARTESIAN_POINT('',(140.6375,-35.075,0.));
#14295=CARTESIAN_POINT('Origin',(141.1375,-35.075,0.));
#14296=CARTESIAN_POINT('Origin',(135.5875,-22.075,0.));
#14297=CARTESIAN_POINT('',(135.5875,-35.075,0.));
#14298=CARTESIAN_POINT('',(135.5875,-22.075,0.));
#14299=CARTESIAN_POINT('Origin',(135.0875,-22.075,0.));
#14300=CARTESIAN_POINT('',(135.0875,-21.575,0.));
#14301=CARTESIAN_POINT('Origin',(122.0875,-21.575,0.));
#14302=CARTESIAN_POINT('',(122.0875,-21.575,0.));
#14303=CARTESIAN_POINT('Origin',(122.0875,-22.075,0.));
#14304=CARTESIAN_POINT('',(121.5875,-22.075,0.));
#14305=CARTESIAN_POINT('Origin',(121.5875,-35.075,0.));
#14306=CARTESIAN_POINT('',(121.5875,-35.075,0.));
#14307=CARTESIAN_POINT('Origin',(122.0875,-35.075,0.));
#14308=CARTESIAN_POINT('',(122.0875,-35.575,0.));
#14309=CARTESIAN_POINT('Origin',(135.0875,-35.575,0.));
#14310=CARTESIAN_POINT('',(135.0875,-35.575,0.));
#14311=CARTESIAN_POINT('Origin',(135.0875,-35.075,0.));
#14312=CARTESIAN_POINT('Origin',(103.0375,-21.575,0.));
#14313=CARTESIAN_POINT('',(116.0375,-21.575,0.));
#14314=CARTESIAN_POINT('',(103.0375,-21.575,0.));
#14315=CARTESIAN_POINT('Origin',(103.0375,-22.075,0.));
#14316=CARTESIAN_POINT('',(102.5375,-22.075,0.));
#14317=CARTESIAN_POINT('Origin',(102.5375,-35.075,0.));
#14318=CARTESIAN_POINT('',(102.5375,-35.075,0.));
#14319=CARTESIAN_POINT('Origin',(103.0375,-35.075,0.));
#14320=CARTESIAN_POINT('',(103.0375,-35.575,0.));
#14321=CARTESIAN_POINT('Origin',(116.0375,-35.575,0.));
#14322=CARTESIAN_POINT('',(116.0375,-35.575,0.));
#14323=CARTESIAN_POINT('Origin',(116.0375,-35.075,0.));
#14324=CARTESIAN_POINT('',(116.5375,-35.075,0.));
#14325=CARTESIAN_POINT('Origin',(116.5375,-22.075,0.));
#14326=CARTESIAN_POINT('',(116.5375,-22.075,0.));
#14327=CARTESIAN_POINT('Origin',(116.0375,-22.075,0.));
#14328=CARTESIAN_POINT('Origin',(77.9375,-22.075,0.));
#14329=CARTESIAN_POINT('',(78.4375,-22.075,0.));
#14330=CARTESIAN_POINT('',(77.9375,-21.575,0.));
#14331=CARTESIAN_POINT('Origin',(64.9375,-21.575,0.));
#14332=CARTESIAN_POINT('',(64.9375,-21.575,0.));
#14333=CARTESIAN_POINT('Origin',(64.9375,-22.075,0.));
#14334=CARTESIAN_POINT('',(64.4375,-22.075,0.));
#14335=CARTESIAN_POINT('Origin',(64.4375,-35.075,0.));
#14336=CARTESIAN_POINT('',(64.4375,-35.075,0.));
#14337=CARTESIAN_POINT('Origin',(64.9375,-35.075,0.));
#14338=CARTESIAN_POINT('',(64.9375,-35.575,0.));
#14339=CARTESIAN_POINT('Origin',(77.9375,-35.575,0.));
#14340=CARTESIAN_POINT('',(77.9375,-35.575,0.));
#14341=CARTESIAN_POINT('Origin',(77.9375,-35.075,0.));
#14342=CARTESIAN_POINT('',(78.4375,-35.075,0.));
#14343=CARTESIAN_POINT('Origin',(78.4375,-22.075,0.));
#14344=CARTESIAN_POINT('Origin',(83.9875,-22.075,0.));
#14345=CARTESIAN_POINT('',(83.9875,-21.575,0.));
#14346=CARTESIAN_POINT('',(83.4875,-22.075,0.));
#14347=CARTESIAN_POINT('Origin',(83.4875,-35.075,0.));
#14348=CARTESIAN_POINT('',(83.4875,-35.075,0.));
#14349=CARTESIAN_POINT('Origin',(83.9875,-35.075,0.));
#14350=CARTESIAN_POINT('',(83.9875,-35.575,0.));
#14351=CARTESIAN_POINT('Origin',(96.9875,-35.575,0.));
#14352=CARTESIAN_POINT('',(96.9875,-35.575,0.));
#14353=CARTESIAN_POINT('Origin',(96.9875,-35.075,0.));
#14354=CARTESIAN_POINT('',(97.4875,-35.075,0.));
#14355=CARTESIAN_POINT('Origin',(97.4875,-22.075,0.));
#14356=CARTESIAN_POINT('',(97.4875,-22.075,0.));
#14357=CARTESIAN_POINT('Origin',(96.9875,-22.075,0.));
#14358=CARTESIAN_POINT('',(96.9875,-21.575,0.));
#14359=CARTESIAN_POINT('Origin',(83.9875,-21.575,0.));
#14360=CARTESIAN_POINT('Origin',(45.8875,-22.075,0.));
#14361=CARTESIAN_POINT('',(45.8875,-21.575,0.));
#14362=CARTESIAN_POINT('',(45.3875,-22.075,0.));
#14363=CARTESIAN_POINT('Origin',(45.3875,-35.075,0.));
#14364=CARTESIAN_POINT('',(45.3875,-35.075,0.));
#14365=CARTESIAN_POINT('Origin',(45.8875,-35.075,0.));
#14366=CARTESIAN_POINT('',(45.8875,-35.575,0.));
#14367=CARTESIAN_POINT('Origin',(58.8875,-35.575,0.));
#14368=CARTESIAN_POINT('',(58.8875,-35.575,0.));
#14369=CARTESIAN_POINT('Origin',(58.8875,-35.075,0.));
#14370=CARTESIAN_POINT('',(59.3875,-35.075,0.));
#14371=CARTESIAN_POINT('Origin',(59.3875,-22.075,0.));
#14372=CARTESIAN_POINT('',(59.3875,-22.075,0.));
#14373=CARTESIAN_POINT('Origin',(58.8875,-22.075,0.));
#14374=CARTESIAN_POINT('',(58.8875,-21.575,0.));
#14375=CARTESIAN_POINT('Origin',(45.8875,-21.575,0.));
#14376=UNCERTAINTY_MEASURE_WITH_UNIT(LENGTH_MEASURE(0.01),#14380,
'DISTANCE_ACCURACY_VALUE',
'Maximum model space distance between geometric entities at asserted c
onnectivities');
#14377=UNCERTAINTY_MEASURE_WITH_UNIT(LENGTH_MEASURE(0.01),#14380,
'DISTANCE_ACCURACY_VALUE',
'Maximum model space distance between geometric entities at asserted c
onnectivities');
#14378=(
GEOMETRIC_REPRESENTATION_CONTEXT(3)
GLOBAL_UNCERTAINTY_ASSIGNED_CONTEXT((#14376))
GLOBAL_UNIT_ASSIGNED_CONTEXT((#14380,#14382,#14383))
REPRESENTATION_CONTEXT('','3D')
);
#14379=(
GEOMETRIC_REPRESENTATION_CONTEXT(3)
GLOBAL_UNCERTAINTY_ASSIGNED_CONTEXT((#14377))
GLOBAL_UNIT_ASSIGNED_CONTEXT((#14380,#14382,#14383))
REPRESENTATION_CONTEXT('','3D')
);
#14380=(
LENGTH_UNIT()
NAMED_UNIT(*)
SI_UNIT(.MILLI.,.METRE.)
);
#14381=(
LENGTH_UNIT()
NAMED_UNIT(*)
SI_UNIT($,.METRE.)
);
#14382=(
NAMED_UNIT(*)
PLANE_ANGLE_UNIT()
SI_UNIT($,.RADIAN.)
);
#14383=(
NAMED_UNIT(*)
SI_UNIT($,.STERADIAN.)
SOLID_ANGLE_UNIT()
);
#14384=SHAPE_DEFINITION_REPRESENTATION(#14385,#14386);
#14385=PRODUCT_DEFINITION_SHAPE('',$,#14388);
#14386=SHAPE_REPRESENTATION('',(#8556),#14378);
#14387=PRODUCT_DEFINITION_CONTEXT('part definition',#14392,'design');
#14388=PRODUCT_DEFINITION(
'Campsite - Split Spacebar Plate (1mm offset)',
'Campsite - Split Spacebar Plate (1mm offset) v1',#14389,#14387);
#14389=PRODUCT_DEFINITION_FORMATION('',$,#14394);
#14390=PRODUCT_RELATED_PRODUCT_CATEGORY(
'Campsite - Split Spacebar Plate (1mm offset) v1',
'Campsite - Split Spacebar Plate (1mm offset) v1',(#14394));
#14391=APPLICATION_PROTOCOL_DEFINITION('international standard',
'automotive_design',2009,#14392);
#14392=APPLICATION_CONTEXT(
'Core Data for Automotive Mechanical Design Process');
#14393=PRODUCT_CONTEXT('part definition',#14392,'mechanical');
#14394=PRODUCT('Campsite - Split Spacebar Plate (1mm offset)',
'Campsite - Split Spacebar Plate (1mm offset) v1',$,(#14393));
#14395=PRESENTATION_STYLE_ASSIGNMENT((#14397));
#14396=PRESENTATION_STYLE_ASSIGNMENT((#14398));
#14397=SURFACE_STYLE_USAGE(.BOTH.,#14399);
#14398=SURFACE_STYLE_USAGE(.BOTH.,#14400);
#14399=SURFACE_SIDE_STYLE('',(#14401));
#14400=SURFACE_SIDE_STYLE('',(#14402));
#14401=SURFACE_STYLE_FILL_AREA(#14403);
#14402=SURFACE_STYLE_FILL_AREA(#14404);
#14403=FILL_AREA_STYLE('Steel - Satin',(#14405));
#14404=FILL_AREA_STYLE('Brass - Matte',(#14406));
#14405=FILL_AREA_STYLE_COLOUR('Steel - Satin',#14407);
#14406=FILL_AREA_STYLE_COLOUR('Brass - Matte',#14408);
#14407=COLOUR_RGB('Steel - Satin',0.627450980392157,0.627450980392157,0.627450980392157);
#14408=COLOUR_RGB('Brass - Matte',0.952941176470588,0.796078431372549,0.486274509803922);
ENDSEC;
END-ISO-10303-21;
